t,S,R,gain,norm
0,0.9914859055905577,0.008514094409442232,1.0,10.00000000000005
1,0.9553770401411993,0.04462295985880075,1.0,10.342362720493593
2,0.9034710923123574,0.0965289076876425,1.0,10.631441548077458
3,0.851073254906378,0.14892674509362208,1.0,10.926879815348506
4,0.8054282181347933,0.1945717818652067,1.0,11.234841159214676
5,0.7583060442310365,0.24169395576896352,1.0,11.485150407075594
6,0.7180707960863777,0.28192920391362236,1.0,11.72731991454261
7,0.6778473888226667,0.3221526111773333,1.0,11.955579325300818
8,0.6358114609567278,0.36418853904327214,1.0,12.146222054399425
9,0.5963231323038429,0.40367686769615707,1.0,12.401734774282367
10,0.5553190757804103,0.44468092421958977,1.0,12.558794061975126
11,0.5221237758841544,0.4778762241158457,1.0,12.755009284786812
12,0.4940891127627707,0.5059108872372293,1.0,12.897817731425954
13,0.46577371834660364,0.5342262816533964,1.0,13.092448949225123
14,0.4372964193457006,0.5627035806542994,1.0,13.273561176105645
15,0.4152495350297435,0.5847504649702565,1.0,13.486147667334713
16,0.3938006461787361,0.6061993538212639,1.0,13.659457024774264
17,0.37014682673396526,0.6298531732660347,1.0,13.87947777814248
18,0.3473086586138895,0.6526913413861105,1.0,14.085412914548884
19,0.3306032463211579,0.6693967536788421,1.0,14.268926966861244
20,0.3145207149424679,0.6854792850575321,1.0,14.484400011930733
21,0.29804346795197423,0.7019565320480258,1.0,14.664138218193207
22,0.2846850187562274,0.7153149812437726,1.0,14.824732930233324
23,0.2721005393784147,0.7278994606215853,1.0,15.027681329864675
24,0.26027664588353927,0.7397233541164607,1.0,15.224120719788019
25,0.24747127899295018,0.7525287210070498,1.0,15.413922335467692
26,0.23566271285305085,0.7643372871469492,1.0,15.598493664036267
27,0.22523142826603493,0.7747685717339651,1.0,15.758222551659415
28,0.2147418909785188,0.7852581090214812,1.0,15.98962979525568
29,0.2052564661639129,0.7947435338360871,1.0,16.146913263572785
30,0.19630791569883888,0.8036920843011611,1.0,16.334931987258962
31,0.1877769120673891,0.8122230879326109,1.0,16.50909459023425
32,0.18260480311899907,0.8173951968810009,1.0,16.708503631598184
33,0.1767436575430913,0.8232563424569087,1.0,16.872027923078278
34,0.17194111037319804,0.828058889626802,1.0,17.029264116239407
35,0.1661263905453505,0.8338736094546495,1.0,17.199425676719486
36,0.158604206301869,0.841395793698131,1.0,17.382883268421633
37,0.1518932965828257,0.8481067034171743,1.0,17.489581657115572
38,0.14830592355440608,0.8516940764455939,1.0,17.634529831698156
39,0.14270471788200012,0.8572952821179999,1.0,17.828702392916007
40,0.1401005245803537,0.8598994754196463,1.0,17.983259229113706
41,0.13568249291207257,0.8643175070879274,1.0,18.185673842720753
42,0.13161692658696877,0.8683830734130312,1.0,18.369105636139075
43,0.128655992534623,0.871344007465377,1.0,18.509885276491193
44,0.1256471432049473,0.8743528567950527,1.0,18.615191762244702
45,0.12100415384873509,0.8789958461512649,1.0,18.71127036733201
46,0.11823014502534968,0.8817698549746503,1.0,18.85316436502634
47,0.11374212572661857,0.8862578742733814,1.0,19.04000222787204
48,0.11096715389168321,0.8890328461083168,1.0,19.203364090199948
49,0.10920029367852857,0.8907997063214714,1.0,19.356147890087907
50,0.10768687295027879,0.8923131270497212,1.0,19.538587241617197
51,0.10454678936061601,0.895453210639384,1.0,19.747276437026237
52,0.10263959611671347,0.8973604038832865,1.0,19.90304260611655
53,0.10119082388610989,0.8988091761138901,1.0,19.999999999998998
54,0.09951117720267555,0.9004888227973245,1.0,19.999999999999
55,0.0977737228001585,0.9022262771998415,1.0,19.999999999999
56,0.09627274270186581,0.9037272572981342,1.0,19.999999999999
57,0.09501813018945615,0.9049818698105438,1.0,19.999999999999005
58,0.09264847989663738,0.9073515201033626,1.0,19.999999999998998
59,0.09301641976759256,0.9069835802324074,1.0,19.999999999999
60,0.09127912289515283,0.9087208771048472,1.0,19.999999999999
61,0.08939723421423273,0.9106027657857673,1.0,19.999999999999
62,0.08761202121081668,0.9123879787891833,1.0,19.999999999999
63,0.08688740036658893,0.9131125996334111,1.0,19.999999999999005
64,0.0866186858629866,0.9133813141370134,1.0,19.999999999999
65,0.08589342899980124,0.9141065710001988,1.0,19.999999999998998
66,0.08607663523351095,0.913923364766489,1.0,19.999999999999
67,0.08482059452181656,0.9151794054781834,1.0,19.999999999999
68,0.08454240503627419,0.9154575949637258,1.0,19.999999999999005
69,0.08513216348663477,0.9148678365133652,1.0,19.999999999999
70,0.08412669534278405,0.915873304657216,1.0,19.999999999999
71,0.08412383319189087,0.9158761668081091,1.0,19.999999999999
72,0.08419338567984125,0.9158066143201588,1.0,19.999999999998998
73,0.08332823171059778,0.9166717682894022,1.0,19.999999999999005
74,0.08309598078546299,0.916904019214537,1.0,19.999999999999005
75,0.08427251393363233,0.9157274860663677,1.0,19.999999999998998
76,0.08464822641829595,0.915351773581704,1.0,19.999999999999005
77,0.0845881885987837,0.9154118114012163,1.0,19.999999999999005
78,0.08364085148013645,0.9163591485198636,1.0,19.999999999999
79,0.08325782996163467,0.9167421700383653,1.0,19.999999999999005
80,0.0827940593035148,0.9172059406964852,1.0,19.999999999999
81,0.08324655052481644,0.9167534494751836,1.0,19.999999999999005
82,0.08420630045399369,0.9157936995460063,1.0,19.999999999999
83,0.08441433131871023,0.9155856686812898,1.0,19.999999999999
84,0.0843157860520698,0.9156842139479302,1.0,19.999999999998998
85,0.08469932515354694,0.915300674846453,1.0,19.999999999999005
86,0.08464204039497503,0.915357959605025,1.0,19.999999999999
87,0.08491918884851624,0.9150808111514838,1.0,19.999999999999
88,0.08559981819654394,0.9144001818034561,1.0,19.999999999999
89,0.0842329510229124,0.9157670489770876,1.0,19.999999999998998
90,0.08536540853958607,0.9146345914604139,1.0,19.999999999999
91,0.08478304710555562,0.9152169528944444,1.0,19.999999999998998
92,0.08470215428017935,0.9152978457198206,1.0,19.999999999999
93,0.08454984202486493,0.9154501579751351,1.0,19.999999999999
94,0.08477864407830782,0.9152213559216922,1.0,19.999999999999
95,0.08473056567160386,0.9152694343283961,1.0,19.999999999999
96,0.08458157970313951,0.9154184202968605,1.0,19.999999999999
97,0.08403548564228047,0.9159645143577195,1.0,19.999999999999005
98,0.08375841930461914,0.9162415806953809,1.0,19.999999999998998
99,0.08366274992060341,0.9163372500793966,1.0,19.999999999999
100,0.08313809484408341,0.9168619051559166,1.0,19.999999999999005
101,0.0825327721750655,0.9174672278249345,1.0,19.999999999998998
102,0.08137256797558567,0.9186274320244143,1.0,19.999999999999
103,0.08073142046790094,0.9192685795320991,1.0,19.999999999998998
104,0.0818683712012277,0.9181316287987723,1.0,19.999999999999
105,0.08121271272457864,0.9187872872754214,1.0,19.999999999998998
106,0.08133482302125483,0.9186651769787452,1.0,19.999999999999005
107,0.08266131028762302,0.917338689712377,1.0,19.999999999999
108,0.08171279543765342,0.9182872045623466,1.0,19.999999999999
109,0.08248971412795969,0.9175102858720403,1.0,19.999999999999005
110,0.08267917039363426,0.9173208296063657,1.0,19.999999999999
111,0.08274685554366823,0.9172531444563318,1.0,19.999999999999
112,0.08326643162556369,0.9167335683744363,1.0,19.999999999999
113,0.08323319609600921,0.9167668039039908,1.0,19.999999999999
114,0.08371094427252712,0.9162890557274729,1.0,19.999999999999
115,0.08377298032009295,0.916227019679907,1.0,19.999999999999
116,0.08377800858560469,0.9162219914143953,1.0,19.999999999999005
117,0.08441834741988397,0.915581652580116,1.0,19.999999999999
118,0.08409993957084394,0.9159000604291561,1.0,19.999999999999
119,0.08354836887978523,0.9164516311202148,1.0,19.999999999999
120,0.0839227635307398,0.9160772364692602,1.0,19.999999999999005
121,0.08408275956769462,0.9159172404323054,1.0,19.999999999999
122,0.08386173639781691,0.9161382636021831,1.0,19.999999999999
123,0.08424150318221901,0.915758496817781,1.0,19.999999999999
124,0.08259657914000829,0.9174034208599917,1.0,19.999999999999
125,0.08084337592058388,0.9191566240794161,1.0,19.999999999999
126,0.08112940008246361,0.9188705999175364,1.0,19.999999999999
127,0.08127120170698543,0.9187287982930146,1.0,19.999999999999
128,0.08057411666671765,0.9194258833332823,1.0,19.999999999999
129,0.08197589217076362,0.9180241078292364,1.0,19.999999999999005
130,0.08260420557934367,0.9173957944206563,1.0,19.999999999999
131,0.08257245585333284,0.9174275441466672,1.0,19.999999999999
132,0.08266257908350116,0.9173374209164988,1.0,19.999999999999
133,0.08329092307866348,0.9167090769213365,1.0,19.999999999999005
134,0.08232335374752586,0.9176766462524741,1.0,19.999999999999005
135,0.08275465331420728,0.9172453466857927,1.0,19.999999999999
136,0.0829718611477459,0.9170281388522541,1.0,19.999999999999005
137,0.08321529346183354,0.9167847065381665,1.0,19.999999999999
138,0.08306291208734007,0.9169370879126599,1.0,19.999999999998998
139,0.0832622683992238,0.9167377316007762,1.0,19.999999999999005
140,0.08227451703282285,0.9177254829671772,1.0,19.999999999999
141,0.08208915648558335,0.9179108435144167,1.0,19.999999999999
142,0.08117885781596201,0.918821142184038,1.0,19.999999999999
143,0.08177548874392837,0.9182245112560716,1.0,19.999999999999
144,0.0814093645476095,0.9185906354523905,1.0,19.999999999999
145,0.08166101327808373,0.9183389867219163,1.0,19.999999999999005
146,0.0820373184858687,0.9179626815141313,1.0,19.999999999998998
147,0.08145054724910816,0.9185494527508918,1.0,19.999999999999
148,0.08148830835985876,0.9185116916401412,1.0,19.999999999999
149,0.08106233933036544,0.9189376606696346,1.0,19.999999999999005
150,0.08005003165965141,0.9199499683403486,1.0,19.999999999998998
151,0.07999283514336264,0.9200071648566374,1.0,19.999999999999
152,0.08031712124860135,0.9196828787513986,1.0,19.999999999999005
153,0.08077299156383766,0.9192270084361623,1.0,19.999999999999
154,0.08112297945761293,0.9188770205423871,1.0,19.999999999999
155,0.08138943943088284,0.9186105605691172,1.0,19.999999999999
156,0.081774418344707,0.918225581655293,1.0,19.999999999999
157,0.08243929151049889,0.9175607084895011,1.0,19.999999999999
158,0.0821412129463166,0.9178587870536834,1.0,19.999999999999
159,0.08159551610165916,0.9184044838983408,1.0,19.999999999999
160,0.08131487828896888,0.9186851217110311,1.0,19.999999999999
161,0.08154554758173016,0.9184544524182698,1.0,19.999999999999
162,0.0809547135919666,0.9190452864080334,1.0,19.999999999999
163,0.08275627129042407,0.9172437287095759,1.0,19.999999999999
164,0.08217484397373798,0.917825156026262,1.0,19.999999999999
165,0.08088607270901893,0.9191139272909811,1.0,19.999999999999
166,0.08164878760978111,0.9183512123902189,1.0,19.999999999999
167,0.08170264233628766,0.9182973576637123,1.0,19.999999999999005
168,0.08292083822826035,0.9170791617717396,1.0,19.999999999999
169,0.08163459478978863,0.9183654052102114,1.0,19.999999999999
170,0.08135216105253684,0.9186478389474632,1.0,19.999999999998998
171,0.0816197130620877,0.9183802869379123,1.0,19.999999999999005
172,0.08269564242926353,0.9173043575707365,1.0,19.999999999999
173,0.08249700648934699,0.917502993510653,1.0,19.999999999999005
174,0.08221405610561872,0.9177859438943813,1.0,19.999999999999
175,0.08188612473797185,0.9181138752620281,1.0,19.999999999999
176,0.08175156637321646,0.9182484336267835,1.0,19.999999999999005
177,0.08360952161628388,0.9163904783837161,1.0,19.999999999999
178,0.08298728723781335,0.9170127127621867,1.0,19.999999999999
179,0.08205197202905468,0.9179480279709453,1.0,19.999999999998998
180,0.08346369135048382,0.9165363086495162,1.0,19.999999999998998
181,0.08239105687467774,0.9176089431253223,1.0,19.999999999999
182,0.0825679081707591,0.9174320918292409,1.0,19.999999999999
183,0.08296769809799898,0.917032301902001,1.0,19.999999999999
184,0.08134683823247313,0.9186531617675269,1.0,19.999999999999
185,0.08118153161485442,0.9188184683851456,1.0,19.999999999999
186,0.08163465062742481,0.9183653493725752,1.0,19.999999999998998
187,0.08153575347478403,0.918464246525216,1.0,19.999999999999
188,0.0804179648605452,0.9195820351394548,1.0,19.999999999999
189,0.08072662984520218,0.9192733701547978,1.0,19.999999999999
190,0.08049935131561614,0.9195006486843839,1.0,19.999999999999005
191,0.08092908120694697,0.919070918793053,1.0,19.999999999998998
192,0.08075146150150636,0.9192485384984936,1.0,19.999999999999
193,0.08034324993821329,0.9196567500617867,1.0,19.999999999998998
194,0.08097452822921469,0.9190254717707853,1.0,19.999999999999
195,0.08011198874616232,0.9198880112538377,1.0,19.999999999999
196,0.07931413081971572,0.9206858691802843,1.0,19.999999999999
197,0.07994339101950465,0.9200566089804953,1.0,19.999999999998998
198,0.08065951423447537,0.9193404857655246,1.0,19.999999999999005
199,0.08046190888930282,0.9195380911106972,1.0,19.999999999999
200,0.08081750487805883,0.9191824951219412,1.0,19.999999999999005
201,0.08087480189814766,0.9191251981018523,1.0,19.999999999999005
202,0.08134461760271716,0.9186553823972828,1.0,19.999999999999005
203,0.08173622223327837,0.9182637777667216,1.0,19.999999999999
204,0.0814304936346294,0.9185695063653706,1.0,19.999999999999
205,0.08203600192412086,0.9179639980758791,1.0,19.999999999999
206,0.08124235407533975,0.9187576459246602,1.0,19.999999999999
207,0.08155076318115273,0.9184492368188473,1.0,19.999999999999
208,0.081205762516943,0.918794237483057,1.0,19.999999999999
209,0.08238370225809188,0.9176162977419081,1.0,19.999999999998998
210,0.08078800209167236,0.9192119979083276,1.0,19.999999999999
211,0.08171298546587458,0.9182870145341254,1.0,19.999999999999
212,0.08186748695087354,0.9181325130491265,1.0,19.999999999999
213,0.0819160740128162,0.9180839259871838,1.0,19.999999999999
214,0.08223947856846314,0.9177605214315369,1.0,19.999999999999
215,0.08201277823849518,0.9179872217615048,1.0,19.999999999998998
216,0.08236103726027433,0.9176389627397257,1.0,19.999999999998998
217,0.08178137890155712,0.9182186210984429,1.0,19.999999999999005
218,0.08408078843007971,0.9159192115699203,1.0,19.999999999999
219,0.08438304479822833,0.9156169552017717,1.0,19.999999999999
220,0.08314318578440127,0.9168568142155987,1.0,19.999999999999005
221,0.08294309436781866,0.9170569056321813,1.0,19.999999999999
222,0.08256223896365167,0.9174377610363483,1.0,19.999999999999005
223,0.08233838576605845,0.9176616142339415,1.0,19.999999999998998
224,0.08309113739198681,0.9169088626080132,1.0,19.999999999999
225,0.08370538541974526,0.9162946145802547,1.0,19.999999999998998
226,0.08553781442588315,0.9144621855741168,1.0,19.999999999999
227,0.08365171398065663,0.9163482860193434,1.0,19.999999999999
228,0.08399795413267408,0.9160020458673259,1.0,19.999999999998998
229,0.08392461029607845,0.9160753897039215,1.0,19.999999999999
230,0.08354244273230549,0.9164575572676945,1.0,19.999999999999
231,0.08354670095777761,0.9164532990422224,1.0,19.999999999999
232,0.08354149319845894,0.9164585068015411,1.0,19.999999999999
233,0.08441187024500041,0.9155881297549996,1.0,19.999999999999005
234,0.08394427622078371,0.9160557237792163,1.0,19.999999999999
235,0.08312437035873188,0.9168756296412681,1.0,19.999999999999
236,0.08279339166013111,0.9172066083398689,1.0,19.999999999998998
237,0.08193905935604495,0.918060940643955,1.0,19.999999999999
238,0.08241387933816013,0.9175861206618399,1.0,19.999999999998998
239,0.08225588652852334,0.9177441134714767,1.0,19.999999999999
240,0.08217490138314432,0.9178250986168557,1.0,19.999999999999005
241,0.08215599966134257,0.9178440003386574,1.0,19.999999999998998
242,0.08233867862635857,0.9176613213736414,1.0,19.999999999999
243,0.08229562015742331,0.9177043798425767,1.0,19.999999999999
244,0.08221635608579725,0.9177836439142028,1.0,19.999999999998998
245,0.08223893374631519,0.9177610662536848,1.0,19.999999999999
246,0.08136193098132938,0.9186380690186706,1.0,19.999999999999
247,0.08151789944606813,0.9184821005539319,1.0,19.999999999999
248,0.08307442612325777,0.9169255738767422,1.0,19.999999999999
249,0.0826339501671065,0.9173660498328935,1.0,19.999999999999005
250,0.08154889945174582,0.9184511005482542,1.0,19.999999999998998
251,0.0816229094601596,0.9183770905398404,1.0,19.999999999999005
252,0.08158862081145135,0.9184113791885486,1.0,19.999999999999005
253,0.08112720299930287,0.9188727970006971,1.0,19.999999999999
254,0.08136315000023409,0.9186368499997659,1.0,19.999999999999005
255,0.08147730444490875,0.9185226955550913,1.0,19.999999999999
256,0.08249516584075223,0.9175048341592478,1.0,19.999999999999
257,0.0818956903214827,0.9181043096785173,1.0,19.999999999999
258,0.08240726987640268,0.9175927301235973,1.0,19.999999999999
259,0.08117098477845852,0.9188290152215415,1.0,19.999999999999
260,0.08123661764827816,0.9187633823517218,1.0,19.999999999999005
261,0.08231284394152116,0.9176871560584788,1.0,19.999999999999
262,0.08271666398177635,0.9172833360182236,1.0,19.999999999999
263,0.08247743725267198,0.917522562747328,1.0,19.999999999999
264,0.08265498607279465,0.9173450139272054,1.0,19.999999999999
265,0.08191462469248612,0.9180853753075139,1.0,19.999999999999
266,0.08114004704416677,0.9188599529558332,1.0,19.999999999998998
267,0.08155950565305625,0.9184404943469437,1.0,19.999999999999005
268,0.08151642120182623,0.9184835787981738,1.0,19.999999999999
269,0.08172895765423394,0.9182710423457661,1.0,19.999999999999
270,0.08142939685372896,0.918570603146271,1.0,19.999999999999005
271,0.08107320640885052,0.9189267935911495,1.0,19.999999999999005
272,0.0813069957085224,0.9186930042914776,1.0,19.999999999999005
273,0.08080773037714162,0.9191922696228584,1.0,19.999999999998998
274,0.08189968010049486,0.9181003198995051,1.0,19.999999999999
275,0.08173131398207023,0.9182686860179298,1.0,19.999999999999
276,0.08129498251026701,0.918705017489733,1.0,19.999999999999
277,0.08225440033323339,0.9177455996667666,1.0,19.999999999999005
278,0.0824863197824185,0.9175136802175815,1.0,19.999999999999
279,0.08330107447228163,0.9166989255277184,1.0,19.999999999999005
280,0.0822456397325475,0.9177543602674525,1.0,19.999999999999
281,0.08307977977978942,0.9169202202202106,1.0,19.999999999999
282,0.08268447877829721,0.9173155212217028,1.0,19.999999999999
283,0.0829013901333363,0.9170986098666637,1.0,19.999999999999
284,0.08258228304286419,0.9174177169571358,1.0,19.999999999999005
285,0.08231496956956896,0.917685030430431,1.0,19.999999999999
286,0.08298194063538111,0.9170180593646189,1.0,19.999999999999
287,0.08365685996526695,0.916343140034733,1.0,19.999999999999
288,0.08379481249659415,0.9162051875034058,1.0,19.999999999999
289,0.08407470762866742,0.9159252923713326,1.0,19.999999999999
290,0.08417376188909675,0.9158262381109032,1.0,19.999999999999
291,0.08299782322774063,0.9170021767722594,1.0,19.999999999999
292,0.08380014745293296,0.916199852547067,1.0,19.999999999999
293,0.0819775971358121,0.9180224028641879,1.0,19.999999999999005
294,0.0814720393502204,0.9185279606497796,1.0,19.999999999998998
295,0.08152162740745805,0.918478372592542,1.0,19.999999999999
296,0.08209232869833061,0.9179076713016694,1.0,19.999999999999
297,0.08318580183384128,0.9168141981661587,1.0,19.999999999999
298,0.08181864959670815,0.9181813504032919,1.0,19.999999999998998
299,0.08232433923433147,0.9176756607656685,1.0,19.999999999998998
300,0.08283018222343275,0.9171698177765673,1.0,19.999999999999
301,0.08342918642612573,0.9165708135738743,1.0,19.999999999999
302,0.08347206011067154,0.9165279398893285,1.0,19.999999999999005
303,0.08297598618504942,0.9170240138149506,1.0,19.999999999999
304,0.08413577910003966,0.9158642208999603,1.0,19.999999999999005
305,0.08391258768049581,0.9160874123195042,1.0,19.999999999999
306,0.08424936634749103,0.915750633652509,1.0,19.999999999999
307,0.08483275332551732,0.9151672466744827,1.0,19.999999999998998
308,0.08374221628780454,0.9162577837121955,1.0,19.999999999999
309,0.08373928286481502,0.916260717135185,1.0,19.999999999999
310,0.08261002006021922,0.9173899799397808,1.0,19.999999999998998
311,0.08285900009194447,0.9171409999080555,1.0,19.999999999999005
312,0.08289467692335939,0.9171053230766406,1.0,19.999999999999
313,0.0835444692797983,0.9164555307202017,1.0,19.999999999999
314,0.08392479342429737,0.9160752065757026,1.0,19.999999999999
315,0.08342864312581,0.91657135687419,1.0,19.999999999999005
316,0.08313529429947442,0.9168647057005256,1.0,19.999999999999
317,0.08369185732420614,0.9163081426757939,1.0,19.999999999999
318,0.08340485910805062,0.9165951408919494,1.0,19.999999999998998
319,0.08262234758522313,0.9173776524147769,1.0,19.999999999999
320,0.08260981710379023,0.9173901828962098,1.0,19.999999999999005
321,0.08196001611934212,0.9180399838806579,1.0,19.999999999999
322,0.08132652240115201,0.918673477598848,1.0,19.999999999998998
323,0.08053081408114393,0.9194691859188561,1.0,19.999999999999005
324,0.08036394782536593,0.9196360521746341,1.0,19.999999999999
325,0.08081087423235678,0.9191891257676432,1.0,19.999999999999
326,0.0808425410248601,0.9191574589751399,1.0,19.999999999999005
327,0.08011374831831308,0.9198862516816869,1.0,19.999999999999
328,0.07968762238431837,0.9203123776156816,1.0,19.999999999999
329,0.07966771767032266,0.9203322823296773,1.0,19.999999999998998
330,0.07968162269511858,0.9203183773048814,1.0,19.999999999999
331,0.08044189590089024,0.9195581040991098,1.0,19.999999999998998
332,0.08023489675723205,0.919765103242768,1.0,19.999999999999
333,0.07949543253920188,0.9205045674607981,1.0,19.999999999999
334,0.0795731807926563,0.9204268192073437,1.0,19.999999999999005
335,0.07958873199698113,0.9204112680030189,1.0,19.999999999999005
336,0.07985354993753135,0.9201464500624686,1.0,19.999999999999005
337,0.08084091760893686,0.9191590823910631,1.0,19.999999999999
338,0.08027020259448281,0.9197297974055172,1.0,19.999999999999
339,0.08137854005025902,0.918621459949741,1.0,19.999999999999
340,0.08151796300153724,0.9184820369984628,1.0,19.999999999999
341,0.08212192085546721,0.9178780791445328,1.0,19.999999999999
342,0.082883847109956,0.917116152890044,1.0,19.999999999999
343,0.08289634283253944,0.9171036571674606,1.0,19.999999999999
344,0.0818559527699877,0.9181440472300123,1.0,19.999999999999005
345,0.0823361543022405,0.9176638456977595,1.0,19.999999999999
346,0.08230927312445302,0.917690726875547,1.0,19.999999999999
347,0.08176044217259881,0.9182395578274012,1.0,19.999999999999005
348,0.08227354373945106,0.9177264562605489,1.0,19.999999999999
349,0.0817551445325646,0.9182448554674354,1.0,19.999999999998998
350,0.08147126008450123,0.9185287399154988,1.0,19.999999999999
351,0.08200704080985854,0.9179929591901415,1.0,19.999999999999005
352,0.08150359796871365,0.9184964020312864,1.0,19.999999999999
353,0.08169777162061687,0.9183022283793831,1.0,19.999999999999
354,0.08171044661102855,0.9182895533889714,1.0,19.999999999999
355,0.08209359852525377,0.9179064014747462,1.0,19.999999999999
356,0.08186644448385194,0.9181335555161481,1.0,19.999999999999
357,0.0811104947493898,0.9188895052506102,1.0,19.999999999999005
358,0.08081465438106472,0.9191853456189353,1.0,19.999999999998998
359,0.08002063711861451,0.9199793628813855,1.0,19.999999999999
360,0.0801531869493316,0.9198468130506684,1.0,19.999999999999
361,0.08084202992076628,0.9191579700792337,1.0,19.999999999999
362,0.08087884658719524,0.9191211534128048,1.0,19.999999999999005
363,0.08029157919945129,0.9197084208005487,1.0,19.999999999999
364,0.0809320957067664,0.9190679042932336,1.0,19.999999999999
365,0.08073130833282138,0.9192686916671786,1.0,19.999999999999
366,0.0809533588862974,0.9190466411137026,1.0,19.999999999999
367,0.08095574673612016,0.9190442532638798,1.0,19.999999999999
368,0.0807708999738006,0.9192291000261994,1.0,19.999999999998998
369,0.08034905253056157,0.9196509474694384,1.0,19.999999999999
370,0.0799777075185637,0.9200222924814363,1.0,19.999999999999
371,0.07980592720979496,0.920194072790205,1.0,19.999999999999
372,0.07917138708596227,0.9208286129140377,1.0,19.999999999999
373,0.07899063513867599,0.921009364861324,1.0,19.999999999999
374,0.07845607963211731,0.9215439203678827,1.0,19.999999999999
375,0.07822749038441024,0.9217725096155898,1.0,19.999999999999
376,0.07879992054911034,0.9212000794508897,1.0,19.999999999999
377,0.07814889161532546,0.9218511083846745,1.0,19.999999999998998
378,0.07761872309200324,0.9223812769079968,1.0,19.999999999999
379,0.0773426315676452,0.9226573684323548,1.0,19.999999999999005
380,0.0768684531520597,0.9231315468479403,1.0,19.999999999999
381,0.07710907904839626,0.9228909209516037,1.0,19.999999999999005
382,0.07781917852969555,0.9221808214703044,1.0,19.999999999999
383,0.07726737553431595,0.922732624465684,1.0,19.999999999999
384,0.07710895126728678,0.9228910487327132,1.0,19.999999999999
385,0.07769572584272855,0.9223042741572715,1.0,19.999999999999
386,0.07852821425977019,0.9214717857402298,1.0,19.999999999999
387,0.0785461229287091,0.9214538770712909,1.0,19.999999999999
388,0.07771290823450394,0.9222870917654961,1.0,19.999999999999
389,0.07811724685786903,0.921882753142131,1.0,19.999999999999
390,0.07743192046806369,0.9225680795319363,1.0,19.999999999999005
391,0.07825932779737332,0.9217406722026267,1.0,19.999999999999
392,0.08015214326191633,0.9198478567380837,1.0,19.999999999999005
393,0.08036299292418225,0.9196370070758177,1.0,19.999999999999
394,0.08055346072225833,0.9194465392777417,1.0,19.999999999999
395,0.08070097404632981,0.9192990259536702,1.0,19.999999999999
396,0.07997927498560176,0.9200207250143982,1.0,19.999999999999005
397,0.07984162305096443,0.9201583769490356,1.0,19.999999999998998
398,0.08058599074131423,0.9194140092586858,1.0,19.999999999999
399,0.08169221085423639,0.9183077891457636,1.0,19.999999999999
400,0.08270346307686416,0.9172965369231358,1.0,19.999999999999
401,0.08183916597377217,0.9181608340262278,1.0,19.999999999999
402,0.08207264314023066,0.9179273568597693,1.0,19.999999999999
403,0.08170340226460826,0.9182965977353917,1.0,19.999999999999
404,0.08127684231623855,0.9187231576837614,1.0,19.999999999999
405,0.08077772928716831,0.9192222707128317,1.0,19.999999999999005
406,0.08108893051743082,0.9189110694825692,1.0,19.999999999999
407,0.0811156170662497,0.9188843829337503,1.0,19.999999999998998
408,0.08243537162046988,0.9175646283795301,1.0,19.999999999999005
409,0.0831697477310116,0.9168302522689884,1.0,19.999999999999
410,0.0831408790437429,0.9168591209562571,1.0,19.999999999998998
411,0.08326195471414322,0.9167380452858568,1.0,19.999999999999
412,0.08468322430576336,0.9153167756942366,1.0,19.999999999999005
413,0.08346834662638192,0.9165316533736181,1.0,19.999999999999
414,0.08455858673633332,0.9154414132636667,1.0,19.999999999999
415,0.08367669324443405,0.916323306755566,1.0,19.999999999999
416,0.08425982153608969,0.9157401784639103,1.0,19.999999999999005
417,0.08503357916678989,0.9149664208332101,1.0,19.999999999999
418,0.08403034788882979,0.9159696521111702,1.0,19.999999999999
419,0.08440582452508327,0.9155941754749167,1.0,19.999999999998998
420,0.08426916944669238,0.9157308305533076,1.0,19.999999999999
421,0.08391852015321799,0.916081479846782,1.0,19.999999999998998
422,0.08307366044106457,0.9169263395589354,1.0,19.999999999999
423,0.08216473582245254,0.9178352641775475,1.0,19.999999999999
424,0.08262958987377611,0.9173704101262239,1.0,19.999999999999
425,0.08201117956274662,0.9179888204372534,1.0,19.999999999999
426,0.08124488426197773,0.9187551157380223,1.0,19.999999999999
427,0.08169363507964134,0.9183063649203587,1.0,19.999999999999
428,0.08368007061171334,0.9163199293882867,1.0,19.999999999999
429,0.0833913874641754,0.9166086125358246,1.0,19.999999999999
430,0.08378392503189769,0.9162160749681023,1.0,19.999999999999
431,0.08421046532312082,0.9157895346768792,1.0,19.999999999999
432,0.08540084780952151,0.9145991521904785,1.0,19.999999999999
433,0.08415904541783292,0.9158409545821671,1.0,19.999999999999
434,0.08396959819226546,0.9160304018077345,1.0,19.999999999999
435,0.08317680847718245,0.9168231915228175,1.0,19.999999999999
436,0.08395102015191447,0.9160489798480855,1.0,19.999999999999005
437,0.08377705231973476,0.9162229476802652,1.0,19.999999999999
438,0.08347204413722353,0.9165279558627765,1.0,19.999999999999
439,0.08368368856004305,0.916316311439957,1.0,19.999999999999
440,0.08213294876181909,0.9178670512381809,1.0,19.999999999999
441,0.08158881213183122,0.9184111878681688,1.0,19.999999999999
442,0.08170192665177922,0.9182980733482208,1.0,19.999999999999
443,0.08094271008083631,0.9190572899191637,1.0,19.999999999999
444,0.08080982968420514,0.9191901703157949,1.0,19.999999999999
445,0.08226500688151117,0.9177349931184888,1.0,19.999999999998998
446,0.08341269809594909,0.9165873019040509,1.0,19.999999999999005
447,0.08312065181589434,0.9168793481841057,1.0,19.999999999999005
448,0.08299190773367615,0.9170080922663238,1.0,19.999999999999005
449,0.08244207107113832,0.9175579289288617,1.0,19.999999999999
450,0.0831998445078509,0.9168001554921491,1.0,19.999999999999
451,0.08367501142733857,0.9163249885726614,1.0,19.999999999998998
452,0.08320546020134711,0.9167945397986529,1.0,19.999999999999
453,0.08347584689482035,0.9165241531051797,1.0,19.999999999999
454,0.08194829311814655,0.9180517068818534,1.0,19.999999999999
455,0.08148457747707694,0.9185154225229231,1.0,19.999999999999005
456,0.0800701777017494,0.9199298222982506,1.0,19.999999999999
457,0.08014947062306865,0.9198505293769313,1.0,19.999999999999
458,0.08030832600253657,0.9196916739974634,1.0,19.999999999999
459,0.07843550160231028,0.9215644983976897,1.0,19.999999999999005
460,0.07937388587023086,0.9206261141297691,1.0,19.999999999999
461,0.07990576950722217,0.9200942304927778,1.0,19.999999999999005
462,0.08038718902054653,0.9196128109794535,1.0,19.999999999999005
463,0.08041685666655818,0.9195831433334418,1.0,19.999999999998998
464,0.08129197320689063,0.9187080267931094,1.0,19.999999999999
465,0.08033050671271691,0.9196694932872831,1.0,19.999999999999
466,0.07952690698610565,0.9204730930138944,1.0,19.999999999999005
467,0.07976938491213537,0.9202306150878646,1.0,19.999999999999005
468,0.07977693690996102,0.920223063090039,1.0,19.999999999999
469,0.08014693123954475,0.9198530687604553,1.0,19.999999999999
470,0.0801277161002647,0.9198722838997353,1.0,19.999999999999005
471,0.0808657747995144,0.9191342252004856,1.0,19.999999999998998
472,0.08143376546825565,0.9185662345317444,1.0,19.999999999999
473,0.08206284928112895,0.917937150718871,1.0,19.999999999998998
474,0.08252534809939527,0.9174746519006047,1.0,19.999999999999005
475,0.08295318589956646,0.9170468141004335,1.0,19.999999999999
476,0.0826389949472568,0.9173610050527432,1.0,19.999999999999
477,0.08179601819900995,0.91820398180099,1.0,19.999999999998998
478,0.08136015051693357,0.9186398494830664,1.0,19.999999999999
479,0.08190791349032978,0.9180920865096702,1.0,19.999999999999
480,0.08121799376508687,0.9187820062349131,1.0,19.999999999999
481,0.0805239814728439,0.9194760185271561,1.0,19.999999999998998
482,0.08041194432650578,0.9195880556734942,1.0,19.999999999999
483,0.08060059780638718,0.9193994021936128,1.0,19.999999999999
484,0.07955377148686082,0.9204462285131392,1.0,19.999999999999
485,0.07931132667011065,0.9206886733298894,1.0,19.999999999999
486,0.07973282807741755,0.9202671719225824,1.0,19.999999999999
487,0.07987889840694096,0.920121101593059,1.0,19.999999999999005
488,0.07934672065551829,0.9206532793444817,1.0,19.999999999999
489,0.07838523121128516,0.9216147687887148,1.0,19.999999999999005
490,0.07847765736297163,0.9215223426370284,1.0,19.999999999999
491,0.07815860406716113,0.9218413959328389,1.0,19.999999999999
492,0.07952799560622303,0.920472004393777,1.0,19.999999999998998
493,0.08075516826453133,0.9192448317354687,1.0,19.999999999999
494,0.08172977238296053,0.9182702276170395,1.0,19.999999999999
495,0.08110237335725612,0.9188976266427439,1.0,19.999999999999
496,0.08068945214171397,0.919310547858286,1.0,19.999999999999
497,0.07997152303140431,0.9200284769685957,1.0,19.999999999999
498,0.07958808581370758,0.9204119141862924,1.0,19.999999999999
499,0.08091259509392845,0.9190874049060715,1.0,19.999999999999005
500,0.08094504163379734,0.9190549583662027,1.0,19.999999999999
501,0.08162019459965009,0.9183798054003499,1.0,19.999999999998998
502,0.08116953864122267,0.9188304613587773,1.0,19.999999999999
503,0.08134320335739298,0.918656796642607,1.0,19.999999999999
504,0.08015742386875246,0.9198425761312475,1.0,19.999999999999
505,0.0800253734996621,0.9199746265003379,1.0,19.999999999999
506,0.08096965861182459,0.9190303413881754,1.0,19.999999999999
507,0.08014733253891504,0.919852667461085,1.0,19.999999999999
508,0.07996881846969006,0.9200311815303099,1.0,19.999999999999
509,0.07961694307645406,0.9203830569235459,1.0,19.999999999999
510,0.07897314519716914,0.9210268548028309,1.0,19.999999999999
511,0.07902378323552217,0.9209762167644778,1.0,19.999999999998998
512,0.07895342176363251,0.9210465782363675,1.0,19.999999999999
513,0.07981891106154115,0.9201810889384588,1.0,19.999999999999005
514,0.07977904184685869,0.9202209581531413,1.0,19.999999999999
515,0.0793852678884387,0.9206147321115613,1.0,19.999999999999
516,0.08061217712363322,0.9193878228763668,1.0,19.999999999999
517,0.07977026852760516,0.9202297314723948,1.0,19.999999999999
518,0.08054955678351372,0.9194504432164863,1.0,19.999999999999
519,0.08126659086460941,0.9187334091353906,1.0,19.999999999999
520,0.08066437163160523,0.9193356283683948,1.0,19.999999999999
521,0.0803185952160459,0.9196814047839541,1.0,19.999999999999
522,0.07998414129510101,0.920015858704899,1.0,19.999999999999
523,0.08090692269705846,0.9190930773029415,1.0,19.999999999999
524,0.08137406092420829,0.9186259390757917,1.0,19.999999999999
525,0.08143812859218869,0.9185618714078113,1.0,19.999999999999
526,0.08135277278864395,0.918647227211356,1.0,19.999999999999
527,0.08192642026527852,0.9180735797347215,1.0,19.999999999999005
528,0.08042094088379448,0.9195790591162055,1.0,19.999999999999
529,0.08197824934758002,0.91802175065242,1.0,19.999999999999
530,0.0810928577365817,0.9189071422634183,1.0,19.999999999998998
531,0.08213465164316713,0.9178653483568329,1.0,19.999999999998998
532,0.0813506624789152,0.9186493375210848,1.0,19.999999999999
533,0.08108859951632785,0.9189114004836721,1.0,19.999999999999
534,0.0817112784187547,0.9182887215812453,1.0,19.999999999999
535,0.08092570860630732,0.9190742913936927,1.0,19.999999999999
536,0.0808140328406225,0.9191859671593775,1.0,19.999999999999005
537,0.0815390460837856,0.9184609539162144,1.0,19.999999999999
538,0.08063537266822118,0.9193646273317788,1.0,19.999999999999
539,0.08074985496364628,0.9192501450363537,1.0,19.999999999999
540,0.0800247517935817,0.9199752482064183,1.0,19.999999999998998
541,0.08117539802343021,0.9188246019765698,1.0,19.999999999998998
542,0.08041028071654566,0.9195897192834543,1.0,19.999999999998998
543,0.07977608564059424,0.9202239143594058,1.0,19.999999999999
544,0.08108727963519535,0.9189127203648046,1.0,19.999999999999
545,0.08080715650945891,0.9191928434905411,1.0,19.999999999999005
546,0.08093637703026246,0.9190636229697375,1.0,19.999999999999
547,0.07986425141360132,0.9201357485863987,1.0,19.999999999998998
548,0.07987104421218039,0.9201289557878196,1.0,19.999999999998998
549,0.08050483969467614,0.9194951603053239,1.0,19.999999999999005
550,0.08061615577367942,0.9193838442263206,1.0,19.999999999999
551,0.0803396462954683,0.9196603537045317,1.0,19.999999999999
552,0.07931593626817424,0.9206840637318258,1.0,19.999999999998998
553,0.0782550005294862,0.9217449994705138,1.0,19.999999999999005
554,0.07901644978667322,0.9209835502133268,1.0,19.999999999999
555,0.07957111452492982,0.9204288854750702,1.0,19.999999999998998
556,0.08084348554514265,0.9191565144548574,1.0,19.999999999999
557,0.0805747396154024,0.9194252603845976,1.0,19.999999999999
558,0.0802415250640689,0.9197584749359311,1.0,19.999999999999005
559,0.08044962625101193,0.9195503737489881,1.0,19.999999999999005
560,0.08074911558335396,0.919250884416646,1.0,19.999999999999
561,0.08094612952212821,0.9190538704778718,1.0,19.999999999998998
562,0.08188563145420613,0.9181143685457939,1.0,19.999999999999
563,0.08246291875271039,0.9175370812472896,1.0,19.999999999999
564,0.08236469408995317,0.9176353059100468,1.0,19.999999999999
565,0.08095574664074545,0.9190442533592545,1.0,19.999999999999
566,0.08209541890618821,0.9179045810938118,1.0,19.999999999998998
567,0.08290878520485745,0.9170912147951426,1.0,19.999999999998998
568,0.08326914962333765,0.9167308503766624,1.0,19.999999999999005
569,0.08293783149845657,0.9170621685015434,1.0,19.999999999999005
570,0.08312920734746287,0.9168707926525371,1.0,19.999999999998998
571,0.08302602601514875,0.9169739739848513,1.0,19.999999999999005
572,0.08308726564513935,0.9169127343548606,1.0,19.999999999999
573,0.08267660822658673,0.9173233917734133,1.0,19.999999999999
574,0.0827721974729635,0.9172278025270365,1.0,19.999999999999005
575,0.08264116288444623,0.9173588371155538,1.0,19.999999999998998
576,0.08310067990274239,0.9168993200972576,1.0,19.999999999999
577,0.0825282109401102,0.9174717890598898,1.0,19.999999999998998
578,0.08254766442331585,0.9174523355766842,1.0,19.999999999999
579,0.08206769367137745,0.9179323063286225,1.0,19.999999999999
580,0.08230340704736494,0.9176965929526351,1.0,19.999999999998998
581,0.08158026807090424,0.9184197319290958,1.0,19.999999999999005
582,0.0811476602114346,0.9188523397885654,1.0,19.999999999999
583,0.08078960005497482,0.9192103999450252,1.0,19.999999999999
584,0.08001925504286533,0.9199807449571347,1.0,19.999999999999
585,0.07981559098194768,0.9201844090180523,1.0,19.999999999999
586,0.07980942310161088,0.9201905768983891,1.0,19.999999999999005
587,0.07991672448999732,0.9200832755100027,1.0,19.999999999999005
588,0.08059984759988448,0.9194001524001155,1.0,19.999999999999
589,0.08094745482740584,0.9190525451725942,1.0,19.999999999999
590,0.08185246645077326,0.9181475335492267,1.0,19.999999999999
591,0.08182525824263598,0.918174741757364,1.0,19.999999999999
592,0.08080090271767748,0.9191990972823225,1.0,19.999999999999
593,0.08171899756839307,0.9182810024316069,1.0,19.999999999999
594,0.08206190088004361,0.9179380991199564,1.0,19.999999999999005
595,0.08195060926315356,0.9180493907368464,1.0,19.999999999999
596,0.08260526092162901,0.917394739078371,1.0,19.999999999998998
597,0.08291573535078078,0.9170842646492192,1.0,19.999999999999005
598,0.08326619420758319,0.9167338057924168,1.0,19.999999999999005
599,0.08201637859451572,0.9179836214054843,1.0,19.999999999999005
