t,kappa,b0,b1,bmag,ang_err
0.0,0.6,0.0007223943152421781,0.0006957549346691947,0.001002959857527085,0.766615762391381
0.01,0.6,0.0007193752939137823,0.0006928296877850782,0.0009987561212678046,0.7666031013382022
0.02,0.6,0.0007163716803769677,0.0006899196148277645,0.0009945740089959175,0.7665905759197904
0.03,0.6,0.0007133833864575747,0.0006870246272990998,0.0009904133958045722,0.7665781860697471
0.04,0.6,0.0007104103245162598,0.0006841446372462814,0.0009862741575505987,0.7665659317186453
0.05,0.6,0.0007074524074451632,0.0006812795572584232,0.0009821561708497231,0.7665538127940317
0.06,0.6,0.0007045095486645975,0.000678429300463145,0.0009780593130718131,0.7665418292204356
0.07,0.6,0.0007015816621197573,0.0006755937805231802,0.000973983462336155,0.7665299809193735
0.08,0.6,0.0006986686622774503,0.0006727729116330082,0.0009699284975067582,0.766518267809353
0.09,0.6,0.0006957704641228483,0.0006699666085155071,0.0009658942981876922,0.7665066898058828
0.1,0.6,0.0006928869831562592,0.0006671747864186268,0.0009618807447184513,0.7664952468214752
0.11,0.6,0.0006900181353899189,0.0006643973611120852,0.0009578877181693494,0.7664839387656541
0.12,0.6,0.0006871638373448049,0.0006616342488840832,0.0009539151003369442,0.7664727655449624
0.13,0.6,0.0006843240060474675,0.0006588853665380431,0.0009499627737394902,0.7664617270629668
0.14,0.6,0.0006814985590268841,0.0006561506313893657,0.0009460306216124204,0.766450823220266
0.15,0.6,0.0006786874143113309,0.0006534299612622092,0.0009421185279038579,0.766440053914498
0.16,0.6,0.0006758904904252756,0.000650723274486288,0.0009382263772701536,0.766429419040346
0.17,0.6,0.00067310770638629,0.0006480304898936923,0.0009343540550714546,0.7664189184895465
0.18,0.6,0.0006703389817019806,0.0006453515268157277,0.0009305014473672995,0.7664085521508972
0.19,0.6,0.0006675842363669405,0.0006426863050797751,0.0009266684409122417,0.7663983199102642
0.2,0.6,0.0006648433908597194,0.00064003474500617,0.0009228549231515009,0.7663882216505904
0.21,0.6,0.0006621163661398129,0.0006373967674051031,0.000919060782216642,0.7663782572519029
0.22,0.6,0.0006594030836446712,0.0006347722935735386,0.000915285906921281,0.7663684265913213
0.23,0.6,0.000656703465286726,0.0006321612452921535,0.0009115301867568185,0.7663587295430658
0.24,0.6,0.0006540174334504372,0.000629563544822296,0.0009077935118882004,0.7663491659784665
0.25,0.6,0.0006513449109893573,0.0006269791149029637,0.0009040757731497055,0.7663397357659716
0.26,0.6,0.0006486858212232147,0.0006244078787477998,0.0009003768620407588,0.7663304387711563
0.27,0.6,0.0006460400879350159,0.0006218497600421093,0.000896696670721773,0.7663212748567307
0.28,0.6,0.0006434076353681646,0.0006193046829398944,0.0008930350920100151,0.7663122438825507
0.29,0.6,0.0006407883882236009,0.000616772572060908,0.0008893920193754992,0.7663033457056265
0.3,0.6,0.0006381822716569573,0.0006142533524877265,0.0008857673469369063,0.7662945801801304
0.31,0.6,0.0006355892112757321,0.0006117469497628407,0.0008821609694575286,0.7662859471574093
0.32,0.6,0.000633009133136483,0.0006092532898857655,0.0008785727823412414,0.7662774464859923
0.33,0.6,0.0006304419637420352,0.0006067722993101681,0.0008750026816284976,0.766269078011601
0.34,0.6,0.0006278876300387103,0.0006043039049410143,0.000871450563992351,0.7662608415771595
0.35000000000000003,0.6,0.0006253460594135699,0.0006018480341317324,0.0008679163267345021,0.7662527370228043
0.36,0.6,0.0006228171796916788,0.0005994046146813961,0.0008643998677813699,0.7662447641858958
0.37,0.6,0.0006203009191333837,0.0005969735748319243,0.0008609010856801889,0.7662369229010269
0.38,0.6,0.0006177972064316105,0.0005945548432652998,0.00085741987959513,0.7662292130000345
0.39,0.6,0.0006153059707091779,0.0005921483491008042,0.0008539561493034472,0.7662216343120098
0.4,0.6,0.0006128271415161274,0.0005897540218922715,0.0008505097951916471,0.7662141866633103
0.41000000000000003,0.6,0.000610360648827072,0.0005873717916253591,0.0008470807182516839,0.7662068698775686
0.42,0.6,0.0006079064230385591,0.000585001588714835,0.0008436688200771773,0.7661996837757057
0.43,0.6,0.0006054643949664522,0.0005826433440018841,0.0008402740028596565,0.7661926281759399
0.44,0.6,0.0006030344958433277,0.0005802969887514291,0.0008368961693848244,0.7661857028938015
0.45,0.6,0.000600616657315889,0.0005779624546494711,0.0008335352230288496,0.7661789077421401
0.46,0.6,0.0005982108114423961,0.0005756396738004448,0.000830191067754678,0.7661722425311397
0.47000000000000003,0.6,0.0005958168906901121,0.0005733285787245918,0.0008268636081083709,0.7661657070683279
0.48,0.6,0.0005934348279327653,0.0005710291023553505,0.0008235527492154635,0.7661593011585905
0.49,0.6,0.0005910645564480276,0.0005687411780367611,0.0008202583967773486,0.7661530246041801
0.5,0.6,0.0005887060099150085,0.0005664647395208899,0.0008169804570676828,0.7661468772047311
0.51,0.6,0.000586359122411765,0.000564199720965266,0.0008137188369288124,0.7661408587572707
0.52,0.6,0.0005840238284128274,0.0005619460569303389,0.0008104734437682283,0.7661349690562318
0.53,0.6,0.0005817000627867403,0.0005597036823769475,0.0008072441855550355,0.7661292078934632
0.54,0.6,0.0005793877607936192,0.0005574725326638089,0.0008040309708164516,0.7661235750582467
0.55,0.6,0.0005770868580827227,0.0005552525435450207,0.0008008337086343229,0.766118070337305
0.56,0.6,0.0005747972906900397,0.0005530436511675807,0.0007976523086416654,0.7661126935148177
0.5700000000000001,0.6,0.0005725189950358917,0.0005508457920689211,0.0007944866810192253,0.7661074443724329
0.58,0.6,0.000570251907922551,0.0005486589031744589,0.0007913367364920636,0.7661023226892807
0.59,0.6,0.0005679959665318723,0.0005464829217951621,0.0007882023863261599,0.7660973282419858
0.6,0.6,0.000565751108422941,0.0005443177856251307,0.0007850835423250395,0.7660924608046811
0.61,0.6,0.0005635172715297349,0.0005421634327391936,0.000781980116826421,0.7660877201490219
0.62,0.6,0.0005612943941588017,0.0005400198015905194,0.0007788920226988849,0.7660831060441984
0.63,0.6,0.0005590824149869497,0.000537886831008245,0.0007758191733385635,0.7660786182569481
0.64,0.6,0.000556881273058955,0.0005357644601951158,0.0007727614826658522,0.766074256551573
0.65,0.6,0.0005546909077852807,0.0005336526287251439,0.00076971886512214,0.7660700206899493
0.66,0.6,0.0005525112589398128,0.0005315512765412788,0.0007666912356665622,0.766065910431545
0.67,0.6,0.000550342266657609,0.0005294603439530948,0.0007636785097727735,0.7660619255334309
0.68,0.6,0.0005481838714326612,0.0005273797716344908,0.0007606806034257402,0.766058065750296
0.6900000000000001,0.6,0.0005460360141156739,0.0005253095006214073,0.0007576974331185534,0.7660543308344625
0.7000000000000001,0.6,0.0005438986359118543,0.0005232494723095556,0.0007547289158492633,0.7660507205358984
0.71,0.6,0.0005417716783787186,0.0005211996284521619,0.0007517749691177309,0.7660472346022322
0.72,0.6,0.0005396550834239096,0.0005191599111577272,0.000748835510922503,0.7660438727787695
0.73,0.6,0.0005375487933030304,0.0005171302628877989,0.0007459104597577031,0.7660406348085038
0.74,0.6,0.0005354527506174897,0.0005151106264547583,0.0007429997346099453,0.7660375204321346
0.75,0.6,0.0005333668983123625,0.0005131009450196216,0.0007401032549552655,0.7660345293880804
0.76,0.6,0.0005312911796742624,0.0005111011620898547,0.000737220940756073,0.7660316614124936
0.77,0.6,0.0005292255383292287,0.0005091112215172016,0.0007343527124581205,0.7660289162392759
0.78,0.6,0.0005271699182406259,0.0005071310674955268,0.000731498490987494,0.7660262936000919
0.79,0.6,0.0005251242637070565,0.0005051606445586718,0.0007286581977476209,0.7660237932243881
0.8,0.6,0.000523088519360288,0.0005031998975783237,0.000725831754616298,0.7660214148394013
0.81,0.6,0.0005210626301631909,0.0005012487717618995,0.0007230190839427374,0.7660191581701814
0.8200000000000001,0.6,0.0005190465414076913,0.0004993072126504413,0.0007202201085446304,0.7660170229396002
0.8300000000000001,0.6,0.0005170401987127356,0.0004973751661165266,0.0007174347517052318,0.7660150088683713
0.84,0.6,0.0005150435480222686,0.0004954525783621909,0.0007146629371704607,0.7660131156750634
0.85,0.6,0.0005130565356032231,0.0004935393959168642,0.0007119045891460207,0.7660113430761148
0.86,0.6,0.0005110791080435236,0.0004916355656353195,0.0007091596322945379,0.7660096907858533
0.87,0.6,0.000509111212250101,0.0004897410346956354,0.0007064279917327165,0.7660081585165064
0.88,0.6,0.0005071527954469216,0.0004878557505971701,0.000703709593028513,0.7660067459782205
0.89,0.6,0.0005052038051730263,0.00048597966115855,0.0007010043621983277,0.7660054528790754
0.9,0.6,0.0005032641892805836,0.00048411271451566964,0.0006983122257042142,0.7660042789251014
0.91,0.6,0.0005013338959329551,0.00048225485911970446,0.0006956331104511062,0.7660032238202934
0.92,0.6,0.000499412873602771,0.0004804060437351369,0.0006929669437840622,0.7660022872666281
0.93,0.6,0.0004975010710700205,0.0004785662174377938,0.0006903136534855263,0.7660014689640793
0.9400000000000001,0.6,0.0004955984374201521,0.0004767353296128974,0.0006876731677726086,0.7660007686106343
0.9500000000000001,0.6,0.0004937049220421861,0.0004749133299531279,0.00068504541529438,0.7660001859023113
0.96,0.6,0.0004918204746268402,0.00047310016845669787,0.0006824303251291858,0.7659997205331734
0.97,0.6,0.0004899450451646654,0.0004712957954254399,0.0006798278267819758,0.7659993721953455
0.98,0.6,0.00048807858394419435,0.0004695001614629058,0.0006772378501816512,0.7659991405790323
0.99,0.6,0.0004862210415501008,0.000467713217472477,0.0006746603256784271,0.7659990253725311
1.0,0.6,0.00048437236886137125,0.00046593491465548876,0.0006720951840412144,0.7659990262622527
1.01,0.6,0.0004825325170494874,0.0004641652045093639,0.0006695423564550143,0.7659991429327335
1.02,0.6,0.0004807014375766204,0.0004624040388257605,0.0006670017745183328,0.7659993750666558
1.03,0.6,0.0004788790821938363,0.00046065136968872973,0.0006644733702406093,0.7659997223448616
1.04,0.6,0.00047706540293931255,0.0004589071494728858,0.0006619570760396615,0.7660001844463702
1.05,0.6,0.0004752603521365661,0.0004571713308415878,0.000659452824739148,0.7660007610483941
1.06,0.6,0.0004734638823926921,0.00045544386674513225,0.0006569605495660441,0.7660014518263578
1.07,0.6,0.00047167594659661393,0.00045372471041895806,0.0006544801841481369,0.7660022564539108
1.08,0.6,0.0004698964979173442,0.00045201381538186193,0.0006520116625115326,0.766003174602949
1.09,0.6,0.0004681254898022566,0.00045031113543422526,0.0006495549190781822,0.7660042059436267
1.1,0.6,0.00046636287597536826,0.0004486166246562525,0.0006471098886634214,0.7660053501443764
1.11,0.6,0.0004646086104356334,0.00044693023740622056,0.0006446765064735265,0.7660066068719256
1.12,0.6,0.00046286264745524727,0.00044525192831873885,0.0006422547081032851,0.7660079757913119
1.1300000000000001,0.6,0.000461124941577961,0.0004435816523030202,0.0006398444295335824,0.7660094565659006
1.1400000000000001,0.6,0.0004593954476174065,0.00044191936454116406,0.0006374456071290033,0.7660110488574032
1.1500000000000001,0.6,0.0004576741206554325,0.0004402650204864484,0.000635058177635448,0.7660127523258917
1.16,0.6,0.0004559609160404505,0.00043861857586163463,0.0006326820781777648,0.7660145666298175
1.17,0.6,0.00045425578938579125,0.00043697998665728093,0.0006303172462573953,0.7660164914260279
1.18,0.6,0.00045255869656807155,0.0004353492091300678,0.0006279636197500356,0.7660185263697818
1.19,0.6,0.00045086959372557127,0.00043372619980113424,0.0006256211369033139,0.7660206711147692
1.2,0.6,0.00044918843725662034,0.00043211091545442297,0.0006232897363344789,0.7660229253131261
1.21,0.6,0.000447515183817996,0.0004305033131350377,0.0006209693570281057,0.7660252886154533
1.22,0.6,0.0004458497903233302,0.00042890335014760943,0.0006186599383338155,0.7660277606708297
1.23,0.6,0.00044419221394152665,0.00042731098405467447,0.0006163614199640088,0.7660303411268363
1.24,0.6,0.00044254241209518787,0.0004257261726750611,0.0006140737419916138,0.7660330296295657
1.25,0.6,0.0004409003424590524,0.00042414887408228746,0.0006117968448478481,0.7660358258236442
1.26,0.6,0.0004392659629584412,0.0004225790466029693,0.000609530669319995,0.7660387293522466
1.27,0.6,0.00043763923176771415,0.0004210166488152377,0.0006072751565491942,0.7660417398571151
1.28,0.6,0.0004360201073087363,0.0004194616395471671,0.0006050302480282449,0.7660448569785747
1.29,0.6,0.0004344085482493535,0.0004179139778752119,0.000602795885599424,0.7660480803555507
1.3,0.6,0.00043280451350187726,0.00041637362312265514,0.0006005720114523182,0.7660514096255868
1.31,0.6,0.0004312079622215799,0.000414840534858065,0.0005983585681216681,0.7660548444248612
1.32,0.6,0.00042961885380519835,0.00041331467289376184,0.0005961554984852272,0.7660583843882045
1.33,0.6,0.0004280371478894475,0.00041179599728429476,0.0005939627457616342,0.7660620291491158
1.34,0.6,0.00042646280434954325,0.0004102844683249282,0.0005917802535082983,0.7660657783397808
1.35,0.6,0.000424895783297734,0.00040878004655013763,0.0005896079656192983,0.7660696315910887
1.36,0.6,0.00042333604508184224,0.00040728269273211404,0.0005874458263232936,0.7660735885326497
1.37,0.6,0.0004217835502838144,0.00040579236787927927,0.0005852937801814498,0.7660776487928098
1.3800000000000001,0.6,0.00042023825971828043,0.00040430903323480997,0.000583151772085377,0.7660818119986716
1.3900000000000001,0.6,0.000418700134431122,0.00040283265027517073,0.0005810197472550805,0.7660860777761087
1.4000000000000001,0.6,0.00041716913569804953,0.00040136318070865676,0.0005788976512369242,0.7660904457497844
1.41,0.6,0.00041564522502318874,0.0003999005864739448,0.0005767854299016075,0.7660949155431664
1.42,0.6,0.00041412836413767535,0.00039844482973865546,0.0005746830294421553,0.7660994867785469
1.43,0.6,0.00041261851499825873,0.0003969958728979219,0.0005725903963719189,0.7661041590770576
1.44,0.6,0.0004111156397859146,0.0003955536785729692,0.0005705074775225911,0.766108932058688
1.45,0.6,0.000409619700904466,0.00039411820960970177,0.0005684342200422323,0.7661138053423002
1.46,0.6,0.00040813066097921313,0.0003926894290773012,0.0005663705713933114,0.7661187785456494
1.47,0.6,0.0004066484828555717,0.00039126730026682995,0.0005643164793507556,0.7661238512853972
1.48,0.6,0.0004051731295977192,0.00038985178668984795,0.0005622718920000153,0.7661290231771312
1.49,0.6,0.00040370456448725106,0.0003884428520770341,0.0005602367577351398,0.766134293835381
1.5,0.6,0.00040224275102184365,0.00038704046037681827,0.0005582110252568649,0.766139662873635
1.51,0.6,0.0004007876529139263,0.0003856445757540224,0.0005561946435707142,0.7661451299043569
1.52,0.6,0.0003993392340893619,0.0003842551625885086,0.0005541875619851092,0.7661506945390038
1.53,0.6,0.00039789745868613506,0.0003828721854738376,0.0005521897301094953,0.7661563563880431
1.54,0.6,0.0003964622910530492,0.00038149560921593294,0.0005502010978524748,0.7661621150609661
1.55,0.6,0.000395033695748431,0.00038012539883175694,0.0005482216154199561,0.7661679701663089
1.56,0.6,0.0003936116375388436,0.00037876151954799314,0.0005462512333133123,0.7661739213116676
1.57,0.6,0.0003921960813978074,0.0003774039367997358,0.0005442899023275506,0.7661799681037138
1.58,0.6,0.00039078699250452925,0.0003760526162291914,0.0005423375735494956,0.7661861101482135
1.59,0.6,0.000389384336242639,0.00037470752368438346,0.000540394198355981,0.7661923470500409
1.6,0.6,0.0003879880781989344,0.00037336862521787065,0.0005384597284120561,0.7661986784131991
1.61,0.6,0.0003865981841621339,0.00037203588708546823,0.0005365341156692,0.7662051038408326
1.62,0.6,0.0003852146201216366,0.0003707092757449813,0.0005346173123635498,0.7662116229352467
1.6300000000000001,0.6,0.0003838373522662907,0.0003693887578549427,0.0005327092710141378,0.7662182352979219
1.6400000000000001,0.6,0.00038246634698316944,0.00036807430027336187,0.0005308099444211413,0.76622494052953
1.6500000000000001,0.6,0.00038110157085635395,0.0003667658700564807,0.0005289192856641435,0.7662317382299553
1.6600000000000001,0.6,0.0003797429906657247,0.00036546343445753544,0.0005270372481004032,0.7662386279983044
1.67,0.6,0.00037839057338576025,0.0003641669609255291,0.0005251637853631382,0.7662456094329277
1.68,0.6,0.00037704428618434276,0.00036287641710400854,0.0005232988513598161,0.7662526821314324
1.69,0.6,0.000375704096421572,0.00036159177082985337,0.0005214424002704604,0.7662598456907008
1.7,0.6,0.000374369971648586,0.00036031299013206813,0.0005195943865459623,0.7662670997069054
1.71,0.6,0.0003730418796063895,0.00035904004323058494,0.0005177547649064065,0.7662744437755258
1.72,0.6,0.00037171978822468925,0.00035777289853507194,0.0005159234903394055,0.7662818774913629
1.73,0.6,0.00037040366562073724,0.00035651152464375113,0.0005141005180984463,0.7662894004485583
1.74,0.6,0.00036909348009818037,0.00035525589034222254,0.0005122858037012455,0.7662970122406083
1.75,0.6,0.000367789200145918,0.0003540059646022952,0.0005104793029281164,0.766304712460379
1.76,0.6,0.00036649079443696605,0.0003527617165808254,0.0005086809718203435,0.7663125007001241
1.77,0.6,0.0003651982318273287,0.0003515231156185654,0.0005068907666785722,0.7663203765514988
1.78,0.6,0.00036391148135487666,0.0003502901312390151,0.0005051086440612031,0.7663283396055789
1.79,0.6,0.0003626305122382327,0.0003490627331472835,0.0005033345607828005,0.766336389452873
1.8,0.6,0.00036135529387566404,0.000347840891228956,0.0005015684739125077,0.7663445256833392
1.81,0.6,0.0003600857958439818,0.0003466245755489702,0.000499810340772475,0.7663527478864021
1.82,0.6,0.0003588219878974472,0.0003454137563504983,0.0004980601189362959,0.7663610556509668
1.83,0.6,0.0003575638399666843,0.00034420840405383584,0.0004963177662274537,0.7663694485654364
1.84,0.6,0.0003563113221576,0.0003430084892552973,0.0004945832407177769,0.7663779262177242
1.85,0.6,0.0003550644047503107,0.00034181398272612037,0.0004928565007259059,0.766386488195272
1.86,0.6,0.0003538230581980751,0.00034062485541137545,0.0004911375048157683,0.766395134085065
1.87,0.6,0.0003525872531262345,0.0003394410784288832,0.0004894262117950637,0.7664038634736463
1.8800000000000001,0.6,0.0003513569603311591,0.00033826262306813727,0.0004877225807137582,0.7664126759471319
1.8900000000000001,0.6,0.0003501321507792008,0.0003370894607892355,0.00048602657086258824,0.7664215710912279
1.9000000000000001,0.6,0.00034891279560565335,0.0003359215632218171,0.0004843381417715744,0.7664305484912419
1.9100000000000001,0.6,0.0003476988661137177,0.0003347589021640066,0.0004826572532085433,0.7664396077321021
1.92,0.6,0.00034649033377347503,0.00033360144958136453,0.00048098386517766046,0.76644874839837
1.93,0.6,0.0003452871702208654,0.0003324491776058447,0.00047931793791797044,0.766457970074256
1.94,0.6,0.00034408934725667324,0.00033130205853475745,0.0004776594319019476,0.7664672723436325
1.95,0.6,0.0003428968368455185,0.000330160064829741,0.0004760083078340555,0.7664766547900532
1.96,0.6,0.000341709611114855,0.000329023169115737,0.0004743645266493146,0.7664861169967616
1.97,0.6,0.00034052764235397435,0.00032789134417997496,0.0004727280495118806,0.7664956585467113
1.98,0.6,0.00033935090301301623,0.000326764562970961,0.0004710988378136298,0.7665052790225761
1.99,0.6,0.0003381793657019849,0.0003256427985974751,0.000469476853172755,0.7665149780067688
2.0,0.6,0.0003370130031897719,0.00032452602432757143,0.0004678620574323683,0.766524755081452
2.0100000000000002,0.6,0.00033585178840318477,0.0003234142135875886,0.00046625441265911465,0.766534609828553
2.02,0.6,0.0003346956944259817,0.00032230733996116515,0.0004646538811417938,0.7665445418297816
2.0300000000000002,0.6,0.0003335446944979124,0.0003212053771882582,0.0004630604253899883,0.7665545506666396
2.04,0.6,0.00033239876201376467,0.00032010829916417335,0.00046147400813270433,0.7665646359204379
2.05,0.6,0.0003312578705224176,0.0003190160799385955,0.00045989459231701686,0.7665747971723089
2.06,0.6,0.00033012199372589953,0.0003179286937146307,0.0004583221411067267,0.7665850340032225
2.07,0.6,0.0003289911054784529,0.0003168461148478506,0.00045675661788102407,0.7665953459939976
2.08,0.6,0.0003278651797856044,0.00031576831784534294,0.00045519798623316015,0.7666057327253175
2.09,0.6,0.0003267441908032413,0.0003146952773647724,0.00045364620996912996,0.7666161937777458
2.1,0.6,0.00032562811283669274,0.00031362696821343944,0.0004521012531063585,0.7666267287317332
2.11,0.6,0.000324516920339818,0.00031256336534735303,0.00045056307987239994,0.7666373371676385
2.12,0.6,0.0003234105879140991,0.00031150444387030547,0.0004490316547036428,0.7666480186657392
2.13,0.6,0.0003223090903077402,0.00031045017903295267,0.00044750694224402306,0.7666587728062457
2.14,0.6,0.0003212124024147717,0.00030940054623190057,0.00044598890734374514,0.7666695991693122
2.15,0.6,0.00032012049927416066,0.00030835552100879824,0.000444477515058012,0.7666804973350514
2.16,0.6,0.00031903335606892617,0.00030731507904943785,0.00044297273064576386,0.7666914668835512
2.17,0.6,0.00031795094812526065,0.00030627919618285567,0.0004414745195684213,0.7667025073948825
2.18,0.6,0.0003168732509116564,0.00030524784838044443,0.0004399828474886406,0.7667136184491161
2.19,0.6,0.00031580024003803755,0.00030422101175506684,0.00043849768026907353,0.7667247996263331
2.2,0.6,0.0003147318912548978,0.0003031986625601758,0.00043701898397113613,0.7667360505066378
2.21,0.6,0.0003136681804524429,0.00030218077718894377,0.0004355467248537869,0.7667473706701742
2.22,0.6,0.0003126090836597391,0.00030116733217339185,0.0004340808693723094,0.7667587596971348
2.23,0.6,0.00031155457704386643,0.00030015830418352984,0.00043262138417710577,0.7667702171677768
2.24,0.6,0.00031050463690907753,0.0002991536700264961,0.0004311682361124945,0.766781742662431
2.25,0.6,0.00030945923969596175,0.000298153406645707,0.00042972139221551797,0.7667933357615162
2.2600000000000002,0.6,0.000308418361980614,0.0002971574911200106,0.000428280819714757,0.766804996045551
2.27,0.6,0.0003073819804738096,0.00029616590066284523,0.00042684648602915284,0.7668167230951655
2.2800000000000002,0.6,0.00030635007202018327,0.00029517861262140537,0.00042541835876683693,0.7668285164911173
2.29,0.6,0.00030532261359741405,0.0002941956044758076,0.0004239964057239656,0.7668403758142976
2.3000000000000003,0.6,0.0003042995823154151,0.00029321685383827044,0.0004225805948835674,0.766852300645751
2.31,0.6,0.0003032809554155281,0.0002922423384522888,0.0004211708944143905,0.7668642905666796
2.32,0.6,0.00030226671026972334,0.0002912720361918236,0.0004197672726697638,0.7668763451584604
2.33,0.6,0.000301256824379804,0.00029030592506048804,0.0004183696981864602,0.766888464002653
2.34,0.6,0.0003002512753766166,0.0002893439831907476,0.000416978139683572,0.7669006466810169
2.35,0.6,0.0002992500410192647,0.00028838618884311634,0.000415592566061388,0.7669128927755184
2.36,0.6,0.0002982530991943291,0.0002874325204053643,0.0004142129464002815,0.766925201868343
2.37,0.6,0.00029726042791509185,0.0002864829563917272,0.0004128392499596033,0.7669375735419077
2.38,0.6,0.0002962720053207656,0.00028553747544212197,0.00041147144617658245,0.7669500073788713
2.39,0.6,0.00029528780967572754,0.0002845960563213701,0.00041010950466523595,0.7669625029621505
2.4,0.6,0.00029430781936875806,0.0002836586779184176,0.00040875339521527905,0.7669750598749241
2.41,0.6,0.00029333201291228435,0.0002827253192455708,0.0004074030877910506,0.7669876777006497
2.42,0.6,0.00029236036894162863,0.0002817959594377258,0.0004060585525304369,0.76700035602307
2.43,0.6,0.000291392866214261,0.00028087057775161317,0.00040471975974380985,0.7670130944262272
2.44,0.6,0.00029042948360905686,0.0002799491535650407,0.00040338667991296663,0.7670258924944742
2.45,0.6,0.0002894702001255593,0.0002790316663761413,0.0004020592836900767,0.7670387498124809
2.46,0.6,0.00028851499488324585,0.0002781180958026316,0.00040073754189663983,0.7670516659652535
2.47,0.6,0.0002875638471207994,0.00027720842158106664,0.0003994214255224435,0.7670646405381358
2.48,0.6,0.00028661673619538456,0.00027630262356610557,0.0003981109057245326,0.7670776731168258
2.49,0.6,0.00028567364158192774,0.00027540068172977796,0.0003968059538261821,0.7670907632873818
2.5,0.6,0.00028473454287240206,0.00027450257616076025,0.0003955065413158798,0.7671039106362385
2.5100000000000002,0.6,0.0002837994197751168,0.0002736082870636488,0.0003942126398463106,0.76711711475021
2.52,0.6,0.00028286825211401063,0.00027271779475824485,0.00039292422123335136,0.7671303752165066
2.5300000000000002,0.6,0.00028194101982795044,0.00027183107967884175,0.00039164125745507145,0.767143691622743
2.54,0.6,0.00028101770297003325,0.0002709481223735137,0.0003903637206507367,0.7671570635569465
2.5500000000000003,0.6,0.00028009828170689316,0.0002700689035034103,0.0003890915831198208,0.7671704906075654
2.56,0.6,0.00027918273631801274,0.0002691934038420621,0.0003878248173210278,0.7671839723634868
2.57,0.6,0.00027827104719503826,0.0002683216042746796,0.0003865633958713124,0.7671975084140397
2.58,0.6,0.00027736319484109934,0.0002674534857974617,0.00038530729154491054,0.7672110983490001
2.59,0.6,0.0002764591598701329,0.0002665890295169136,0.00038405647727237925,0.7672247417586133
2.6,0.6,0.0002755589230062115,0.0002657282166491611,0.0003828109261396371,0.7672384382335942
2.61,0.6,0.0002746624650828753,0.00026487102851927144,0.0003815706113870124,0.7672521873651377
2.62,0.6,0.0002737697670424689,0.0002640174465605842,0.00038033550640830086,0.7672659887449336
2.63,0.6,0.0002728808099354816,0.0002631674523140352,0.00037910558474982194,0.7672798419651681
2.64,0.6,0.0002719955749198923,0.00026232102742749494,0.0003778808201094881,0.7672937466185363
2.65,0.6,0.00027111404326051825,0.0002614781536551066,0.00037666118633587623,0.7673077022982522
2.66,0.6,0.00027023619632836793,0.0002606388128566302,0.00037544665742730713,0.7673217085980588
2.67,0.6,0.0002693620155999977,0.00025980298699678834,0.00037423720753092786,0.7673357651122346
2.68,0.6,0.000268491482656873,0.0002589706581446156,0.0003730328109418008,0.7673498714355995
2.69,0.6,0.00026762457918473294,0.00025814180847281726,0.0003718334421020009,0.7673640271635285
2.7,0.6,0.00026676128697295903,0.0002573164202571288,0.000370639075599717,0.7673782318919633
2.71,0.6,0.0002659015879139483,0.0002564944758756766,0.00036944968616835666,0.7673924852174117
2.72,0.6,0.0002650454640024894,0.00025567595780834573,0.0003682652486856585,0.7674067867369603
2.73,0.6,0.0002641928973351436,0.0002548608486361542,0.0003670857381728122,0.7674211360482852
2.74,0.6,0.00026334387010962864,0.00025404913104062644,0.00036591112979358025,0.7674355327496603
2.75,0.6,0.00026249836462420746,0.00025324078780317074,0.0003647413988534259,0.7674499764399556
2.7600000000000002,0.6,0.0002616563632770798,0.0002524358018044687,0.00036357652079865133,0.767464466718665
2.77,0.6,0.0002608178485657781,0.00025163415602385436,0.0003624164712155321,0.7674790031858918
2.7800000000000002,0.6,0.000259982803086567,0.00025083583353871167,0.0003612612258294667,0.7674935854423728
2.79,0.6,0.00025915120953384687,0.0002500408175238661,0.00036011076050412476,0.7675082130894784
2.8000000000000003,0.6,0.0002583230506995604,0.00024924909125098463,0.0003589650512406038,0.7675228857292233
2.81,0.6,0.0002574983094726035,0.00024846063808798023,0.0003578240741765917,0.7675376029642775
2.82,0.6,0.00025667696883823973,0.0002476754414984127,0.0003566878055855293,0.7675523643979636
2.83,0.6,0.000255859011877518,0.000246893485040904,0.00035555622187578574,0.7675671696342734
2.84,0.6,0.00025504442176669444,0.0002461147523685507,0.00035442929958983435,0.7675820182778743
2.85,0.6,0.00025423318177665756,0.000245339227228338,0.0003533070154034322,0.7675969099341091
2.86,0.6,0.00025342527527235693,0.0002445668934605682,0.0003521893461248123,0.767611844209017
2.87,0.6,0.0002526206857122356,0.0002437977349982793,0.0003510762686938713,0.767626820709328
2.88,0.6,0.00025181939664766585,0.00024303173586667404,0.0003499677601813677,0.767641839042474
2.89,0.6,0.00025102139172238883,0.00024226888018255728,0.00034886379778812716,0.7676568988166022
2.9,0.6,0.00025022665467195726,0.00024150915215376395,0.00034776435884424504,0.7676719996405685
2.91,0.6,0.00024943516932318145,0.00024075253607860485,0.00034666942080830283,0.7676871411239587
2.92,0.6,0.00024864691959357977,0.0002399990163453037,0.00034557896126658156,0.767702322877081
2.93,0.6,0.00024786188949083124,0.0002392485774314509,0.0003444929579322892,0.7677175445109885
2.94,0.6,0.0002470800631122324,0.00023850120390344736,0.00034341138864478347,0.7677328056374759
2.95,0.6,0.00024630142464415717,0.0002377568804159588,0.0003423342313688042,0.7677481058690843
2.96,0.6,0.00024552595836152037,0.00023701559171137497,0.0003412614641937121,0.7677634448191144
2.97,0.6,0.0002447536486272442,0.00023627732261926712,0.000340193065332728,0.767778822101628
2.98,0.6,0.00024398447989172828,0.00023554205805585308,0.00033912901312218045,0.7677942373314557
2.99,0.6,0.000243218436692323,0.00023480978302346456,0.0003380692860207565,0.7678096901242046
3.0,0.6,0.00024245550365280605,0.00023408048261001625,0.0003370138626087567,0.7678251800962608
3.0100000000000002,0.6,0.0002416956654828622,0.00023335414198847904,0.0003359627215873554,0.7678407068647952
3.02,0.6,0.0002409389069775664,0.00023263074641636304,0.00033491584177786906,0.7678562700477816
3.0300000000000002,0.6,0.00024018521301687006,0.00023191028123518848,0.00033387320212102,0.7678718692639821
3.04,0.6,0.00023943456856509045,0.0002311927318699759,0.0003328347816762148,0.7678875041329678
3.0500000000000003,0.6,0.00023868695867040342,0.00023047808382873304,0.0003318005596208231,0.7679031742751228
3.06,0.6,0.00023794236846433908,0.00022976632270194092,0.00033077051524945777,0.7679188793116416
3.0700000000000003,0.6,0.00023720078316128085,0.00022905743416205078,0.0003297446279732654,0.7679346188645431
3.08,0.6,0.00023646218805796745,0.00022835140396297975,0.0003287228773192178,0.7679503925566733
3.09,0.6,0.00023572656853299798,0.0002276482179396105,0.00032770524292940844,0.7679662000117102
3.1,0.6,0.00023499391004634025,0.00022694786200729375,0.0003266917045603532,0.7679820408541675
3.11,0.6,0.00023426419813884193,0.00022625032216135635,0.00032568224208229734,0.7679979147094058
3.12,0.6,0.00023353741843174503,0.0002255555844766081,0.00032467683547852353,0.7680138212036312
3.13,0.6,0.000232813556626203,0.0002248636351068544,0.0003236754648446663,0.7680297599639005
3.14,0.6,0.00023209259850280134,0.0002241744602844147,0.0003226781103880323,0.7680457306181347
3.15,0.6,0.0002313745299210806,0.00022348804631963624,0.0003216847524269201,0.768061732795112
3.16,0.6,0.00023065933681906293,0.00022280437960041827,0.0003206953713899488,0.7680777661244784
3.17,0.6,0.0002299470052127812,0.00022212344659173778,0.00031970994781539003,0.7680938302367557
3.18,0.6,0.0002292375211958111,0.0002214452338351761,0.0003187284623505026,0.7681099247633436
3.19,0.6,0.00022853087093880616,0.0002207697279484459,0.00031775089575086974,0.7681260493365172
3.2,0.6,0.00022782704068903596,0.00022009691562493059,0.00031677722887974677,0.7681422035894423
3.21,0.6,0.0002271260167699266,0.00021942678363321943,0.0003158074427074078,0.7681583871561797
3.22,0.6,0.00022642778558060457,0.00021875931881664258,0.00031484151831049495,0.7681745996716782
3.23,0.6,0.0002257323335954433,0.00021809450809281796,0.00031387943687137695,0.7681908407717888
3.24,0.6,0.00022503964736361227,0.00021743233845319618,0.00031292117967750955,0.7682071100932686
3.25,0.6,0.0002243497135086294,0.00021677279696260217,0.00031196672812079434,0.7682234072737701
3.2600000000000002,0.6,0.00022366251872791575,0.00021611587075879942,0.00031101606369695657,0.7682397319518763
3.27,0.6,0.00022297804979235332,0.0002154615470520325,0.00031006916800490887,0.7682560837670778
3.2800000000000002,0.6,0.00022229629354584537,0.00021480981312458537,0.0003091260227461285,0.7682724623597812
3.29,0.6,0.0002216172369048797,0.0002141606563303453,0.00030818660972404014,0.7682888673713228
3.3000000000000003,0.6,0.0002209408668580945,0.00021351406409436007,0.00030725091084339644,0.76830529844396
3.31,0.6,0.00022026717046584672,0.00021287002391240806,0.00030631890810966855,0.7683217552208901
3.3200000000000003,0.6,0.00021959613485978357,0.00021222852335056152,0.0003053905836284349,0.7683382373462386
3.33,0.6,0.00021892774724241635,0.0002115895500447602,0.00030446591960477847,0.7683547444650736
3.34,0.6,0.00021826199488669693,0.0002109530917003835,0.0003035448983426849,0.7683712762234065
3.35,0.6,0.000217598865135597,0.00021031913609182167,0.0003026275022444423,0.7683878322681825
3.36,0.6,0.00021693834540168993,0.00020968767106206628,0.00030171371381005577,0.7684044122473139
3.37,0.6,0.000216280423166735,0.0002090586845222789,0.0003008035156366489,0.7684210158096523
3.38,0.6,0.00021562508598126458,0.0002084321644513815,0.0002998968904178826,0.7684376426050079
3.39,0.6,0.00021497232146417357,0.000207808098895643,0.0002989938209433722,0.7684542922841522
3.4,0.6,0.00021432211730231147,0.00020718647596826558,0.00029809429009810715,0.7684709644988144
3.41,0.6,0.00021367446125007702,0.00020656728384897823,0.0002971982808618768,0.7684876589016891
3.42,0.6,0.0002130293411290155,0.0002059505107836341,0.0002963057763087015,0.7685043751464455
3.43,0.6,0.0002123867448274181,0.0002053361450838019,0.0002954167596062602,0.7685211128877185
3.44,0.6,0.0002117466602999243,0.0002047241751263668,0.0002945312140153278,0.7685378717811129
3.45,0.6,0.00021110907556712633,0.00020411458935313694,0.00029364912288921686,0.7685546514832193
3.46,0.6,0.0002104739787151763,0.00020350737627044204,0.0002927704696732165,0.7685714516515998
3.47,0.6,0.00020984135789539564,0.0002029025244487438,0.00029189523790404084,0.7685882719448021
3.48,0.6,0.00020921120132388706,0.0002023000225222425,0.0002910234112092768,0.7686051120223514
3.49,0.6,0.000208583497281149,0.0002016998591884936,0.00029015497330684033,0.7686219715447669
3.5,0.6,0.00020795823411169198,0.0002011020232080241,0.00028928990800443415,0.7686388501735677
3.5100000000000002,0.6,0.00020733540022365818,0.00020050650340393562,0.00028842819919899814,0.7686557475712412
3.52,0.6,0.0002067149840884426,0.0001999132886615407,0.0002875698308761849,0.7686726634012873
3.5300000000000002,0.6,0.00020609697424031696,0.0001993223679279728,0.0002867147871098176,0.7686895973281924
3.54,0.6,0.00020548135927605583,0.00019873373021181832,0.00028586305206136615,0.768706549017451
3.5500000000000003,0.6,0.00020486812785456524,0.0001981473645827381,0.00028501460997941674,0.7687235181355536
3.56,0.6,0.00020425726869651315,0.00019756326017109262,0.0002841694451991459,0.7687405043499815
3.5700000000000003,0.6,0.0002036487705839629,0.00019698140616758824,0.0002833275421418114,0.7687575073292474
3.58,0.6,0.0002030426223600083,0.00019640179182289362,0.0002824888853142229,0.7687745267428503
3.59,0.6,0.0002024388129284113,0.00019582440644728573,0.00028165345930823585,0.7687915622613075
3.6,0.6,0.00020183733125324184,0.00019524923941028428,0.0002808212488002384,0.7688086135561445
3.61,0.6,0.00020123816635851996,0.00019467628014029252,0.0002799922385506445,0.7688256802998978
3.62,0.6,0.00020064130732786023,0.0001941055181242431,0.0002791664134033923,0.7688427621661247
3.63,0.6,0.0002000467433041179,0.0001935369429072397,0.0002783437582854407,0.7688598588293969
3.64,0.6,0.0001994544634890381,0.00019297054409220422,0.0002775242582062717,0.768876969965302
3.65,0.6,0.00019886445714290628,0.00019240631133952567,0.00027670789825739577,0.7688940952504417
3.66,0.6,0.0001982767135842016,0.00019184423436671718,0.0002758946636118637,0.7689112343624496
3.67,0.6,0.00019769122218925194,0.0001912843029480642,0.0002750845395237744,0.7689283869799768
3.68,0.6,0.0001971079723918913,0.00019072650691428193,0.00027427751132779046,0.7689455527826947
3.69,0.6,0.0001965269536831193,0.00019017083615217604,0.0002734735644386578,0.7689627314513068
3.7,0.6,0.0001959481556107627,0.00018961728060430108,0.00027267268435072464,0.7689799226675413
3.71,0.6,0.00019537156777913904,0.00018906583026862312,0.0002718748566374657,0.7689971261141539
3.72,0.6,0.00019479717984872264,0.00018851647519818512,0.00027108006695100907,0.7690143414749304
3.73,0.6,0.00019422498153581205,0.00018796920550077356,0.0002702883010216657,0.7690315684346873
3.74,0.6,0.00019365496261220032,0.00018742401133858662,0.000269499544657462,0.7690488066792707
3.75,0.6,0.0001930871129048466,0.00018688088292790548,0.0002687137837436749,0.769066055895558
3.7600000000000002,0.6,0.00019252142229555044,0.000186339810538771,0.00026793100424237344,0.7690833157714687
3.77,0.6,0.0001919578807206275,0.00018580078449465136,0.0002671511921919544,0.769100585995945
3.7800000000000002,0.6,0.00019139647817058774,0.00018526379517212773,0.0002663743337066925,0.7691178662589744
3.79,0.6,0.0001908372046898153,0.00018472883300056867,0.00026560041497628435,0.7691351562515782
3.8000000000000003,0.6,0.00019028005037625048,0.000184195888461809,0.0002648294222653963,0.7691524556658065
3.81,0.6,0.00018972500538107386,0.00018366495208984324,0.0002640613419132246,0.7691697641947637
3.8200000000000003,0.6,0.00018917205990839192,0.0001831360144704995,0.0002632961603330425,0.7691870815325803
3.83,0.6,0.0001886212042149251,0.0001826090662411322,0.00026253386401176265,0.7692044073744282
3.84,0.6,0.00018807242860969747,0.00018208409809031406,0.00026177443950949997,0.7692217414165272
3.85,0.6,0.00018752572345372856,0.00018156110075752077,0.0002610178734591309,0.7692390833561271
3.86,0.6,0.00018698107915972686,0.0001810400650328307,0.0002602641525658645,0.7692564328915297
3.87,0.6,0.00018643848619178538,0.00018052098175661384,0.0002595132636068073,0.7692737897220665
3.88,0.6,0.00018589793506507897,0.00018000384181923398,0.0002587651934305387,0.7692911535481182
3.89,0.6,0.00018535941634556372,0.00017948863616074656,0.00025801992895668524,0.7693085240711084
3.9,0.6,0.00018482292064967803,0.00017897535577059964,0.0002572774571754974,0.7693259009935058
3.91,0.6,0.00018428843864404547,0.00017846399168733543,0.00025653776514742896,0.7693432840188201
3.92,0.6,0.00018375596104517982,0.00017795453499829317,0.0002558008400027185,0.7693606728515983
3.93,0.6,0.00018322547861919153,0.0001774469768393222,0.00025506666894097854,0.7693780671974411
3.94,0.6,0.0001826969821814963,0.00017694130839448344,0.0002543352392307792,0.7693954667629859
3.95,0.6,0.00018217046259652527,0.0001764375208957637,0.0002536065382092407,0.7694128712559158
3.96,0.6,0.00018164591077743708,0.0001759356056227882,0.0002528805532816272,0.769430280384964
3.97,0.6,0.00018112331768583182,0.00017543555390253063,0.00025215727192093925,0.7694476938598993
3.98,0.6,0.00018060267433146643,0.0001749373571090317,0.0002514366816675137,0.7694651113915372
3.99,0.6,0.00018008397177197226,0.00017444100666311858,0.00025071877012862573,0.769482532691744
4.0,0.6,0.00017956720111257407,0.0001739464940321186,0.00025000352497808807,0.7694999574734203
4.01,0.6,0.00017905235350581096,0.00017345381072958813,0.0002492909339558614,0.769517385450524
4.0200000000000005,0.6,0.00017853942015125883,0.00017296294831502438,0.0002485809848676554,0.7695348163380382
4.03,0.6,0.00017802839229525482,0.00017247389839360186,0.0002478736655845466,0.769552249852004
4.04,0.6,0.00017751926123062324,0.00017198665261589427,0.0002471689640425888,0.7695696857095102
4.05,0.6,0.0001770120182964032,0.00017150120267759575,0.00024646686824242314,0.7695871236286704
4.0600000000000005,0.6,0.00017650665487757808,0.00017101754031926275,0.00024576736624890445,0.769604563328659
4.07,0.6,0.00017600316240480655,0.00017053565732603484,0.00024507044619071367,0.7696220045296802
4.08,0.6,0.00017550153235415522,0.00017005554552737602,0.00024437609625998623,0.7696394469529904
4.09,0.6,0.00017500175624683307,0.00016957719679680243,0.00024368430471193142,0.7696568903208769
4.1,0.6,0.00017450382564892743,0.00016910060305162919,0.00024299505986446704,0.7696743343566892
4.11,0.6,0.0001740077321711416,0.00016862575625269674,0.0002423083500978405,0.7696917787848006
4.12,0.6,0.00017351346746853405,0.0001681526484041123,0.00024162416385426156,0.7697092233306155
4.13,0.6,0.00017302102324025947,0.00016768127155300516,0.0002409424896375462,0.7697266677206076
4.14,0.6,0.00017253039122931094,0.00016721161778925355,0.00024026331601274156,0.7697441116822716
4.15,0.6,0.00017204156322226432,0.00016674367924523516,0.00023958663160576852,0.7697615549441394
4.16,0.6,0.00017155453104902355,0.00016627744809557445,0.00023891242510306332,0.7697789972357838
4.17,0.6,0.0001710692865825681,0.00016581291655689282,0.0002382406852512222,0.7697964382878215
4.18,0.6,0.0001705858217387016,0.0001653500768875502,0.00023757140085664107,0.7698138778318917
4.19,0.6,0.00017010412847580223,0.00016488892138740932,0.00023690456078517247,0.7698313156006917
4.2,0.6,0.00016962419879457455,0.0001644294423975721,0.00023624015396176372,0.7698487513279288
4.21,0.6,0.00016914602473780283,0.00016397163230014804,0.00023557816937011875,0.7698661847483623
4.22,0.6,0.00016866959839010603,0.00016351548351800307,0.00023491859605234743,0.7698836155977804
4.23,0.6,0.00016819491187769419,0.00016306098851451802,0.00023426142310862259,0.7699010436130025
4.24,0.6,0.00016772195736812633,0.000162608139793348,0.00023360663969683866,0.7699184685318814
4.25,0.6,0.00016725072707006995,0.00016215692989818246,0.00023295423503227216,0.7699358900932998
4.26,0.6,0.0001667812132330618,0.0001617073514125078,0.00023230419838724464,0.7699533080371719
4.2700000000000005,0.6,0.0001663134081472704,0.00016125939695936983,0.000231656519090787,0.7699707221044392
4.28,0.6,0.00016584730414325965,0.00016081305920113788,0.00023101118652830548,0.7699881320370672
4.29,0.6,0.00016538289359175443,0.00016036833083927794,0.00023036819014125555,0.770005537578065
4.3,0.6,0.0001649201689034071,0.00015992520461410943,0.00022972751942680505,0.7700229384714499
4.3100000000000005,0.6,0.0001644591225285657,0.00015948367330458044,0.0002290891639375113,0.7700403344622644
4.32,0.6,0.00016399974695704373,0.00015904372972804238,0.00022845311328099902,0.7700577252965868
4.33,0.6,0.00016354203471789092,0.00015860536674001445,0.00022781935711963178,0.7700751107215078
4.34,0.6,0.00016308597837916587,0.00015816857723396278,0.00022718788517019523,0.7700924904851423
4.3500000000000005,0.6,0.00016263157054770982,0.00015773335414107537,0.0002265586872035778,0.7701098643366318
4.36,0.6,0.00016217880386892183,0.0001572996904300335,0.00022593175304445054,0.770127232026125
4.37,0.6,0.00016172767102653546,0.00015686757910679666,0.0002253070725709568,0.7701445933047992
4.38,0.6,0.0001612781647423967,0.00015643701321437414,0.00022468463571439395,0.7701619479248336
4.39,0.6,0.00016083027777624335,0.00015600798583261433,0.00022406443245890856,0.7701792956394367
4.4,0.6,0.0001603840029254858,0.00015558049007798188,0.00022344645284118353,0.7701966362028281
4.41,0.6,0.00015993933302498896,0.00015515451910334032,0.00022283068695013066,0.7702139693702352
4.42,0.6,0.00015949626094685578,0.00015473006609773758,0.0002222171249265856,0.7702312948978931
4.43,0.6,0.0001590547796002119,0.0001543071242861998,0.0002216057569630101,0.7702486125430683
4.44,0.6,0.00015861488193099176,0.00015388568692950146,0.00022099657330317815,0.7702659220640014
4.45,0.6,0.00015817656092172598,0.00015346574732397238,0.00022038956424188925,0.7702832232199639
4.46,0.6,0.00015773980959132999,0.00015304729880128028,0.0002197847201246652,0.7703005157712313
4.47,0.6,0.00015730462099489403,0.0001526303347282149,0.00021918203134744914,0.7703177994790584
4.48,0.6,0.0001568709882234745,0.00015221484850650057,0.00021858148835632532,0.7703350741057431
4.49,0.6,0.00015643890440388645,0.0001518008335725706,0.00021798308164721315,0.7703523394145568
4.5,0.6,0.0001560083626984973,0.00015138828339737062,0.0002173868017655821,0.770369595169774
4.51,0.6,0.00015557935630502225,0.00015097719148615422,0.00021679263930616266,0.7703868411366614
4.5200000000000005,0.6,0.00015515187845632024,0.00015056755137828659,0.0002162005849126633,0.7704040770814999
4.53,0.6,0.00015472592242019186,0.0001501593566470338,0.00021561062927747863,0.7704213027715467
4.54,0.6,0.0001543014814991781,0.0001497526008993703,0.0002150227631414109,0.7704385179750588
4.55,0.6,0.00015387854903036035,0.00014934727777577876,0.00021443697729338714,0.7704557224612829
4.5600000000000005,0.6,0.00015345711838516185,0.00014894338095005404,0.00021385326257018037,0.7704729160004584
4.57,0.6,0.0001530371829691502,0.00014854090412910683,0.0002132716098561308,0.7704900983638145
4.58,0.6,0.000152618736221841,0.000148139841052763,0.00021269201008286553,0.7705072693235446
4.59,0.6,0.00015220177161650293,0.00014774018549358666,0.00021211445422903528,0.7705244286528625
4.6000000000000005,0.6,0.0001517862826599637,0.00014734193125666957,0.00021153893332002868,0.7705415761259373
4.61,0.6,0.0001513722628924177,0.00014694507217945604,0.00021096543842771205,0.7705587115179444
4.62,0.6,0.00015095970588723418,0.0001465496021315331,0.00021039396067014588,0.7705758346049971
4.63,0.6,0.00015054860525076717,0.00014615551501446464,0.00020982449121133292,0.7705929451642186
4.64,0.6,0.00015013895462216625,0.0001457628047615904,0.00020925702126094222,0.7706100429736962
4.65,0.6,0.00014973074767318852,0.0001453714653378409,0.00020869154207404556,0.7706271278124825
4.66,0.6,0.00014932397810801188,0.00014498149073956487,0.0002081280449508632,0.7706441994606341
4.67,0.6,0.0001489186396630493,0.00014459287499432705,0.00020756652123648988,0.7706612576991496
4.68,0.6,0.00014851472610676421,0.0001442056121607338,0.00020700696232064074,0.7706783023099932
4.69,0.6,0.00014811223123948716,0.0001438196963282565,0.00020644935963739686,0.7706953330761124
4.7,0.6,0.00014771114889323346,0.00014343512161704646,0.00020589370466494574,0.7707123497814163
4.71,0.6,0.00014731147293152206,0.00014305188217774898,0.00020533998892532143,0.770729352210755
4.72,0.6,0.00014691319724919545,0.0001426699721913372,0.00020478820398416004,0.7707463401499539
4.73,0.6,0.00014651631577224073,0.00014228938586893086,0.00020423834145044475,0.7707633133858014
4.74,0.6,0.00014612082245761166,0.0001419101174516207,0.00020369039297625613,0.7707802717060455
4.75,0.6,0.00014572671129305193,0.00014153216121028765,0.00020314435025651923,0.7707972148993711
4.76,0.6,0.00014533397629691946,0.0001411555114454364,0.00020260020502876167,0.770814142755424
4.7700000000000005,0.6,0.0001449426115180118,0.0001407801624870201,0.00020205794907286642,0.7708310550647983
4.78,0.6,0.0001445526110353925,0.00014040610869427207,0.00020151757421082962,0.7708479516190483
4.79,0.6,0.00014416396895821862,0.00014003334445552863,0.00020097907230651391,0.7708648322106582
4.8,0.6,0.00014377667942556938,0.0001396618641880627,0.00020044243526540936,0.7708816966330554
4.8100000000000005,0.6,0.00014339073660627564,0.0001392916623379244,0.0001999076550344,0.7708985446806365
4.82,0.6,0.00014300613469875063,0.00013892273337975895,0.00019937472360151572,0.7709153761487153
4.83,0.6,0.0001426228679308216,0.00013855507181664714,0.00019884363299570049,0.7709321908335416
4.84,0.6,0.00014224093055956253,0.00013818867217994433,0.00019831437528657978,0.7709489885323166
4.8500000000000005,0.6,0.00014186031687112786,0.00013782352902910608,0.0001977869425842203,0.7709657690431526
4.86,0.6,0.00014148102118058726,0.00013745963695154014,0.00019726132703890795,0.7709825321651254
4.87,0.6,0.00014110303783176133,0.0001370969905624262,0.0001967375208409048,0.7709992776982082
4.88,0.6,0.00014072636119705838,0.00013673558450457045,0.00019621551622023032,0.771016005443323
4.89,0.6,0.00014035098567731226,0.00013637541344823487,0.00019569530544642636,0.7710327152023035
4.9,0.6,0.00013997690570162095,0.0001360164720909825,0.0001951768808283335,0.7710494067779052
4.91,0.6,0.00013960411572718645,0.00013565875515752598,0.00019466023471387074,0.7710660799738314
4.92,0.6,0.0001392326102391553,0.00013530225739955958,0.00019414535948980395,0.7710827345946867
4.93,0.6,0.00013886238375046046,0.00013494697359560154,0.00019363224758152275,0.7710993704459739
4.94,0.6,0.00013849343080166382,0.00013459289855085368,0.0001931208914528297,0.7711159873341411
4.95,0.6,0.0001381257459607998,0.00013424002709703058,0.0001926112836057091,0.7711325850665234
4.96,0.6,0.00013775932382321994,0.00013388835409222289,0.00019210341658012028,0.7711491634513967
4.97,0.6,0.0001373941590114384,0.0001335378744207246,0.00019159728295376643,0.771165722297904
4.98,0.6,0.0001370302461749784,0.00013318858299290193,0.00019109287534189315,0.7711822614161239
4.99,0.6,0.0001366675799902196,0.00013284047474503444,0.00019059018639706822,0.7711987806170422
5.0,0.6,0.00013630615516024632,0.0001324935446391612,0.00019008920880896567,0.7712152797125262
5.01,0.6,0.00013594596641469688,0.0001321477876629319,0.0001895899353041538,0.7712317585153281
5.0200000000000005,0.6,0.00013558700850961375,0.00013180319882947846,0.0001890923586458985,0.7712482168391492
5.03,0.6,0.00013522927622729449,0.00013145977317724486,0.00018859647163393747,0.7712646544985517
5.04,0.6,0.00013487276437614373,0.0001311175057698532,0.000188102267104281,0.7712810713090028
5.05,0.6,0.00013451746779052624,0.00013077639169594953,0.00018760973792899898,0.771297467086832
5.0600000000000005,0.6,0.00013416338133062045,0.0001304364260690703,0.00018711887701602293,0.7713138416492722
5.07,0.6,0.00013381049988227316,0.00013009760402750157,0.0001866296773089436,0.7713301948144653
5.08,0.6,0.0001334588183568551,0.00012975992073411757,0.00018614213178679492,0.7713465264013855
5.09,0.6,0.00013310833169111736,0.00012942337137626387,0.00018565623346386955,0.7713628362299305
5.1000000000000005,0.6,0.0001327590348470486,0.00012908795116560313,0.0001851719753895092,0.7713791241208674
5.11,0.6,0.00013241092281173324,0.00012875365533797535,0.00018468935064790533,0.7713953898958272
5.12,0.6,0.0001320639905972105,0.0001284204791532711,0.00018420835235790975,0.7714116333773502
5.13,0.6,0.00013171823324033413,0.00012808841789526928,0.00018372897367282113,0.7714278543887887
5.14,0.6,0.00013137364580263333,0.00012775746687152602,0.00018325120778020762,0.7714440527544042
5.15,0.6,0.00013103022337017413,0.00012742762141323266,0.00018277504790170863,0.7714602282993415
5.16,0.6,0.0001306879610534219,0.00012709887687506322,0.0001823004872928298,0.771476380849561
5.17,0.6,0.0001303468539871045,0.00012677122863506045,0.00018182751924276564,0.7714925102319152
5.18,0.6,0.00013000689733007638,0.0001264446720944949,0.0001813561370742037,0.7715086162741156
5.19,0.6,0.00012966808626518352,0.00012611920267773376,0.0001808863341431363,0.7715246988047397
5.2,0.6,0.00012933041599912903,0.00012579481583209736,0.00018041810383866432,0.7715407576531814
5.21,0.6,0.00012899388176233976,0.0001254715070277538,0.00017995143958282793,0.7715567926497497
5.22,0.6,0.00012865847880883354,0.00012514927175755552,0.00017948633483039748,0.7715728036255354
5.23,0.6,0.00012832420241608742,0.00012482810553694217,0.00017902278306871153,0.7715887904125389
5.24,0.6,0.00012799104788490648,0.00012450800390378708,0.00017856077781747557,0.7716047528435661
5.25,0.6,0.00012765901053929369,0.00012418896241827996,0.00017810031262858707,0.7716206907522691
5.26,0.6,0.00012732808572632026,0.00012387097666280298,0.00017764138108595598,0.7716366039731586
5.2700000000000005,0.6,0.00012699826881599704,0.00012355404224180023,0.00017718397680532177,0.7716524923415813
5.28,0.6,0.0001266695552011466,0.00012323815478165214,0.00017672809343407397,0.7716683556937194
5.29,0.6,0.000126341940297276,0.00012292330993055376,0.00017627372465107622,0.7716841938665988
5.3,0.6,0.00012601541954245044,0.00012260950335838053,0.00017582086416648206,0.7717000066980484
5.3100000000000005,0.6,0.00012568998839716772,0.00012229673075657427,0.00017536950572156546,0.7717157940267287
5.32,0.6,0.0001253656423442332,0.00012198498783802812,0.000174919643088551,0.7717315556921673
5.33,0.6,0.00012504237688863585,0.00012167427033694243,0.00017447127007042448,0.771747291534659
5.34,0.6,0.00012472018755742484,0.00012136457400873128,0.00017402438050077938,0.7717630013953771
5.3500000000000005,0.6,0.00012439906989958682,0.00012105589462987688,0.00017357896824362723,0.7717786851162693
5.36,0.6,0.0001240790194859243,0.00012074822799782897,0.00017313502719324032,0.7717943425401295
5.37,0.6,0.0001237600319089342,0.00012044156993087801,0.00017269255127397648,0.7718099735105635
5.38,0.6,0.00012344210278268766,0.00012013591626803708,0.00017225153444011012,0.7718255778719865
5.39,0.6,0.00012312522774271032,0.00011983126286892327,0.00017181197067566413,0.7718411554696134
5.4,0.6,0.00012280940244586327,0.00011952760561364788,0.00017137385399424777,0.7718567061494856
5.41,0.6,0.00012249462257022482,0.00011922494040269161,0.00017093717843888497,0.771872229758432
5.42,0.6,0.00012218088381497314,0.00011892326315679516,0.00017050193808185383,0.7718877261440875
5.43,0.6,0.00012186818190026921,0.00011862256981684879,0.00017006812702452588,0.7719031951549082
5.44,0.6,0.00012155651256714082,0.0001183228563437665,0.00016963573939719504,0.771918636640121
5.45,0.6,0.00012124587157736706,0.00011802411871838334,0.0001692047693589233,0.7719340504497589
5.46,0.6,0.00012093625471336377,0.0001177263529413451,0.0001687752110973817,0.7719494364346722
5.47,0.6,0.0001206276577780693,0.00011742955503298283,0.0001683470588286809,0.7719647944464638
5.48,0.6,0.00012032007659483125,0.00011713372103321727,0.00016792030679722337,0.7719801243375528
5.49,0.6,0.00012001350700729383,0.00011683884700144131,0.00016749494927554076,0.7719954259611423
5.5,0.6,0.00011970794487928583,0.00011654492901640843,0.0001670709805641357,0.7720106991712066
5.51,0.6,0.00011940338609470927,0.00011625196317612501,0.00016664839499132698,0.7720259438224941
5.5200000000000005,0.6,0.00011909982655742883,0.00011595994559774795,0.00016622718691309884,0.7720411597705503
5.53,0.6,0.00011879726219116176,0.00011566887241747267,0.00016580735071294398,0.7720563468716959
5.54,0.6,0.0001184956889393687,0.00011537873979042771,0.00016538888080171185,0.7720715049830313
5.55,0.6,0.00011819510276514483,0.00011508954389056637,0.00016497177161745507,0.7720866339624237
5.5600000000000005,0.6,0.00011789549965111198,0.00011480128091056002,0.00016455601762527757,0.7721017336685017
5.57,0.6,0.00011759687559931128,0.00011451394706169853,0.00016414161331718835,0.7721168039606736
5.58,0.6,0.00011729922663109631,0.00011422753857378158,0.0001637285532119491,0.7721318446991083
5.59,0.6,0.00011700254878702712,0.00011394205169501634,0.0001633168318549268,0.7721468557447366
5.6000000000000005,0.6,0.00011670683812676476,0.00011365748269191197,0.0001629064438179446,0.7721618369592398
5.61,0.6,0.00011641209072896642,0.00011337382784918734,0.0001624973836991423,0.7721767882050887
5.62,0.6,0.00011611830269118131,0.00011309108346965234,0.00016208964612281896,0.7721917093454698
5.63,0.6,0.00011582547012974703,0.00011280924587412326,0.00016168322573929963,0.7722066002443535
5.64,0.6,0.00011553358917968663,0.00011252831140131072,0.00016127811722478334,0.772221460766441
5.65,0.6,0.00011524265599460637,0.00011224827640772599,0.00016087431528120466,0.7722362907771911
5.66,0.6,0.00011495266674659386,0.0001119691372675842,0.00016047181463609296,0.772251090142825
5.67,0.6,0.00011466361762611706,0.00011169089037269716,0.00016007061004242546,0.77226585873029
5.68,0.6,0.00011437550484192377,0.00011141353213237928,0.0001596706962784895,0.7722805964072728
5.69,0.6,0.00011408832462094165,0.00011113705897335164,0.00015927206814774397,0.7722953030422044
5.7,0.6,0.00011380207320817899,0.00011086146733964266,0.000158874720478679,0.7723099785042455
5.71,0.6,0.00011351674686662593,0.00011058675369249672,0.00015847864812468135,0.7723246226633087
5.72,0.6,0.00011323234187715642,0.00011031291451027303,0.0001580838459638936,0.7723392353900298
5.73,0.6,0.00011294885453843062,0.00011003994628834946,0.00015769030889907723,0.7723538165557593
5.74,0.6,0.00011266628116679796,0.00010976784553903825,0.00015729803185748426,0.7723683660326097
5.75,0.6,0.00011238461809620077,0.0001094966087914795,0.00015690700979071394,0.7723828836933935
5.76,0.6,0.00011210386167807847,0.00010922623259155329,0.00015651723767458282,0.7723973694116464
5.7700000000000005,0.6,0.00011182400828127233,0.00010895671350178804,0.0001561287105089925,0.7724118230616308
5.78,0.6,0.00011154505429193082,0.00010868804810126475,0.00015574142331779505,0.7724262445183165
5.79,0.6,0.00011126699611341551,0.00010842023298553398,0.0001553553711486677,0.7724406336574186
5.8,0.6,0.00011098983016620754,0.00010815326476651251,0.0001549705490729737,0.7724549903553384
5.8100000000000005,0.6,0.00011071355288781461,0.00010788714007239997,0.0001545869521856375,0.7724693144891956
5.82,0.6,0.00011043816073267857,0.00010762185554759191,0.0001542045756050179,0.7724836059368378
5.83,0.6,0.00011016365017208355,0.00010735740785257788,0.0001538234144727712,0.772497864576783
5.84,0.6,0.00010989001769406458,0.00010709379366386564,0.00015344346395373265,0.7725120902882763
5.8500000000000005,0.6,0.00010961725980331693,0.00010683100967388992,0.0001530647192357881,0.772526282951274
5.86,0.6,0.00010934537302110564,0.00010656905259091955,0.00015268717552974418,0.7725404424464202
5.87,0.6,0.00010907435388517604,0.00010630791913896631,0.0001523108280692007,0.7725545686550239
5.88,0.6,0.00010880419894966442,0.00010604760605771918,0.00015193567211044072,0.7725686614591574
5.89,0.6,0.00010853490478500945,0.00010578811010243551,0.00015156170293229119,0.7725827207415454
5.9,0.6,0.00010826646797786402,0.00010552942804386439,0.00015118891583600633,0.7725967463856076
5.91,0.6,0.00010799888513100765,0.00010527155666816292,0.00015081730614514643,0.7726107382754628
5.92,0.6,0.00010773215286325941,0.00010501449277680841,0.00015044686920545418,0.7726246962959111
5.93,0.6,0.00010746626780939138,0.00010475823318651295,0.00015007760038473315,0.7726386203324269
5.94,0.6,0.00010720122662004255,0.00010450277472914098,0.00014970949507272846,0.7726525102711612
5.95,0.6,0.00010693702596163331,0.00010424811425163552,0.00014934254868101418,0.7726663659989845
5.96,0.6,0.00010667366251628043,0.00010399424861591466,0.0001489767566428601,0.7726801874033855
5.97,0.6,0.00010641113298171248,0.00010374117469881109,0.000148612114413129,0.7726939743725714
5.98,0.6,0.00010614943407118586,0.00010348888939197929,0.00014824861746815164,0.7727077267954137
5.99,0.6,0.00010588856251340123,0.00010323738960181826,0.00014788626130561315,0.7727214445614625
6.0,0.6,0.00010562851505242043,0.00010298667224938599,0.00014752504144443363,0.7727351275609236
6.01,0.6,0.00010536928844758406,0.00010273673427031932,0.0001471649534246533,0.7727487756846534
6.0200000000000005,0.6,0.00010511087947342927,0.00010248757261476689,0.00014680599280732682,0.7727623888242197
6.03,0.6,0.00010485328491960831,0.00010223918424728856,0.00014644815517439466,0.7727759668717962
6.04,0.6,0.00010459650159080734,0.00010199156614679827,0.0001460914361285852,0.7727895097202637
6.05,0.6,0.00010434052630666591,0.00010174471530646541,0.00014573583129328814,0.7728030172631097
6.0600000000000005,0.6,0.00010408535590169672,0.00010149862873366096,0.00014538133631245936,0.772816489394542
6.07,0.6,0.00010383098722520603,0.00010125330344985579,0.00014502794685049319,0.772829926009369
6.08,0.6,0.00010357741714121445,0.0001010087364905558,0.00014467565859212006,0.7728433270030539
6.09,0.6,0.00010332464252837822,0.00010076492490523527,0.00014432446724230388,0.772856692271763
6.1000000000000005,0.6,0.00010307266027991087,0.00010052186575723757,0.0001439743685261165,0.772870021712246
6.11,0.6,0.00010282146730350558,0.0001002795561237164,0.0001436253581886411,0.7728833152219177
6.12,0.6,0.00010257106052125765,0.00010003799309555543,0.00014327743199486057,0.7728965726988286
6.13,0.6,0.00010232143686958772,9.979717377730176e-05,0.0001429305857295561,0.7729097940417033
6.140000000000001,0.6,0.00010207259329916535,9.955709528707388e-05,0.00014258481519718825,0.7729229791498486
6.15,0.6,0.00010182452677483293,9.931775475651237e-05,0.00014224011622180786,0.7729361279232734
6.16,0.6,0.00010157723427553031,9.907914933068422e-05,0.00014189648464693546,0.7729492402625731
6.17,0.6,0.00010133071279421949,9.884127616801845e-05,0.0001415539163354624,0.7729623160689716
6.18,0.6,0.00010108495933781014,9.8604132440238e-05,0.00014121240716954983,0.7729753552443377
6.19,0.6,0.00010083997092708533,9.836771533228507e-05,0.00014087195305052347,0.772988357691172
6.2,0.6,0.00010059574459662774,9.813202204224954e-05,0.00014053254989877082,0.7730013233126019
6.21,0.6,0.0001003522773947463,9.78970497812947e-05,0.00014019419365363673,0.7730142520123646
6.22,0.6,0.00010010956638340334,9.766279577359189e-05,0.0001398568802733257,0.7730271436948315
6.23,0.6,9.9867608638142e-05,9.742925725624531e-05,0.0001395206057347972,0.7730399982649807
6.24,0.6,9.96264012480143e-05,9.719643147922522e-05,0.00013918536603366773,0.7730528156284091
6.25,0.6,9.93859413155094e-05,9.69643157052984e-05,0.00013885115718411084,0.7730655956913304
6.26,0.6,9.914622595648235e-05,9.673290720996173e-05,0.0001385179752187597,0.7730783383605866
6.2700000000000005,0.6,9.890725230008347e-05,9.650220328136504e-05,0.00013818581618860263,0.7730910435435998
6.28,0.6,9.866901748868772e-05,9.627220122025398e-05,0.00013785467616289276,0.7731037111484289
6.29,0.6,9.843151867782491e-05,9.604289833988733e-05,0.00013752455122904028,0.7731163410836879
6.3,0.6,9.819475303611007e-05,9.581429196599732e-05,0.00013719543749253482,0.7731289332586879
6.3100000000000005,0.6,9.795871774517425e-05,9.558637943668936e-05,0.00013686733107682588,0.7731414875832643
6.32,0.6,9.772340999959585e-05,9.535915810239709e-05,0.0001365402281232424,0.7731540039678819
6.33,0.6,9.748882700683218e-05,9.51326253258062e-05,0.00013621412479089044,0.7731664823235844
6.34,0.6,9.725496598715158e-05,9.49067784817966e-05,0.00013588901725656427,0.7731789225620331
6.3500000000000005,0.6,9.702182417356581e-05,9.468161495737346e-05,0.00013556490171464974,0.773191324595484
6.36,0.6,9.678939881176294e-05,9.445713215160163e-05,0.00013524177437703052,0.7732036883367837
6.37,0.6,9.655768716004048e-05,9.423332747553328e-05,0.00013491963147298965,0.7732160136993262
6.38,0.6,9.632668648923916e-05,9.401019835216574e-05,0.00013459846924913268,0.7732283005971667
6.390000000000001,0.6,9.609639408267679e-05,9.378774221635239e-05,0.0001342782839692781,0.7732405489448864
6.4,0.6,9.586680723608271e-05,9.356595651475807e-05,0.00013395907191437927,0.773252758657688
6.41,0.6,9.563792325753254e-05,9.334483870578565e-05,0.00013364082938242648,0.7732649296513419
6.42,0.6,9.540973946738341e-05,9.312438625951335e-05,0.0001333235526883567,0.7732770618421814
6.43,0.6,9.518225319820937e-05,9.290459665764306e-05,0.0001330072381639713,0.7732891551471579
6.44,0.6,9.495546179473742e-05,9.268546739342598e-05,0.00013269188215783836,0.7733012094837726
6.45,0.6,9.472936261378365e-05,9.246699597160806e-05,0.0001323774810352089,0.7733132247701127
6.46,0.6,9.450395302419004e-05,9.224917990836166e-05,0.00013206403117792367,0.7733252009248086
6.47,0.6,9.427923040676136e-05,9.203201673123241e-05,0.0001317515289843311,0.7733371378670757
6.48,0.6,9.40551921542026e-05,9.181550397907908e-05,0.00013143997086920045,0.7733490355167136
6.49,0.6,9.383183567105676e-05,9.15996392020107e-05,0.00013112935326363328,0.7733608937940875
6.5,0.6,9.360915837364283e-05,9.138441996132311e-05,0.0001308196726149749,0.7733727126201084
6.51,0.6,9.338715768999441e-05,9.116984382944528e-05,0.00013051092538673276,0.7733844919162607
6.5200000000000005,0.6,9.316583105979843e-05,9.095590838987436e-05,0.00013020310805848727,0.7733962316045693
6.53,0.6,9.294517593433439e-05,9.074261123712773e-05,0.000129896217125815,0.773407931607653
6.54,0.6,9.272518977641385e-05,9.052994997667496e-05,0.00012959024910019748,0.773419591848675
6.55,0.6,9.250587006032031e-05,9.031792222487892e-05,0.0001292852005089374,0.7734312122513307
6.5600000000000005,0.6,9.22872142717495e-05,9.010652560894772e-05,0.00012898106789508202,0.7734427927399024
6.57,0.6,9.206921990774989e-05,8.989575776686845e-05,0.0001286778478173345,0.7734543332392052
6.58,0.6,9.185188447666362e-05,8.968561634735303e-05,0.0001283755368499737,0.7734658336746025
6.59,0.6,9.163520549806782e-05,8.947609900977784e-05,0.00012807413158277,0.7734772939719825
6.6000000000000005,0.6,9.141918050271613e-05,8.926720342414104e-05,0.00012777362862091368,0.7734887140578328
6.61,0.6,9.120380703248068e-05,8.905892727099011e-05,0.0001274740245849227,0.7735000938591461
6.62,0.6,9.098908264029438e-05,8.885126824137549e-05,0.0001271753161105691,0.7735114333034696
6.63,0.6,9.07750048900935e-05,8.86442240367907e-05,0.00012687749984879605,0.7735227323188791
6.640000000000001,0.6,9.056157135676063e-05,8.843779236911914e-05,0.00012658057246563975,0.7735339908339847
6.65,0.6,9.03487796260679e-05,8.823197096058613e-05,0.00012628453064215546,0.77354520877797
6.66,0.6,9.013662729462063e-05,8.802675754369127e-05,0.00012598937107432975,0.7735563860805121
6.67,0.6,8.992511196980129e-05,8.782214986115476e-05,0.00012569509047300305,0.7735675226717831
6.68,0.6,8.971423126971357e-05,8.761814566589531e-05,0.0001254016855638141,0.7735786184826279
6.69,0.6,8.950398282312716e-05,8.741474272092374e-05,0.00012510915308708604,0.7735896734442598
6.7,0.6,8.92943642694225e-05,8.721193879933935e-05,0.00012481748979778447,0.7736006874885422
6.71,0.6,8.9085373258536e-05,8.700973168423156e-05,0.00012452669246540942,0.7736116605477235
6.72,0.6,8.887700745090556e-05,8.680811916867948e-05,0.00012423675787395604,0.773622592554736
6.73,0.6,8.866926451741646e-05,8.660709905565537e-05,0.00012394768282180863,0.7736334834429384
6.74,0.6,8.846214213934742e-05,8.640666915798508e-05,0.00012365946412167407,0.7736443331461835
6.75,0.6,8.825563800831709e-05,8.620682729831257e-05,0.00012337209860051906,0.7736551415989097
6.76,0.6,8.804974982623078e-05,8.600757130903955e-05,0.00012308558309948956,0.7736659087360875
6.7700000000000005,0.6,8.784447530522756e-05,8.580889903225578e-05,0.00012279991447382445,0.7736766344931083
6.78,0.6,8.76398121676276e-05,8.561080831972237e-05,0.00012251508959280604,0.7736873188059787
6.79,0.6,8.743575814587988e-05,8.541329703278491e-05,0.00012223110533966198,0.7736979616111066
6.8,0.6,8.723231098251007e-05,8.521636304236432e-05,0.0001219479586115216,0.77370856284554
6.8100000000000005,0.6,8.702946843006891e-05,8.502000422886473e-05,0.00012166564631931455,0.7737191224467135
6.82,0.6,8.682722825108066e-05,8.482421848214928e-05,0.00012138416538771709,0.7737296403525993
6.83,0.6,8.662558821799207e-05,8.462900370149344e-05,0.00012110351275508286,0.7737401165017155
6.84,0.6,8.642454611312144e-05,8.443435779553113e-05,0.00012082368537336884,0.7737505508330988
6.8500000000000005,0.6,8.62240997286081e-05,8.424027868218225e-05,0.00012054468020804853,0.7737609432861596
6.86,0.6,8.602424686636215e-05,8.404676428865015e-05,0.0001202664942380742,0.7737712938009516
6.87,0.6,8.582498533801444e-05,8.385381255133261e-05,0.000119989124455779,0.773781602317928
6.88,0.6,8.562631296486692e-05,8.366142141580171e-05,0.00011971256786682716,0.7737918687781029
6.890000000000001,0.6,8.542822757784319e-05,8.346958883673828e-05,0.00011943682149013307,0.7738020931229412
6.9,0.6,8.523072701743936e-05,8.327831277789368e-05,0.00011916188235779911,0.7738122752944143
6.91,0.6,8.503380913367526e-05,8.308759121203927e-05,0.00011888774751504571,0.7738224152349709
6.92,0.6,8.483747178604582e-05,8.289742212092605e-05,0.00011861441402014816,0.7738325128875783
6.93,0.6,8.464171284347273e-05,8.270780349523964e-05,0.00011834187894437063,0.7738425681957275
6.94,0.6,8.444653018425653e-05,8.25187333345161e-05,0.00011807013937187306,0.7738525811032
6.95,0.6,8.42519216960288e-05,8.233020964716015e-05,0.0001177991923996897,0.7738625515544557
6.96,0.6,8.405788527570463e-05,8.214223045036001e-05,0.00011752903513763555,0.773872479494389
6.97,0.6,8.386441882943551e-05,8.195479377005025e-05,0.00011725966470824673,0.7738823648683804
6.98,0.6,8.367152027256238e-05,8.176789764086048e-05,0.000116991078246711,0.7738922076222536
6.99,0.6,8.347918752956889e-05,8.158154010607364e-05,0.00011672327290080514,0.7739020077022944
7.0,0.6,8.328741853403504e-05,8.139571921760003e-05,0.00011645624583084373,0.77391176505536
7.01,0.6,8.309621122859107e-05,8.121043303589706e-05,0.00011618999420958995,0.7739214796286613
7.0200000000000005,0.6,8.290556356487152e-05,8.102567962996334e-05,0.00011592451522221867,0.7739311513699914
7.03,0.6,8.271547350346964e-05,8.084145707725828e-05,0.00011565980606622761,0.7739407802275005
7.04,0.6,8.252593901389202e-05,8.065776346368483e-05,0.00011539586395139281,0.7739503661498546
7.05,0.6,8.233695807451352e-05,8.047459688354583e-05,0.00011513268609970585,0.7739599090862335
7.0600000000000005,0.6,8.214852867253235e-05,8.02919554394854e-05,0.00011487026974530085,0.7739694089862317
7.07,0.6,8.196064880392556e-05,8.010983724245776e-05,0.00011460861213440069,0.7739788657999269
7.08,0.6,8.177331647340464e-05,7.992824041168135e-05,0.00011434771052525329,0.7739882794778614
7.09,0.6,8.158652969437143e-05,7.974716307459427e-05,0.00011408756218806888,0.7739976499710237
7.1000000000000005,0.6,8.140028648887432e-05,7.956660336681818e-05,0.0001138281644049634,0.7740069772308829
7.11,0.6,8.121458488756461e-05,7.938655943210385e-05,0.0001135695144698893,0.7740162612093107
7.12,0.6,8.102942292965319e-05,7.920702942229826e-05,0.00011331160968858145,0.7740255018586306
7.13,0.6,8.084479866286742e-05,7.902801149732248e-05,0.00011305444737851097,0.7740346991317413
7.140000000000001,0.6,8.066071014340829e-05,7.884950382508913e-05,0.00011279802486879666,0.774043852981849
7.15,0.6,8.047715543590779e-05,7.867150458150485e-05,0.00011254233950017657,0.7740529633627444
7.16,0.6,8.029413261338651e-05,7.849401195039193e-05,0.00011228738862492248,0.7740620302285572
7.17,0.6,8.011163975721155e-05,7.831702412347704e-05,0.00011203316960680227,0.7740710535339437
7.18,0.6,7.992967495705459e-05,7.814053930032673e-05,0.00011177967982100461,0.7740800332339259
7.19,0.6,7.974823631085021e-05,7.796455568831977e-05,0.00011152691665408993,0.7740889692839712
7.2,0.6,7.956732192475446e-05,7.778907150262624e-05,0.00011127487750394611,0.7740978616401097
7.21,0.6,7.938692991310373e-05,7.761408496613034e-05,0.00011102355977970506,0.7741067102586898
7.22,0.6,7.920705839837369e-05,7.743959430942675e-05,0.00011077296090171093,0.7741155150966081
7.23,0.6,7.902770551113859e-05,7.726559777074348e-05,0.00011052307830143696,0.7741242761110598
7.24,0.6,7.884886939003078e-05,7.70920935959474e-05,0.00011027390942146037,0.7741329932598235
7.25,0.6,7.867054818170038e-05,7.69190800384602e-05,0.00011002545171537488,0.7741416665009662
7.26,0.6,7.849274004077528e-05,7.67465553592634e-05,0.00010977770264776544,0.7741502957931221
7.2700000000000005,0.6,7.831544312982125e-05,7.657451782682766e-05,0.00010953065969413045,0.7741588810952793
7.28,0.6,7.813865561930238e-05,7.640296571708752e-05,0.00010928432034083566,0.7741674223668622
7.29,0.6,7.79623756875417e-05,7.623189731341917e-05,0.00010903868208507052,0.7741759195678286
7.3,0.6,7.778660152068198e-05,7.606131090656237e-05,0.00010879374243476556,0.774184372658405
7.3100000000000005,0.6,7.761133131264679e-05,7.589120479462414e-05,0.00010854949890856711,0.7741927815993508
7.32,0.6,7.743656326510183e-05,7.572157728301595e-05,0.00010830594903576569,0.7742011463517899
7.33,0.6,7.726229558741631e-05,7.555242668443436e-05,0.00010806309035625493,0.7742094668773225
7.34,0.6,7.70885264966248e-05,7.538375131881061e-05,0.00010782092042046898,0.7742177431379345
7.3500000000000005,0.6,7.6915254217389e-05,7.521554951327735e-05,0.00010757943678933188,0.774225975096015
7.36,0.6,7.674247698196e-05,7.504781960214661e-05,0.00010733863703421524,0.7742341627144489
7.37,0.6,7.657019303014052e-05,7.488055992684422e-05,0.0001070985187368653,0.7742423059564203
7.38,0.6,7.639840060924755e-05,7.471376883591091e-05,0.00010685907948937708,0.7742504047856569
7.390000000000001,0.6,7.622709797407503e-05,7.454744468493327e-05,0.0001066203168941193,0.774258459166203
7.4,0.6,7.60562833868569e-05,7.438158583654439e-05,0.00010638222856370845,0.7742664690626615
7.41,0.6,7.588595511723022e-05,7.421619066034309e-05,0.00010614481212092597,0.774274434439886
7.42,0.6,7.571611144219857e-05,7.405125753288815e-05,0.00010590806519868804,0.7742823552631757
7.43,0.6,7.554675064609561e-05,7.388678483766415e-05,0.00010567198543999553,0.774290231498278
7.44,0.6,7.537787102054893e-05,7.372277096503793e-05,0.00010543657049787778,0.7742980631113272
7.45,0.6,7.520947086444398e-05,7.355921431223197e-05,0.00010520181803534824,0.7743058500688953
7.46,0.6,7.504154848388827e-05,7.339611328327447e-05,0.00010496772572534385,0.7743135923378839
7.47,0.6,7.487410219217576e-05,7.323346628898844e-05,0.00010473429125069202,0.7743212898856808
7.48,0.6,7.470713030975148e-05,7.30712717469433e-05,0.00010450151230405147,0.7743289426800581
7.49,0.6,7.454063116417622e-05,7.290952808142031e-05,0.00010426938658786277,0.7743365506891662
7.5,0.6,7.437460309009166e-05,7.274823372338628e-05,0.00010403791181430503,0.7743441138815785
7.51,0.6,7.420904442918535e-05,7.258738711045089e-05,0.00010380708570524103,0.774351632226228
7.5200000000000005,0.6,7.404395353015625e-05,7.242698668684174e-05,0.00010357690599217516,0.7743591056924606
7.53,0.6,7.387932874868016e-05,7.226703090336765e-05,0.00010334737041620292,0.7743665342500066
7.54,0.6,7.371516844737554e-05,7.210751821739488e-05,0.00010311847672796996,0.7743739178690423
7.55,0.6,7.35514709957694e-05,7.194844709280399e-05,0.00010289022268761752,0.7743812565201145
7.5600000000000005,0.6,7.33882347702635e-05,7.178981599995035e-05,0.0001026626060647305,0.774388550174089
7.57,0.6,7.322545815410052e-05,7.163162341565594e-05,0.0001024356246383077,0.7743957988023169
7.58,0.6,7.306313953733071e-05,7.147386782316428e-05,0.00010220927619670641,0.7744030023765411
7.59,0.6,7.290127731677847e-05,7.131654771209605e-05,0.00010198355853758737,0.7744101608688068
7.6000000000000005,0.6,7.273986989600928e-05,7.115966157844474e-05,0.00010175846946788823,0.7744172742516513
7.61,0.6,7.257891568529671e-05,7.100320792451606e-05,0.00010153400680375748,0.7744243424978992
7.62,0.6,7.241841310158966e-05,7.084718525891073e-05,0.00010131016837051901,0.7744313655807566
7.63,0.6,7.225836056847978e-05,7.06915920965029e-05,0.00010108695200263378,0.7744383434738804
7.640000000000001,0.6,7.209875651616903e-05,7.053642695840233e-05,0.00010086435554365008,0.7744452761513254
7.65,0.6,7.193959938143748e-05,7.038168837190932e-05,0.00010064237684614904,0.7744521635874437
7.66,0.6,7.178088760761129e-05,7.02273748704998e-05,0.0001004210137717113,0.7744590057569924
7.67,0.6,7.162261964453074e-05,7.00734849937936e-05,0.00010020026419087196,0.7744658026351248
7.68,0.6,7.146479394851859e-05,6.992001728751873e-05,9.998012598307295e-05,0.774472554197347
7.69,0.6,7.130740898234853e-05,6.976697030348011e-05,9.97605970366186e-05,0.7744792604195108
7.7,0.6,7.115046321521389e-05,6.961434259955116e-05,9.954167524864743e-05,0.7744859212779649
7.71,0.6,7.099395512269632e-05,6.946213273961373e-05,9.932335852506769e-05,0.7744925367493356
7.72,0.6,7.083788318673493e-05,6.931033929353635e-05,9.910564478052011e-05,0.7744991068105822
7.73,0.6,7.068224589559529e-05,6.915896083716583e-05,9.888853193834983e-05,0.7745056314391476
7.74,0.6,7.052704174383895e-05,6.90079959522667e-05,9.867201793054228e-05,0.7745121106127275
7.75,0.6,7.037226923229275e-05,6.885744322651893e-05,9.845610069769966e-05,0.7745185443094682
7.76,0.6,7.021792686801857e-05,6.870730125346718e-05,9.82407781889837e-05,0.7745249325078012
7.7700000000000005,0.6,7.006401316428317e-05,6.855756863251674e-05,9.802604836209143e-05,0.7745312751866256
7.78,0.6,6.991052664052813e-05,6.840824396887428e-05,9.781190918319209e-05,0.7745375723250811
7.79,0.6,6.975746582234005e-05,6.825932587354532e-05,9.759835862690414e-05,0.7745438239027367
7.8,0.6,6.960482924142086e-05,6.811081296329904e-05,9.738539467624938e-05,0.7745500298995376
7.8100000000000005,0.6,6.945261543555827e-05,6.796270386063839e-05,9.717301532261092e-05,0.7745561902957934
7.82,0.6,6.930082294859645e-05,6.781499719376514e-05,9.696121856568783e-05,0.7745623050721222
7.83,0.6,6.914945033040682e-05,6.766769159656302e-05,9.675000241346233e-05,0.7745683742095331
7.84,0.6,6.899849613685902e-05,6.752078570855993e-05,9.653936488215271e-05,0.7745743976893467
7.8500000000000005,0.6,6.884795892979198e-05,6.737427817491448e-05,9.632930399618323e-05,0.7745803754933007
7.86,0.6,6.869783727698526e-05,6.722816764637957e-05,9.611981778813806e-05,0.7745863076034789
7.87,0.6,6.854812975213049e-05,6.708245277926285e-05,9.591090429871333e-05,0.7745921940022207
7.88,0.6,6.839883493480287e-05,6.693713223542861e-05,9.570256157669796e-05,0.7745980346723318
7.890000000000001,0.6,6.8249951410433e-05,6.679220468224805e-05,9.549478767891881e-05,0.7746038295969164
7.9,0.6,6.810147777027873e-05,6.66476687925816e-05,9.528758067020815e-05,0.7746095787594411
7.91,0.6,6.795341261139726e-05,6.650352324474924e-05,9.508093862336292e-05,0.77461528214371
7.92,0.6,6.780575453661725e-05,6.635976672250358e-05,9.487485961910607e-05,0.7746209397338641
7.930000000000001,0.6,6.765850215451126e-05,6.621639791501419e-05,9.466934174605578e-05,0.7746265515144546
7.94,0.6,6.751165407936821e-05,6.60734155168134e-05,9.44643831006679e-05,0.774632117470234
7.95,0.6,6.736520893116603e-05,6.593081822781176e-05,9.425998178722722e-05,0.7746376375864665
7.96,0.6,6.721916533554447e-05,6.578860475322872e-05,9.405613591777951e-05,0.7746431118485995
7.97,0.6,6.707352192377804e-05,6.564677380360432e-05,9.385284361212038e-05,0.7746485402425427
7.98,0.6,6.692827733274909e-05,6.550532409474781e-05,9.365010299774007e-05,0.7746539227544753
7.99,0.6,6.678343020492107e-05,6.536425434772446e-05,9.344791220979516e-05,0.7746592593709356
8.0,0.6,6.66389791883119e-05,6.522356328882896e-05,9.324626939107078e-05,0.7746645500788092
8.01,0.6,6.649492293646748e-05,6.508324964955694e-05,9.304517269194196e-05,0.7746697948653054
8.02,0.6,6.635126010843538e-05,6.494331216658576e-05,9.284462027034121e-05,0.7746749937179982
8.03,0.6,6.620798936873864e-05,6.480374958174327e-05,9.264461029171799e-05,0.7746801466247764
8.040000000000001,0.6,6.606510938734971e-05,6.466456064197526e-05,9.244514092899733e-05,0.7746852535737849
8.05,0.6,6.592261883966461e-05,6.452574409934022e-05,9.224621036255767e-05,0.7746903145535682
8.06,0.6,6.578051640647704e-05,6.438729871097541e-05,9.20478167801886e-05,0.7746953295530012
8.07,0.6,6.563880077395287e-05,6.424922323906486e-05,9.184995837705028e-05,0.7747002985612266
8.08,0.6,6.549747063360454e-05,6.411151645085213e-05,9.1652633355664e-05,0.7747052215679391
8.09,0.6,6.535652468226582e-05,6.397417711854792e-05,9.145583992582957e-05,0.7747100985628581
8.1,0.6,6.521596162206646e-05,6.383720401936364e-05,9.125957630463063e-05,0.7747149295361688
8.11,0.6,6.507578016040725e-05,6.370059593546381e-05,9.106384071638359e-05,0.7747197144783393
8.120000000000001,0.6,6.493597900993496e-05,6.356435165395872e-05,9.086863139261446e-05,0.7747244533802458
8.13,0.6,6.479655688851755e-05,6.342846996686321e-05,9.06739465720124e-05,0.7747291462330339
8.14,0.6,6.465751251921954e-05,6.329294967107369e-05,9.0479784500396e-05,0.7747337930281204
8.15,0.6,6.45188446302774e-05,6.315778956835981e-05,9.028614343068982e-05,0.77473839375731
8.16,0.6,6.438055195507515e-05,6.302298846532579e-05,9.009302162287998e-05,0.7747429484126731
8.17,0.6,6.424263323212007e-05,6.28885451734012e-05,8.990041734399025e-05,0.7747474569866526
8.18,0.6,6.410508720501858e-05,6.27544585088106e-05,8.970832886804363e-05,0.774751919472005
8.19,0.6,6.396791262245213e-05,6.262072729253949e-05,8.951675447602125e-05,0.7747563358617096
8.2,0.6,6.383110823815342e-05,6.248735035033224e-05,8.9325692455844e-05,0.7747607061491308
8.21,0.6,6.369467281088248e-05,6.235432651266804e-05,8.913514110233847e-05,0.7747650303280063
8.22,0.6,6.355860510440317e-05,6.222165461471606e-05,8.89450987171889e-05,0.774769308392266
8.23,0.6,6.342290388745953e-05,6.208933349634361e-05,8.875556360892597e-05,0.7747735403362768
8.24,0.6,6.328756793375251e-05,6.195736200206117e-05,8.856653409287162e-05,0.7747777261545754
8.25,0.6,6.315259602191663e-05,6.182573898102227e-05,8.837800849112237e-05,0.774781865842046
8.26,0.6,6.30179869354968e-05,6.169446328700942e-05,8.818998513252283e-05,0.7747859593939816
8.27,0.6,6.288373946292537e-05,6.156353377838765e-05,8.80024623526169e-05,0.774790006805886
8.28,0.6,6.274985239749922e-05,6.143294931809858e-05,8.781543849362712e-05,0.7747940080735982
8.290000000000001,0.6,6.261632453735696e-05,6.130270877362352e-05,8.762891190441264e-05,0.7747979631931678
8.3,0.6,6.248315468545625e-05,6.11728110170027e-05,8.744288094046639e-05,0.774801872161186
8.31,0.6,6.235034164955134e-05,6.104325492475209e-05,8.725734396384093e-05,0.7748057349742803
8.32,0.6,6.221788424217056e-05,6.0914039377890915e-05,8.70722993431515e-05,0.7748095516295117
8.33,0.6,6.208578128059413e-05,6.078516326190195e-05,8.688774545353244e-05,0.7748133221242202
8.34,0.6,6.195403158683183e-05,6.065662546671016e-05,8.670368067660628e-05,0.774817046456024
8.35,0.6,6.182263398760112e-05,6.0528424886673486e-05,8.65201034004616e-05,0.7748207246229115
8.36,0.6,6.169158731430506e-05,6.040056042053976e-05,8.63370120196072e-05,0.7748243566230597
8.370000000000001,0.6,6.156089040301052e-05,6.02730309714549e-05,8.615440493496216e-05,0.7748279424550693
8.38,0.6,6.143054209442646e-05,6.0145835446907145e-05,8.597228055380136e-05,0.7748314821176736
8.39,0.6,6.130054123388238e-05,6.0018972758746296e-05,8.57906372897535e-05,0.7748349756100663
8.4,0.6,6.117088667130677e-05,5.989244182312385e-05,8.56094735627438e-05,0.7748384229315715
8.41,0.6,6.104157726120577e-05,5.97662415605099e-05,8.542878779899064e-05,0.7748418240819541
8.42,0.6,6.091261186264191e-05,5.964037089564786e-05,8.524857843095863e-05,0.7748451790612068
8.43,0.6,6.078398933921298e-05,5.9514828757540526e-05,8.50688438973337e-05,0.7748484878696016
8.44,0.6,6.0655708559030955e-05,5.938961407942787e-05,8.488958264299264e-05,0.7748517505076684
8.45,0.6,6.052776839470112e-05,5.926472579878409e-05,8.471079311898598e-05,0.7748549669763367
8.46,0.6,6.040016772330119e-05,5.9140162857269275e-05,8.453247378248934e-05,0.7748581372766932
8.47,0.6,6.0272905426360685e-05,5.901592420072769e-05,8.435462309678738e-05,0.7748612614101318
8.48,0.6,6.0145980389840295e-05,5.889200877917771e-05,8.417723953125214e-05,0.7748643393784316
8.49,0.6,6.0019391504111386e-05,5.8768415546772655e-05,8.400032156130087e-05,0.7748673711835896
8.5,0.6,5.989313766393565e-05,5.8645143461784456e-05,8.382386766837014e-05,0.774870356827845
8.51,0.6,5.976721776844477e-05,5.8522191486599634e-05,8.36478763398984e-05,0.7748732963138059
8.52,0.6,5.964163072112036e-05,5.8399558587675424e-05,8.347234606928106e-05,0.774876189644238
8.53,0.6,5.951637542977381e-05,5.82772437355421e-05,8.329727535585762e-05,0.7748790368222451
8.540000000000001,0.6,5.9391450806526374e-05,5.8155245904787426e-05,8.312266270488655e-05,0.7748818378512965
8.55,0.6,5.9266855767789305e-05,5.8033564074025354e-05,8.294850662750925e-05,0.7748845927351216
8.56,0.6,5.9142589234244144e-05,5.791219722586807e-05,8.277480564071637e-05,0.7748873014776243
8.57,0.6,5.901865013082303e-05,5.7791144346919586e-05,8.260155826732926e-05,0.7748899640829916
8.58,0.6,5.889503738668919e-05,5.767040442776101e-05,8.24287630359757e-05,0.7748925805557216
8.59,0.6,5.877174993521747e-05,5.7549976462930086e-05,8.225641848106166e-05,0.7748951509006057
8.6,0.6,5.864878671397507e-05,5.742985945090207e-05,8.208452314274418e-05,0.7748976751227215
8.61,0.6,5.852614666470222e-05,5.7310052394056784e-05,8.19130755668945e-05,0.7749001532273025
8.620000000000001,0.6,5.840382873329311e-05,5.7190554298699964e-05,8.174207430509934e-05,0.7749025852200813
8.63,0.6,5.828183186977681e-05,5.7071364174981075e-05,8.15715179145898e-05,0.7749049711067286
8.64,0.6,5.816015502829839e-05,5.695248103695832e-05,8.14014049582733e-05,0.7749073108935765
8.65,0.6,5.8038797167100026e-05,5.683390390249667e-05,8.123173400464872e-05,0.7749096045868811
8.66,0.6,5.791775724850229e-05,5.671563179330575e-05,8.106250362781966e-05,0.7749118521933096
8.67,0.6,5.7797034238885506e-05,5.6597663734914375e-05,8.089371240746307e-05,0.7749140537198693
8.68,0.6,5.7676627108671207e-05,5.64799987566282e-05,8.072535892878662e-05,0.7749162091736901
8.69,0.6,5.755653483230369e-05,5.636263589154122e-05,8.055744178252335e-05,0.7749183185622766
8.700000000000001,0.6,5.7436756388231654e-05,5.624557417649321e-05,8.038995956488888e-05,0.7749203818932866
8.71,0.6,5.731729075888993e-05,5.6128812652073125e-05,8.022291087757071e-05,0.7749223991747116
8.72,0.6,5.719813693068138e-05,5.601235036260167e-05,8.005629432770306e-05,0.7749243704148734
8.73,0.6,5.707929389395877e-05,5.589618635608824e-05,7.98901085278238e-05,0.7749262956221941
8.74,0.6,5.696076064300679e-05,5.578031968424403e-05,7.972435209587077e-05,0.77492817480546
8.75,0.6,5.684253617602423e-05,5.566474940244934e-05,7.955902365514616e-05,0.7749300079736834
8.76,0.6,5.6724619495106134e-05,5.554947456975244e-05,7.9394121834303e-05,0.7749317951362396
8.77,0.6,5.6607009606226156e-05,5.5434494248815043e-05,7.922964526729429e-05,0.7749335363025276
8.78,0.6,5.648970551921891e-05,5.531980750594394e-05,7.906559259338262e-05,0.7749352314824023
8.790000000000001,0.6,5.637270624776246e-05,5.520541341103883e-05,7.890196245709117e-05,0.7749368806858539
8.8,0.6,5.625601080936097e-05,5.50913110376021e-05,7.873875350819797e-05,0.7749384839232425
8.81,0.6,5.613961822532725e-05,5.497749946270162e-05,7.857596440169762e-05,0.7749400412051113
8.82,0.6,5.60235275207656e-05,5.486397776695868e-05,7.841359379778047e-05,0.7749415525422196
8.83,0.6,5.590773772455465e-05,5.4750745034546924e-05,7.825164036181961e-05,0.7749430179456844
8.84,0.6,5.579224786933024e-05,5.4637800353155724e-05,7.8090102764333e-05,0.7749444374267895
8.85,0.6,5.5677056991468506e-05,5.452514281398768e-05,7.792897968096968e-05,0.7749458109971097
8.86,0.6,5.556216413106895e-05,5.441277151173251e-05,7.776826979247934e-05,0.7749471386684155
8.870000000000001,0.6,5.5447568331937636e-05,5.430068554455908e-05,7.760797178469478e-05,0.7749484204527461
8.88,0.6,5.533326864157051e-05,5.418888401409981e-05,7.744808434850905e-05,0.7749496563624092
8.89,0.6,5.5219264111136696e-05,5.40773660254313e-05,7.728860617984995e-05,0.774950846409947
8.9,0.6,5.510555379546204e-05,5.396613068706053e-05,7.712953597965865e-05,0.7749519906081517
8.91,0.6,5.4992136753012585e-05,5.385517711091136e-05,7.697087245386835e-05,0.7749530889700833
8.92,0.6,5.487901204587821e-05,5.374450441229891e-05,7.681261431337474e-05,0.7749541415089767
8.93,0.6,5.476617873975635e-05,5.363411170992511e-05,7.665476027402126e-05,0.7749551482383383
8.94,0.6,5.465363590393578e-05,5.352399812585473e-05,7.64973090565706e-05,0.774956109171868
8.950000000000001,0.6,5.454138261128045e-05,5.341416278552337e-05,7.634025938669895e-05,0.7749570243236721
8.96,0.6,5.4429417938213534e-05,5.330460481768936e-05,7.618360999495071e-05,0.7749578937079571
8.97,0.6,5.431774096470138e-05,5.319532335443055e-05,7.602735961672497e-05,0.7749587173391381
8.98,0.6,5.4206350774237655e-05,5.308631753114621e-05,7.58715069922654e-05,0.7749594952319971
8.99,0.6,5.409524645382758e-05,5.297758648651673e-05,7.571605086662078e-05,0.7749602274014427
