t,v0,T,coherence
0.0,6.0,2.7951538651908934e-17,0.31664058287989166
0.006,6.0,2.706404740148142e-17,0.27619161118320856
0.012,6.0,2.3726358936592276e-17,0.22847933555697458
0.018000000000000002,6.0,2.883718001205456e-17,0.16085358640204472
0.024,6.0,5.981108815825161e-17,0.12357089358333108
0.03,6.0,1.8165660410796383e-16,0.030675448190537743
0.036000000000000004,6.0,2.2807437001132457e-16,0.07980149944335853
0.042,6.0,3.8814908573019773e-16,0.06521437000122647
0.048,6.0,5.798974947744757e-16,0.046530247585840095
0.054,6.0,9.025403282651539e-16,0.07483212587691787
0.06,6.0,1.4924112494614586e-15,0.10940668542159669
0.066,6.0,2.4062458854717222e-15,0.13089114511784763
0.07200000000000001,6.0,3.676940200392235e-15,0.14373722676720066
0.078,6.0,5.396368205467959e-15,0.15249432938407018
0.084,6.0,7.685896255074228e-15,0.16063073568539618
0.09,6.0,1.0585552786988386e-14,0.16770334956742938
0.096,6.0,1.4003633289519031e-14,0.17420045353550867
0.10200000000000001,6.0,1.798845660952888e-14,0.1760244790306518
0.108,6.0,2.366559028968662e-14,0.16183467002968902
0.114,6.0,3.862458089627905e-14,0.13092852004103947
0.12,6.0,9.996945124652669e-14,0.09183620501065254
0.126,6.0,3.671618256471963e-13,0.05937572823879208
0.132,6.0,1.4416611922610238e-12,0.03679162143115212
0.138,6.0,5.366367385787584e-12,0.02403386347237747
0.14400000000000002,6.0,1.843468107520941e-11,0.017696589525193568
0.15,6.0,5.8082204329676556e-11,0.014612976036806976
0.156,6.0,1.6854941179942548e-10,0.013549462167556883
0.162,6.0,4.5258286423659387e-10,0.013163643726657239
0.168,6.0,1.1302928133323671e-09,0.013011217958995396
0.17400000000000002,6.0,2.6380583765133933e-09,0.012712462028691121
0.18,6.0,5.786986814605135e-09,0.012018304157655488
0.186,6.0,1.2006600156026842e-08,0.010912578307142339
0.192,6.0,2.3751213821636402e-08,0.010074285992628888
0.198,6.0,4.524951439722803e-08,0.01180930415533109
0.20400000000000001,6.0,8.399343462941878e-08,0.018142643832275252
0.21,6.0,1.5377660159774456e-07,0.02842255461828946
0.216,6.0,2.8070426396501106e-07,0.04167156429684252
0.222,6.0,5.145531752641266e-07,0.05708822938496569
0.228,6.0,9.493249070335683e-07,0.0738800130357269
0.234,6.0,1.7590002244325412e-06,0.09130463781428243
0.24,6.0,3.257250007597381e-06,0.10863697077407236
0.246,6.0,5.992782465640639e-06,0.12384593465719827
0.252,6.0,1.089418396574535e-05,0.13680997993664606
0.258,6.0,1.947826902804208e-05,0.14779636411207783
0.264,6.0,3.413293319280241e-05,0.15662964362501589
0.27,6.0,5.847859918681868e-05,0.16341085555512308
0.276,6.0,9.780214152454299e-05,0.16815931865035424
0.28200000000000003,6.0,0.00015954442823438054,0.17129342895264937
0.28800000000000003,6.0,0.00025381064423300184,0.1731658076945132
0.294,6.0,0.0003938619831503933,0.17396776573928918
0.3,6.0,0.0005965422101802243,0.17374215561860637
0.306,6.0,0.0008825924104282443,0.17258145645195164
0.312,6.0,0.0012768127282449342,0.17080477617109974
0.318,6.0,0.001808040801389547,0.16869150235324099
0.324,6.0,0.0025089307363306422,0.16639338783292265
0.33,6.0,0.003415531632287582,0.16370835264807132
0.336,6.0,0.00456668040035178,0.16084090354286198
0.342,6.0,0.0060032363666355434,0.15796790971230884
0.34800000000000003,6.0,0.007767195207614499,0.15508312886333045
0.354,6.0,0.00990072568325044,0.15221006300724307
0.36,6.0,0.012445174880883576,0.1493365670438552
0.366,6.0,0.0154400864604713,0.14641182683547135
0.372,6.0,0.018922272149620063,0.1434606034878524
0.378,6.0,0.02292497216794261,0.14057504796274106
0.384,6.0,0.027477132078105024,0.13771768772474627
0.39,6.0,0.032602814340042946,0.13487135773581466
0.396,6.0,0.03832075725223492,0.132108749112107
0.402,6.0,0.04464409067346228,0.12937389573358102
0.40800000000000003,6.0,0.05158020341745703,0.12665184651677913
0.41400000000000003,6.0,0.05913074650152097,0.12394227100908352
0.42,6.0,0.0672917669489478,0.12128099481121425
0.426,6.0,0.07605394017538825,0.11871395470873289
0.432,6.0,0.08540287933960593,0.11619221548218577
0.438,6.0,0.09531952482782269,0.1136720873524769
0.444,6.0,0.10578057464900725,0.11120218036046527
0.45,6.0,0.1167589772311349,0.10876369505789836
0.456,6.0,0.1282244424387596,0.10632599088704217
0.462,6.0,0.14014396866937553,0.1039303311318082
0.468,6.0,0.1524823538379452,0.10163361377968773
0.47400000000000003,6.0,0.16520268323660986,0.09948339945974788
0.48,6.0,0.17826678879807806,0.09741828742205487
0.486,6.0,0.19163569769861905,0.09543117704368911
0.492,6.0,0.20527006197006953,0.09353459295516654
0.498,6.0,0.21913059499487125,0.09168717801754588
0.504,6.0,0.23317846950164373,0.08979798224099692
0.51,6.0,0.24737570041970558,0.08784761102715845
0.516,6.0,0.2616854428591751,0.08585043736468399
0.522,6.0,0.27607224979358913,0.08382320491101229
0.528,6.0,0.2905022438637566,0.08181213068145789
0.534,6.0,0.3049432385462093,0.07990481879406956
0.54,6.0,0.3193648320849425,0.07818589152579464
0.546,6.0,0.3337384431442618,0.07671304518534117
0.552,6.0,0.3480373487974458,0.07550834019401086
0.558,6.0,0.3622366762731058,0.07455437015760445
0.5640000000000001,6.0,0.376313345549407,0.07378855966544108
0.5700000000000001,6.0,0.3902460043366348,0.07311255661596862
0.5760000000000001,6.0,0.40401491830915925,0.07241090569407105
0.582,6.0,0.41760185803203803,0.07157237656952734
0.588,6.0,0.4309900331648315,0.07050874251853811
0.594,6.0,0.4441640324728563,0.06916779487601653
0.6,6.0,0.45710977427016347,0.06754062780555951
0.606,6.0,0.46981448521481495,0.06566414326433678
0.612,6.0,0.4822666622839503,0.06361912858127876
0.618,6.0,0.4944559855439641,0.06152376011389971
0.624,6.0,0.506373201802383,0.05952198320178967
0.63,6.0,0.518009979707648,0.05776625225855191
0.636,6.0,0.5293587299050279,0.05639515497013912
0.642,6.0,0.5404124260354253,0.055508978986956836
0.648,6.0,0.5511644195518022,0.0551492037770645
0.654,6.0,0.5616082595339723,0.05528901456993613
0.66,6.0,0.5717376470777296,0.05583865546417528
0.666,6.0,0.5815466633061729,0.0566632293625911
0.672,6.0,0.5910301782491845,0.05760583989187247
0.678,6.0,0.6001841490065651,0.05850892616159112
0.684,6.0,0.6090056572608492,0.05922994827007481
0.6900000000000001,6.0,0.6174928860520087,0.05965087726332224
0.6960000000000001,6.0,0.6256453062968879,0.059682686398945806
0.7020000000000001,6.0,0.633463953939258,0.059266469168378445
0.708,6.0,0.6409512906230493,0.058372656590317845
0.714,6.0,0.6481103798000458,0.056999593977996574
0.72,6.0,0.6549438752789978,0.05517236532598607
0.726,6.0,0.6614537589728549,0.05294222684540969
0.732,6.0,0.667642252272387,0.05038657201553164
0.738,6.0,0.6735130694470157,0.04760914761613821
0.744,6.0,0.6790715375278168,0.044740261952045356
0.75,6.0,0.6843229699036566,0.041936612101747775
0.756,6.0,0.6892704025286092,0.03937920770706737
0.762,6.0,0.6939138615002904,0.03726535702458345
0.768,6.0,0.6982523245560774,0.03578837150394701
0.774,6.0,0.702287200277939,0.03510153013782648
0.78,6.0,0.7060243451064232,0.03527575498095156
0.786,6.0,0.7094723447011779,0.03627530166400009
0.792,6.0,0.7126377115229396,0.03797068639824201
0.798,6.0,0.7155205877612687,0.04018066057591935
0.804,6.0,0.7181149111482731,0.04271652940296547
0.81,6.0,0.7204141562767493,0.04540965249015942
0.8160000000000001,6.0,0.7224194889202402,0.048119984011883
0.8220000000000001,6.0,0.724144719506116,0.05073294565766175
0.8280000000000001,6.0,0.7256137683320583,0.05315297592803214
0.834,6.0,0.7268510461434281,0.05529921035761089
0.84,6.0,0.7278700867102051,0.05710507685537165
0.846,6.0,0.7286676650594472,0.05852056427122866
0.852,6.0,0.7292278557375124,0.059514423308234934
0.858,6.0,0.729534635905187,0.060073788635754195
0.864,6.0,0.7295861443563751,0.06020017434393585
0.87,6.0,0.7294021025386462,0.05990271800939671
0.876,6.0,0.7290192306278275,0.05919107715470851
0.882,6.0,0.7284760107967858,0.058070876958925474
0.888,6.0,0.7277942690977368,0.05654372265548416
0.894,6.0,0.7269673117146283,0.054611841388124596
0.9,6.0,0.7259616215964725,0.052285391357730686
0.906,6.0,0.7247326317332304,0.04958929754545477
0.912,6.0,0.723248110776262,0.046566803962153604
0.918,6.0,0.7215086047274641,0.043278272354885634
0.924,6.0,0.7195550069283883,0.039795452734528676
0.93,6.0,0.7174585742004005,0.03619286912183303
0.936,6.0,0.715296239726124,0.032539181454743576
0.9420000000000001,6.0,0.7131206346805786,0.028892726716664128
0.9480000000000001,6.0,0.7109371782555131,0.025307085154050942
0.9540000000000001,6.0,0.7086983116148442,0.02185394910007557
0.96,6.0,0.7063185016438123,0.018671595275372013
0.966,6.0,0.7037053730138307,0.01604220859728495
0.972,6.0,0.7007957011733372,0.01445263542223592
0.978,6.0,0.6975827139663582,0.014441052973339199
0.984,6.0,0.6941242032772631,0.016130874454485754
0.99,6.0,0.6905280232656836,0.019093369370129742
0.996,6.0,0.6869197975284205,0.02276298423969761
1.002,6.0,0.6834039362002119,0.026712892509796263
1.008,6.0,0.6800309637496917,0.030672335904433023
1.014,6.0,0.6767814762013475,0.03448576784478633
1.02,6.0,0.6735711814385178,0.038082594625220276
1.026,6.0,0.6702747314333293,0.04145749010155468
1.032,6.0,0.6667608675786778,0.04465341681519732
1.038,6.0,0.6629289963003298,0.04774235760041919
1.044,6.0,0.6587378489149482,0.050801850803996844
1.05,6.0,0.6542195573494508,0.05388888787107214
1.056,6.0,0.6494761553524484,0.05701667523380822
1.062,6.0,0.6446593301839233,0.060142013078768666
1.068,6.0,0.6399376234363117,0.06316897406330282
1.074,6.0,0.6354578064898148,0.06596827663698586
1.08,6.0,0.6313087597510054,0.06840552626653729
1.086,6.0,0.6274963060108436,0.07036967821162288
1.092,6.0,0.623935734577412,0.07179470297915519
1.098,6.0,0.620465370902785,0.0726704270696713
1.104,6.0,0.6168797378990679,0.07304183594878792
1.11,6.0,0.6129757084931882,0.07299886846315486
1.116,6.0,0.6086010917844207,0.07266014056424427
1.122,6.0,0.6036936856378522,0.07215419686503036
1.1280000000000001,6.0,0.5983005677008015,0.07160125909883118
1.1340000000000001,6.0,0.5925720819811581,0.07109775830805717
1.1400000000000001,6.0,0.5867313160581509,0.07070591273211319
1.1460000000000001,6.0,0.5810262801515989,0.07044964355854108
1.1520000000000001,6.0,0.5756765218655273,0.07031356878049352
1.158,6.0,0.5708272379536218,0.07024073655596656
1.164,6.0,0.566521505941855,0.07013268943451066
1.17,6.0,0.5626961250341326,0.06985947531913078
1.176,6.0,0.5592004444666714,0.06927931168051647
1.182,6.0,0.5558320654465212,0.0682614093877965
1.188,6.0,0.5523797905992269,0.06670528131343703
1.194,6.0,0.5486633302443034,0.06455388374063081
1.2,6.0,0.5445613846165211,0.06180166112932941
1.206,6.0,0.540023847593634,0.058499267747903316
1.212,6.0,0.5350687691252718,0.0547554025032594
1.218,6.0,0.529768426538924,0.05073000791475946
1.224,6.0,0.5242304847906598,0.04661367007235362
1.23,6.0,0.5185797299476103,0.04259620420867086
1.236,6.0,0.5129441284766204,0.03883471087835311
1.242,6.0,0.5074465903999217,0.035445980615585855
1.248,6.0,0.5022013707461421,0.03251023195589565
1.254,6.0,0.4973120574281004,0.03004701400052069
1.26,6.0,0.4928675313118628,0.028012435724874905
1.266,6.0,0.48893349377615447,0.02631972581250762
1.272,6.0,0.4855398547342884,0.02486395656359017
1.278,6.0,0.48266699683902414,0.02354723135800458
1.284,6.0,0.48023547541797873,0.02230163548256136
1.29,6.0,0.47810337297889016,0.021111238864839326
1.296,6.0,0.4760739058826575,0.020025458171914732
1.302,6.0,0.4739139627034583,0.019162872728737523
1.308,6.0,0.47138242740157105,0.01871814396998804
1.314,6.0,0.46826531440525737,0.018940189182053417
1.32,6.0,0.4644125372038448,0.020053444113457355
1.326,6.0,0.45976925082101555,0.022152171351619794
1.332,6.0,0.45439437068908706,0.025156792997608365
1.338,6.0,0.44846113035861984,0.028865567615702654
1.344,6.0,0.44223867781444587,0.03302542676330066
1.35,6.0,0.43605794302940193,0.037345092170373684
1.356,6.0,0.4302677367257599,0.04151597676204968
1.362,6.0,0.4251877086268864,0.0453073075402449
1.368,6.0,0.4210644339007179,0.04840362180306666
1.374,6.0,0.4180364395737362,0.05065626805783312
1.3800000000000001,6.0,0.41611344520014415,0.05199793891913107
1.3860000000000001,6.0,0.41517396932395223,0.052434353621733445
1.3920000000000001,6.0,0.41498279931140614,0.052119623390623024
1.3980000000000001,6.0,0.4152259882189103,0.05125058209268212
1.4040000000000001,6.0,0.4155571815586442,0.05004406624618284
1.41,6.0,0.41564653745147984,0.04877871251156853
1.416,6.0,0.41522342914339205,0.047686968113632905
1.422,6.0,0.4141064883405433,0.04689942590069377
1.428,6.0,0.41221829336827626,0.04660290464413486
1.434,6.0,0.40958559999688576,0.04688032127767141
1.44,6.0,0.4063278672070251,0.04781500370421434
1.446,6.0,0.40263688023374133,0.04937004679703776
1.452,6.0,0.39874944366999177,0.05146852127397484
1.458,6.0,0.39491492551172674,0.054053824075937874
1.464,6.0,0.39136094964586116,0.05707391842009162
1.47,6.0,0.3882626871247479,0.06049369779574216
1.476,6.0,0.3857221469924746,0.06423296694827803
1.482,6.0,0.38376198098252023,0.06819782430872716
1.488,6.0,0.38233402114897225,0.07232326197117235
1.494,6.0,0.38133815167660284,0.07670705405284707
1.5,6.0,0.38064491076589096,0.08129630835824779
1.506,6.0,0.38011639063682745,0.08598549361837425
1.512,6.0,0.3796232872356225,0.09061326591206678
1.518,6.0,0.37905895117026156,0.09499422123155112
1.524,6.0,0.3783519925401807,0.09889014357695096
1.53,6.0,0.37747733236318665,0.10208099658562542
1.536,6.0,0.3764632929179721,0.10441043798852366
1.542,6.0,0.3753912637487639,0.10564850258080721
1.548,6.0,0.37438563626265986,0.10556026539561982
1.554,6.0,0.3735943323351042,0.10415811682988602
1.56,6.0,0.37316293414235685,0.10146623979131972
1.566,6.0,0.37320709385355716,0.09765422869426338
1.572,6.0,0.3737882422112996,0.09280768667980438
1.578,6.0,0.37489717034555625,0.08706552820017857
1.584,6.0,0.3764488303493734,0.08070035140855396
1.59,6.0,0.3782897895211846,0.07405063777777447
1.596,6.0,0.3802173445464372,0.06757955628995911
1.602,6.0,0.3820064828977132,0.06184791029419001
1.608,6.0,0.3834389379793742,0.05741593057848692
1.614,6.0,0.38432837494295824,0.05473347654303234
1.62,6.0,0.3845378569752575,0.054052481476634565
1.6260000000000001,6.0,0.3839891940194513,0.05521862082263956
1.6320000000000001,6.0,0.3826668199785451,0.05783396931402477
1.6380000000000001,6.0,0.38061961872105143,0.061417999353699564
1.6440000000000001,6.0,0.3779622485539539,0.06548761574515911
1.6500000000000001,6.0,0.37487414670401153,0.06965018616707236
1.6560000000000001,6.0,0.3715918901948234,0.07370121060261009
1.6620000000000001,6.0,0.36839092338942137,0.07744961426750085
1.668,6.0,0.36555614915990065,0.08074510183414647
1.674,6.0,0.3633461011835774,0.08345979840288134
1.68,6.0,0.36195951708975155,0.08551331844429537
1.686,6.0,0.36151369819260226,0.08691752957553303
1.692,6.0,0.362040227914583,0.08774036374362101
1.698,6.0,0.36349732853680683,0.08807859322579496
1.704,6.0,0.3657922943123362,0.08810502921110192
1.71,6.0,0.3688047655916079,0.08801267579572337
1.716,6.0,0.3724030364542129,0.08793288424768807
1.722,6.0,0.3764499895720861,0.08799625055228115
1.728,6.0,0.3808003205316033,0.08833644848028384
1.734,6.0,0.3852943776479375,0.08894901697197295
1.74,6.0,0.3897546761429782,0.0898686567958147
1.746,6.0,0.39398912289875404,0.0909047901275108
1.752,6.0,0.39780139544721144,0.09192918524811042
1.758,6.0,0.40100564697725827,0.09278683138796198
1.764,6.0,0.4034412287240165,0.09329554488220926
1.77,6.0,0.4049841047067042,0.09332725973256421
1.776,6.0,0.4055542523706464,0.09281983868115376
1.782,6.0,0.40512066649102085,0.0917518603322897
1.788,6.0,0.40370614729228194,0.09013958434105583
1.794,6.0,0.4013925458034786,0.08802738336520799
1.8,6.0,0.39832466969481595,0.08544201547476805
1.806,6.0,0.39470932553423876,0.08233670728457664
1.812,6.0,0.3908062080552677,0.07864198653480826
1.818,6.0,0.3869093203951317,0.074202049966645
1.824,6.0,0.38332074279157613,0.06902919813521377
1.83,6.0,0.3803213890541619,0.06332244848622984
1.836,6.0,0.37814479955300917,0.05716266761241942
1.842,6.0,0.3769592154830601,0.05057616047571173
1.848,6.0,0.3768602525537534,0.04359055505128021
1.854,6.0,0.3778728106402293,0.03630760889258427
1.86,6.0,0.37995819493978966,0.028826806154409367
1.866,6.0,0.38302194766847697,0.021326339965749154
1.872,6.0,0.3869195923794548,0.014102867061544304
1.8780000000000001,6.0,0.391460194738516,0.008033713930976816
1.8840000000000001,6.0,0.3964100141635032,0.006707732792722124
1.8900000000000001,6.0,0.4014995603230455,0.011218230118975037
1.8960000000000001,6.0,0.4064370554403912,0.016920323570611875
1.9020000000000001,6.0,0.4109297750374103,0.02238316396689812
1.9080000000000001,6.0,0.4147123098279722,0.027281400155737913
1.9140000000000001,6.0,0.4175781321929393,0.03153060306572623
1.92,6.0,0.4194084944926615,0.035083308818116596
1.926,6.0,0.420191661554827,0.037973074325697444
1.932,6.0,0.4200262552020535,0.04026848855236719
1.938,6.0,0.41910540312079775,0.042065673134644876
1.944,6.0,0.417683172775002,0.04348912434152983
1.95,6.0,0.41603009846845074,0.0447378482085227
1.956,6.0,0.4143885872935481,0.04589653450338081
1.962,6.0,0.41293952992687954,0.04707122572829508
1.968,6.0,0.411787856982748,0.048280627200060405
1.974,6.0,0.41096824802876675,0.04949550458172735
1.98,6.0,0.41046548676556927,0.050598117342809154
1.986,6.0,0.41024018617146507,0.051473183540951824
1.992,6.0,0.41025109706187923,0.05201477833184092
1.998,6.0,0.4104687524642648,0.052139699372851185
2.004,6.0,0.4108795741466598,0.05179778133617894
2.0100000000000002,6.0,0.4114825013680997,0.05099215320709098
2.016,6.0,0.41228127965049577,0.04971302519856121
2.0220000000000002,6.0,0.4132754985388483,0.04803694478783039
2.028,6.0,0.4144531311433154,0.046083430404803526
2.0340000000000003,6.0,0.41578683814835615,0.044084032607273546
2.04,6.0,0.41723537324490295,0.04228259859091653
2.0460000000000003,6.0,0.41874991924804184,0.040923942873075395
2.052,6.0,0.420283542397428,0.04020678807146753
2.058,6.0,0.42180093146053466,0.04026647808082475
2.064,6.0,0.42328560975926766,0.041145201919705034
2.07,6.0,0.42474263840261406,0.04280563233984051
2.076,6.0,0.4261960621703652,0.045156943514344475
2.082,6.0,0.42768127179316584,0.048079007404435575
2.088,6.0,0.4292333381280357,0.051429395474449836
2.094,6.0,0.4308733620852505,0.05500805859765052
2.1,6.0,0.4325959870207598,0.0586848565854073
2.106,6.0,0.43436183144303964,0.062348713627586615
2.112,6.0,0.436098023855934,0.06584979171421418
2.118,6.0,0.4377077772332398,0.069042452535227
2.124,6.0,0.4390869087915114,0.07180703226433088
2.13,6.0,0.440142693965802,0.07405326002256477
2.136,6.0,0.4408096061552901,0.07572281841782925
2.142,6.0,0.4410576562653221,0.07679373885135955
2.148,6.0,0.44089142287768796,0.07728244450503906
2.154,6.0,0.4403404164623885,0.0772373582521723
2.16,6.0,0.43944354642350314,0.07672187563036122
2.166,6.0,0.43823211202573753,0.07582816877747271
2.172,6.0,0.4367167100996876,0.07468856905422677
2.178,6.0,0.43488333859604544,0.07347074063811398
2.184,6.0,0.4327020683197712,0.07236006508014785
2.19,6.0,0.4301477314297042,0.07152493618138366
2.196,6.0,0.42722735016568425,0.07107337642809423
2.202,6.0,0.4240054731111862,0.07101595425445675
2.208,6.0,0.42061819547930834,0.07125181770740154
2.214,6.0,0.4172699206924791,0.07158644783057341
2.22,6.0,0.41421259462241233,0.07177404900237568
2.226,6.0,0.4117130885775792,0.07156589938540679
2.232,6.0,0.41001809485991236,0.07074950249540062
2.238,6.0,0.40932582842250526,0.06917728150792866
2.244,6.0,0.4097699929880101,0.06678017589516297
2.25,6.0,0.41141590005490414,0.0635623124466798
2.2560000000000002,6.0,0.4142640262239444,0.05959097213347345
2.262,6.0,0.41825510451850506,0.05500533554975709
2.2680000000000002,6.0,0.4232732134043954,0.04999940447884846
2.274,6.0,0.42914730633236364,0.04481518691368915
2.2800000000000002,6.0,0.43565456418723353,0.03976207718283542
2.286,6.0,0.4425292052939714,0.0352121373242106
2.2920000000000003,6.0,0.4494782730038754,0.031574173847390925
2.298,6.0,0.4562028954938225,0.029208362318600092
2.3040000000000003,6.0,0.46242141984569374,0.028324549036904394
2.31,6.0,0.4678904005667205,0.02885974777622897
2.316,6.0,0.4724202193814438,0.030507402176326092
2.322,6.0,0.47588330237409315,0.0328684345954467
2.328,6.0,0.4782140343526199,0.03560724517795946
2.334,6.0,0.47940056796253183,0.03850587715374496
2.34,6.0,0.47947014386295517,0.041450315064894536
2.346,6.0,0.47847123336783437,0.04439810373783666
2.352,6.0,0.4764571882817527,0.047338875743932494
2.358,6.0,0.4734763364704393,0.050260711315073155
2.364,6.0,0.46957213466213127,0.053126768039438506
2.37,6.0,0.46479426727905676,0.05586538766676851
2.376,6.0,0.45921822660138445,0.05837394657787295
2.382,6.0,0.4529678206006872,0.06053562945097527
2.388,6.0,0.4462332065311961,0.062253362316802265
2.394,6.0,0.4392773668673907,0.06349926028869511
2.4,6.0,0.432426494376233,0.06434136166117016
2.406,6.0,0.42604409288898265,0.06493274047182221
2.412,6.0,0.4204932381470562,0.0654851594378763
2.418,6.0,0.41609478441535186,0.0662198162471896
2.424,6.0,0.4130903241214135,0.06730220922398597
2.43,6.0,0.4116171262985751,0.06879078449669529
2.436,6.0,0.4116987029953182,0.07062217055133793
2.442,6.0,0.41325042850039684,0.0726408129387669
2.448,6.0,0.41609610886484505,0.0746588449562517
2.454,6.0,0.4199900533823557,0.07650859361506016
2.46,6.0,0.4246403535335516,0.07805873373866092
2.466,6.0,0.4297316384959907,0.07920523770935783
2.472,6.0,0.43494781873147004,0.07986720115235409
2.478,6.0,0.439995454738047,0.07999306319894722
2.484,6.0,0.4446261370379158,0.07954761107711021
2.49,6.0,0.4486536164852146,0.0784884578595041
2.496,6.0,0.451960629123615,0.07676005301842213
2.5020000000000002,6.0,0.4544929850967611,0.07429826783971108
2.508,6.0,0.4562430703736472,0.07103939814270822
2.5140000000000002,6.0,0.4572291497052018,0.06693761085836893
2.52,6.0,0.45747807313156585,0.06199170178609954
2.5260000000000002,6.0,0.4570168978945564,0.056287864854022096
2.532,6.0,0.45587487299643703,0.050072112936281075
2.5380000000000003,6.0,0.45409331152996535,0.043825535177786284
2.544,6.0,0.4517385962448485,0.038319165713685904
2.5500000000000003,6.0,0.448913286723687,0.03464793246587236
2.556,6.0,0.4457614428496366,0.033977254451828226
2.562,6.0,0.44246587224722567,0.03677056766495136
2.568,6.0,0.4392367080445434,0.04237885934386475
2.574,6.0,0.43629237801435095,0.0496672045689437
2.58,6.0,0.4338357706549829,0.05764844563154991
2.586,6.0,0.4320301892515822,0.06560936406218763
2.592,6.0,0.4309807762159366,0.07299807760719801
2.598,6.0,0.4307265942606582,0.07912868298896714
2.604,6.0,0.4312460291802861,0.08391580783289004
2.61,6.0,0.4324742372751076,0.08752761776456203
2.616,6.0,0.4343272803688343,0.09002268052965406
2.622,6.0,0.4367252328022574,0.09147673860989136
2.628,6.0,0.4396070991013038,0.09206235239325944
2.634,6.0,0.4429337654207133,0.0920221199508277
2.64,6.0,0.44668004510899395,0.09155254851457063
2.646,6.0,0.45082079082818227,0.090766036931402
2.652,6.0,0.4553169959997908,0.08969867052945187
2.658,6.0,0.46010564574009405,0.08833673689870261
2.664,6.0,0.4650935392914506,0.08668376623196136
2.67,6.0,0.47015300115618847,0.0847924233012622
2.676,6.0,0.4751178129438186,0.08273317534576112
2.682,6.0,0.4797802110747923,0.08057281004489766
2.688,6.0,0.48389245339849346,0.07836962428932022
2.694,6.0,0.4871771898338433,0.07627505206301217
2.7,6.0,0.4893491118095626,0.07457127851751331
2.706,6.0,0.49014716754211674,0.07345440378947257
2.712,6.0,0.48937293525859704,0.07297707521138241
2.718,6.0,0.4869280693219271,0.07307019128544176
2.724,6.0,0.4828424697930899,0.07355843986395659
2.73,6.0,0.4772856647715361,0.07418278791839918
2.736,6.0,0.47055684717242335,0.07463627070423927
2.742,6.0,0.4630535150898888,0.07462690496133574
2.748,6.0,0.4552235679865887,0.07392468712307518
2.754,6.0,0.44750971941834344,0.07237455442037961
2.7600000000000002,6.0,0.44029695421975923,0.06997594553466664
2.766,6.0,0.43387303302357105,0.06682407120544175
2.7720000000000002,6.0,0.4284085403126723,0.06303701819306115
2.778,6.0,0.423958088784016,0.05883791121710854
2.7840000000000003,6.0,0.4204793437560812,0.054559414859267845
2.79,6.0,0.4178634200051252,0.050479808277223925
2.7960000000000003,6.0,0.4159696368811363,0.04680150331012346
2.802,6.0,0.41465899603442846,0.043614902170296455
2.8080000000000003,6.0,0.41382254935469986,0.04088087960394707
2.814,6.0,0.41340177187091676,0.038457205147544346
2.82,6.0,0.4133979990412998,0.036147098236882044
2.826,6.0,0.413868123407446,0.03373911819377458
2.832,6.0,0.4149052737983664,0.031043630506843667
2.838,6.0,0.4166068899327119,0.02793089692109361
2.844,6.0,0.4190372376012043,0.02444164714075473
2.85,6.0,0.42219466297263286,0.020753934958747704
2.856,6.0,0.4259936543159991,0.01726806227420029
2.862,6.0,0.4302674220140782,0.014744237225433752
2.868,6.0,0.43479003974941766,0.0142529764504842
2.874,6.0,0.4393110052500765,0.016368276003989293
2.88,6.0,0.4435918709765838,0.020555186538308862
2.886,6.0,0.4474353860702307,0.025990335905389763
2.892,6.0,0.45070130691834376,0.032157317902141665
2.898,6.0,0.45330794281289216,0.03877061980790804
2.904,6.0,0.45522306886393676,0.045643066644492164
2.91,6.0,0.4564506744795401,0.05261495323254668
2.916,6.0,0.4570203860142745,0.059482167348170745
2.922,6.0,0.4569839094276099,0.06598173714638667
2.928,6.0,0.45641844458342584,0.07208756180143558
2.934,6.0,0.45543240844709004,0.07773687918684792
2.94,6.0,0.4541666330847731,0.0829674280119031
2.946,6.0,0.4527855264168548,0.08780208240159046
2.952,6.0,0.4514570458028407,0.09211321487889249
2.958,6.0,0.4503255667412607,0.0958887268074664
2.964,6.0,0.4494852536825793,0.09906334307480771
2.97,6.0,0.4489620331506852,0.10172095774573794
2.976,6.0,0.4487096789815824,0.10390620200944987
2.982,6.0,0.4486213827885007,0.10553787730028248
2.988,6.0,0.4485541301067364,0.10645336467504138
2.994,6.0,0.4483602608433073,0.10650838833450085
3.0,6.0,0.4479191780579817,0.1056553505707063
3.0060000000000002,6.0,0.4471621351681949,0.10392389375651022
3.012,6.0,0.44608455037346517,0.10133604919171929
3.0180000000000002,6.0,0.4447435305698211,0.09789395965513273
3.024,6.0,0.44324263949950143,0.09360680296291969
3.0300000000000002,6.0,0.4417098256267099,0.088504769497784
3.036,6.0,0.4402758302808337,0.082584734110289
3.0420000000000003,6.0,0.4390584552905883,0.07604321333848481
3.048,6.0,0.4381538326625125,0.06932657178544882
3.0540000000000003,6.0,0.4376318260775654,0.06303201106451212
3.06,6.0,0.4375312390130245,0.057908276307994555
3.0660000000000003,6.0,0.4378523932563254,0.054786518011323546
3.072,6.0,0.43854845199826603,0.05425510080373323
3.078,6.0,0.43951996392412673,0.056332245378842585
3.084,6.0,0.44061749859578103,0.06044179101604946
3.09,6.0,0.44165477994709923,0.06568845904068767
3.096,6.0,0.4424309889899434,0.07129327356742171
3.102,6.0,0.44275788472501965,0.07665946242339745
3.108,6.0,0.4424861332828662,0.08130301384934509
3.114,6.0,0.4415254593718092,0.08493173948159854
3.12,6.0,0.43985452377996814,0.08762944942262356
3.126,6.0,0.43751841806655745,0.08958943716991422
3.132,6.0,0.43461435391449443,0.09104667233386898
3.138,6.0,0.43126904924747445,0.09223435204175381
3.144,6.0,0.42761366639087584,0.09334783806772493
3.15,6.0,0.42376271314247116,0.09453505570679042
3.156,6.0,0.4198018762455905,0.09582487765957631
3.162,6.0,0.41578682061534017,0.0972117335686022
3.168,6.0,0.4117516196949306,0.09838271561061013
3.174,6.0,0.40772305751729543,0.09932350614334785
3.18,6.0,0.4037360554596006,0.10002341707576967
3.186,6.0,0.39984617837409075,0.10053783724124697
3.192,6.0,0.3961367697265643,0.100641789286471
3.198,6.0,0.39272000742755153,0.09969013741631187
3.204,6.0,0.38973248458632426,0.0981705216519464
3.21,6.0,0.38732638464640456,0.09632476120664885
3.216,6.0,0.38565701619678827,0.09417147061967451
3.222,6.0,0.384867089982754,0.09169757898812123
3.228,6.0,0.385068173868644,0.08887620541342275
3.234,6.0,0.3863206992208976,0.08567984413869098
3.24,6.0,0.38861548856582495,0.08208808859377816
3.246,6.0,0.391861364307058,0.07808915743311892
3.2520000000000002,6.0,0.3958838978077128,0.07367099153330799
3.258,6.0,0.4004388903647609,0.0687971645540265
3.2640000000000002,6.0,0.405240592815849,0.06365770837916229
3.27,6.0,0.409999874416486,0.05835586040610565
3.2760000000000002,6.0,0.41446349571813057,0.053014042208823026
3.282,6.0,0.41844446834116955,0.047874359485029404
3.2880000000000003,6.0,0.4218362690028068,0.043202247825229856
3.294,6.0,0.42460921917828276,0.03911775430982341
3.3000000000000003,6.0,0.4267931934314102,0.035658778169652065
3.306,6.0,0.42845423099534463,0.03281783000566576
3.3120000000000003,6.0,0.4296724682256511,0.030545513419959307
3.318,6.0,0.43052602781858856,0.028758393574284932
3.3240000000000003,6.0,0.4310820495678296,0.027352106668659375
3.33,6.0,0.43139355903156607,0.026220957186480293
3.336,6.0,0.4314998538187067,0.025297078836822723
3.342,6.0,0.4314281810763418,0.024550135651466045
3.348,6.0,0.43119507265768076,0.023993259770645148
3.354,6.0,0.43080641400420205,0.023650762506737366
3.36,6.0,0.4302560563731387,0.023599869326982825
3.366,6.0,0.4295235858361369,0.02394712384605996
3.372,6.0,0.42857264688657976,0.024779099947661948
3.378,6.0,0.4273517672885434,0.02619103368176622
3.384,6.0,0.4257995303249454,0.028253886428651603
3.39,6.0,0.423854892096276,0.03099233207955205
3.396,6.0,0.4214715395807337,0.034377179563799654
3.402,6.0,0.4186331191526417,0.03829273842261909
3.408,6.0,0.4153649559133705,0.04260221889825815
3.414,6.0,0.41173832970741053,0.04711364718132188
3.42,6.0,0.40786543948787046,0.051612789669090955
3.426,6.0,0.40388609919693763,0.05588366484962872
3.432,6.0,0.39994959352121034,0.05973863832630854
3.438,6.0,0.3961962045462634,0.06302552000554906
3.444,6.0,0.39274245124402807,0.06560946393095395
3.45,6.0,0.3896724083408881,0.06736622984618146
3.456,6.0,0.3870354550734719,0.06837975817950132
3.462,6.0,0.38484912932471904,0.0686775476110148
3.468,6.0,0.3831048546705037,0.06832453514364696
3.474,6.0,0.3817743877398996,0.0673774638072251
3.48,6.0,0.3808156618287804,0.06590932781677394
3.486,6.0,0.38017814579509646,0.0639345331770458
3.492,6.0,0.37980893862752796,0.061528773104089184
3.498,6.0,0.3796609304905317,0.058783915188436696
3.504,6.0,0.3797028773947671,0.05579442621390132
3.5100000000000002,6.0,0.3799287011447874,0.05262497627925702
3.516,6.0,0.3803612499370254,0.049322494549138333
3.5220000000000002,6.0,0.38104588036398424,0.045923599910649406
3.528,6.0,0.38203224945470227,0.04243427376364868
3.5340000000000003,6.0,0.3833475866968467,0.0388609941275076
3.54,6.0,0.3849691996298147,0.0352347232157883
3.5460000000000003,6.0,0.3868056872934379,0.031613235635025015
3.552,6.0,0.38869448796234995,0.02808521311954403
3.5580000000000003,6.0,0.3904185527002756,0.024765890743336478
3.564,6.0,0.3917392005239154,0.021801409913837375
3.5700000000000003,6.0,0.39243759326003363,0.019363051534563663
3.576,6.0,0.39235509403450664,0.017622961045000458
3.5820000000000003,6.0,0.3914237189986004,0.01670927918126358
3.588,6.0,0.3896810703115959,0.016643171668346002
3.594,6.0,0.38726838851809553,0.01731509333884374
3.6,6.0,0.3844139659506175,0.01852899053561721
3.606,6.0,0.3814060254250673,0.020073361435279567
3.612,6.0,0.3785593697943447,0.02177044416713292
3.618,6.0,0.3761798750318205,0.023478276117828063
3.624,6.0,0.37453103562545254,0.025134453998536564
3.63,6.0,0.37380717203187763,0.026687521715394628
3.636,6.0,0.3741175770461913,0.028098208466317418
3.642,6.0,0.37548385050574584,0.02935927050375414
3.648,6.0,0.37784922519585457,0.030496561953249735
3.654,6.0,0.381095303100599,0.031552287213388396
3.66,6.0,0.38505998110382117,0.03256907191693553
3.666,6.0,0.38955152637679613,0.03357978045816659
3.672,6.0,0.39435707340654474,0.03460056292656804
3.678,6.0,0.39924757931628957,0.03562549072883777
3.684,6.0,0.40398357249602945,0.03662463052846636
3.69,6.0,0.4083258657765998,0.03754259684648603
3.696,6.0,0.41205303932406995,0.03838762555735376
3.702,6.0,0.4149842385554082,0.03919044746559906
3.708,6.0,0.41700310318070355,0.03996358121194923
3.714,6.0,0.41807738463727384,0.040708359339877376
3.72,6.0,0.4182690662815301,0.04140240674599718
3.726,6.0,0.41773149469351145,0.04202222558490947
3.732,6.0,0.41669273721895744,0.042628282856523404
3.738,6.0,0.4154274360462654,0.043299276478982233
3.744,6.0,0.41422207446093673,0.04408990071193024
3.75,6.0,0.4133398897617424,0.04504928800611065
3.7560000000000002,6.0,0.41299114210293963,0.04622228758429643
3.762,6.0,0.41331237450909875,0.04763752401140911
3.7680000000000002,6.0,0.4143556960263315,0.049296347758951496
3.774,6.0,0.41608706664290385,0.051168125194499085
3.7800000000000002,6.0,0.4183919228707066,0.053201275831702914
3.786,6.0,0.42108701518999425,0.05536778384641258
3.7920000000000003,6.0,0.42393800433160755,0.05768867303038113
3.798,6.0,0.4266821230178697,0.060191879698827035
3.8040000000000003,6.0,0.42905401699768914,0.06287481314919298
3.81,6.0,0.43081161974592896,0.0656872331970599
3.8160000000000003,6.0,0.431758552635419,0.06852862264069176
3.822,6.0,0.4317602564629176,0.07127054487761836
3.8280000000000003,6.0,0.43075218923228337,0.07379236427417263
3.834,6.0,0.4287394099814992,0.0759980374369733
3.84,6.0,0.4257875254410419,0.07781451694088339
3.846,6.0,0.42200595799648677,0.07919051170534425
3.852,6.0,0.41752613381214954,0.08009624910039567
3.858,6.0,0.412479059368978,0.08052669470684314
3.864,6.0,0.4069777081951605,0.08052977572994327
3.87,6.0,0.4011086558861041,0.08026312254483527
3.876,6.0,0.39493451062527263,0.07995745473848241
3.882,6.0,0.3885048735456403,0.07978510479848551
3.888,6.0,0.38187043919486285,0.07981653288996975
3.894,6.0,0.3750939814513821,0.08024456539685498
3.9,6.0,0.3682536786898344,0.0811153524878044
3.906,6.0,0.36143790412627935,0.08236693072989064
3.912,6.0,0.35473450162750453,0.0838379184387274
3.918,6.0,0.3482198878595384,0.0852703883526246
3.924,6.0,0.34195317142506776,0.08627271073946984
3.93,6.0,0.3359779628504349,0.08646901212180093
3.936,6.0,0.3303311144097706,0.08576524638917275
3.942,6.0,0.3250546651579379,0.08421604751857904
3.948,6.0,0.32020615614891884,0.08189067693065123
3.954,6.0,0.31586331450521443,0.07890584370501923
3.96,6.0,0.31212139880999695,0.07545536909050338
3.966,6.0,0.30908404772888665,0.07167094068249404
3.972,6.0,0.3068504445058011,0.0681914954177662
3.978,6.0,0.3055024620185073,0.06553666252353463
3.984,6.0,0.30509500639367737,0.06425157029514027
3.99,6.0,0.30565134776118164,0.06465514750809041
3.996,6.0,0.30716357225041235,0.06675862619512149
4.002,6.0,0.3095970626671467,0.07023825207632398
4.008,6.0,0.31289766708316735,0.07444117629906286
4.014,6.0,0.3170005144863275,0.07874475218348848
4.0200000000000005,6.0,0.3218398020684052,0.08266493966301125
4.026,6.0,0.32735857449803796,0.08585892821853122
4.032,6.0,0.3335167014210333,0.08808082394026083
4.038,6.0,0.3402947310322254,0.08926343718808276
4.0440000000000005,6.0,0.3476915725677367,0.08936285718478401
4.05,6.0,0.35571537679628173,0.08836716699108847
4.056,6.0,0.3643688037388719,0.08618331728340703
4.062,6.0,0.3736314658140491,0.08303869588430546
4.0680000000000005,6.0,0.38344306930829436,0.0790572881973592
4.074,6.0,0.3936906911618635,0.0743219533323455
4.08,6.0,0.404203088618724,0.06891443904846277
4.086,6.0,0.41475418789484114,0.06293706930711376
4.0920000000000005,6.0,0.4250768974164202,0.056532354351441855
4.098,6.0,0.43488677912472595,0.04990057461558749
4.104,6.0,0.4439126506402292,0.04331528422985588
4.11,6.0,0.4519284480756095,0.0371379739981785
4.116,6.0,0.4587791229258794,0.03182873757140808
4.122,6.0,0.46439387090903167,0.02792086772430182
4.128,6.0,0.4687832536774061,0.025878180095812647
4.134,6.0,0.472021508838796,0.02582022471421937
4.14,6.0,0.47421964868986266,0.027397408819790633
4.146,6.0,0.4754969031103737,0.030042129491547852
4.152,6.0,0.4759570500240828,0.033284057161290244
4.158,6.0,0.47567312904121917,0.03685316780481414
4.164,6.0,0.4746807903510998,0.04063575084095534
4.17,6.0,0.4729785145696589,0.04460976937477649
4.176,6.0,0.47053265141970324,0.04879051638950491
4.182,6.0,0.4672860813914389,0.05322030618656924
4.188,6.0,0.4631702727811971,0.05790393012430631
4.194,6.0,0.45812066764266096,0.06277519329463727
4.2,6.0,0.4520944148059578,0.0677086799271605
4.206,6.0,0.44508785619989455,0.07253856093153124
4.212,6.0,0.4371500418063415,0.07708381775791144
4.218,6.0,0.42838870400929907,0.08117019810349634
4.224,6.0,0.4189667774464803,0.08464494602074558
4.23,6.0,0.409089954502449,0.08738244208111424
4.236,6.0,0.39898790769415465,0.08927622334492177
4.242,6.0,0.388892866185233,0.0901811802924561
4.248,6.0,0.37901950574631693,0.09007762207932629
4.2540000000000004,6.0,0.36954971955761756,0.08916900277790356
4.26,6.0,0.3606251220767861,0.08764829973375927
4.266,6.0,0.3523487975457595,0.08575666141688663
4.272,6.0,0.3447955608568777,0.0837166083651222
4.2780000000000005,6.0,0.33802734658808475,0.08163317501200161
4.284,6.0,0.3321084514135305,0.07938658177606198
4.29,6.0,0.32711535790479007,0.07699635735395347
4.296,6.0,0.32313801825305793,0.07445229233448676
4.3020000000000005,6.0,0.3202726023458844,0.07170414713197698
4.308,6.0,0.31860836719698177,0.06862912711879114
4.314,6.0,0.31821218807287,0.06513636971733668
4.32,6.0,0.3191136158526116,0.06122659448582865
4.3260000000000005,6.0,0.3212922731217528,0.05701447393375801
4.332,6.0,0.32466933776294143,0.05265967732972443
4.338,6.0,0.3291056374682614,0.048338045481410276
4.344,6.0,0.33440943404390533,0.044266259284139055
4.3500000000000005,6.0,0.3403555059897859,0.040590453573144156
4.356,6.0,0.34671344612563487,0.03740016674302401
4.362,6.0,0.35327877513512584,0.03519925297515032
4.368,6.0,0.3598980112303021,0.03425342777258508
4.374,6.0,0.3664797215336799,0.034544046958887756
4.38,6.0,0.3729880018966475,0.03584643634516363
4.386,6.0,0.3794208130126565,0.03784890411347752
4.392,6.0,0.3857807766382507,0.04023324615099201
4.398,6.0,0.3920483171299538,0.04270913135313164
4.404,6.0,0.3981656067818147,0.045020656061150965
4.41,6.0,0.40403534969739424,0.046942132218232575
4.416,6.0,0.4095330016578744,0.048299698238548364
4.422,6.0,0.4145267515807547,0.04899299256175591
4.428,6.0,0.4188978977310096,0.04898765986863266
4.434,6.0,0.4225553926339165,0.04831006752992547
4.44,6.0,0.4254412824934074,0.04693949094621144
4.446,6.0,0.42752732597328924,0.044960401749111895
4.452,6.0,0.42880595337506894,0.042503459894979674
4.458,6.0,0.42928039589485745,0.03975523921026804
4.464,6.0,0.4289588602731993,0.03693570996327151
4.47,6.0,0.4278558161854604,0.03435834914920703
4.476,6.0,0.4260003844400233,0.0324908539517418
4.482,6.0,0.4234484742577299,0.031917672157224755
4.488,6.0,0.4202932848096831,0.03314566924989251
4.494,6.0,0.41666904475301725,0.0363260757492363
4.5,6.0,0.4127454003946546,0.04116128041901171
4.506,6.0,0.4087134101855878,0.04706106767967875
4.5120000000000005,6.0,0.404767106917316,0.05340409566621247
4.518,6.0,0.4010856904566441,0.05982781530395145
4.524,6.0,0.39782014425188683,0.06604612042496406
4.53,6.0,0.3950855797845983,0.07180209670300687
4.5360000000000005,6.0,0.39295831168562034,0.07686110494242866
4.542,6.0,0.39147588109563913,0.08096320747384224
4.548,6.0,0.3906389207821498,0.08384418246712935
4.554,6.0,0.3904150591799284,0.0855511612710804
4.5600000000000005,6.0,0.39074547607836224,0.08617515748487978
4.566,6.0,0.3915538287617555,0.08577706116658455
4.572,6.0,0.39275558948581035,0.08443728989788937
4.578,6.0,0.3942646791796252,0.08221767513379144
4.5840000000000005,6.0,0.395994651247566,0.0791665154709792
4.59,6.0,0.3978538014858849,0.0753325918786567
4.596,6.0,0.3997364904497283,0.07077344932100679
4.602,6.0,0.40151527704978973,0.0655861815153955
4.6080000000000005,6.0,0.4030388709178224,0.05999398419039175
4.614,6.0,0.40413924410961233,0.05436269474898098
4.62,6.0,0.4046478634245063,0.049286932131994574
4.626,6.0,0.40441747382286036,0.04534000812873856
4.632,6.0,0.4033434928128967,0.04294322694673031
4.638,6.0,0.4013786685730807,0.042042908665482256
4.644,6.0,0.39853642403714573,0.042446399318262655
4.65,6.0,0.3948817627791808,0.043722324652345365
4.656,6.0,0.39051283020444866,0.04533171041372818
4.662,6.0,0.3855397553730901,0.04684404323763054
4.668,6.0,0.3800686437210929,0.047997009562076254
4.674,6.0,0.37419665130946234,0.048676981563586456
4.68,6.0,0.3680195123610962,0.04888480999097673
4.686,6.0,0.3616477503174416,0.04870902876764873
4.692,6.0,0.3552244977301292,0.048297485256098616
4.698,6.0,0.3489376752744102,0.04783720204701783
4.704,6.0,0.3430216581192852,0.04754067624662323
4.71,6.0,0.33774703278927165,0.04758708808632711
4.716,6.0,0.3333998815903528,0.048040385807992345
4.722,6.0,0.3302537433252113,0.04869766498367037
4.728,6.0,0.32853825918933155,0.049500465335268314
4.734,6.0,0.32840888404697827,0.050349970485182784
4.74,6.0,0.32992226958581705,0.0510296551515705
4.746,6.0,0.3330217711690704,0.05126728447169299
4.752,6.0,0.33753679250516355,0.050757575385667254
4.758,6.0,0.3431977733943146,0.04955082984596276
4.764,6.0,0.34966560780754724,0.047779968663893606
4.7700000000000005,6.0,0.35657058940504294,0.04563742475972811
4.776,6.0,0.36355321393831597,0.043330839549478445
4.782,6.0,0.37029841381915307,0.0410576956357546
4.788,6.0,0.37655677057839776,0.03899697755983872
4.7940000000000005,6.0,0.3821500826909573,0.03730154832678462
4.8,6.0,0.3869629189851074,0.03609342189984734
4.806,6.0,0.39092503976565635,0.03545951085528675
4.812,6.0,0.393991311803784,0.03544291248642255
4.8180000000000005,6.0,0.3961259735435374,0.03605567209917451
4.824,6.0,0.39729667917628275,0.037258285631624935
4.83,6.0,0.3974808249232721,0.039000960388874205
4.836,6.0,0.3966825336998759,0.0412678710584018
4.8420000000000005,6.0,0.3949543718269753,0.0440298135035586
4.848,6.0,0.39241520816453057,0.04723906236217045
4.854,6.0,0.3892560207503984,0.0508490214776749
4.86,6.0,0.38572921347718375,0.05482118742519882
4.866,6.0,0.3821226923996085,0.0591163016517961
4.872,6.0,0.37872522822989013,0.06366316412040124
4.878,6.0,0.375792377623553,0.06830510223486488
4.884,6.0,0.37352156521563684,0.07282515969043546
4.89,6.0,0.3720411509201446,0.07700404712228265
4.896,6.0,0.37141289989036186,0.08066002990600667
4.902,6.0,0.3716425715633921,0.083771773201014
4.908,6.0,0.3726912076690091,0.08629541514246046
4.914,6.0,0.37448142732224443,0.08821319026132908
4.92,6.0,0.37689750016339957,0.08955675447736723
4.926,6.0,0.3797828795950774,0.09036387026042006
4.932,6.0,0.38294153024488004,0.0907006071682422
4.938,6.0,0.3861480864173931,0.09059627373067976
4.944,6.0,0.38916773278866196,0.09031841377994845
4.95,6.0,0.3917817456894712,0.09012259324238162
4.956,6.0,0.3938117602552002,0.09020293304472879
4.962,6.0,0.3951364011142562,0.09069668998999961
4.968,6.0,0.39569753267931596,0.09159845280895099
4.974,6.0,0.3954977317059221,0.09283564805011642
4.98,6.0,0.39459317381346454,0.09432879936797497
4.986,6.0,0.3930855544161985,0.09591260049629238
4.992,6.0,0.39111392870881934,0.09734232444342215
4.998,6.0,0.38884464055438706,0.09835881806233128
5.0040000000000004,6.0,0.38645700724999865,0.09872762112916485
5.01,6.0,0.38412432063127444,0.0982556872089885
5.016,6.0,0.3819927001168043,0.09686549449789639
5.022,6.0,0.3801622851212343,0.09449504349524845
5.0280000000000005,6.0,0.3786751381696736,0.09113431372751392
5.034,6.0,0.37751239823790134,0.08684291063943539
5.04,6.0,0.37660100230720284,0.08161687963841104
5.046,6.0,0.3758287530760649,0.07572813613532496
5.0520000000000005,6.0,0.3750655246585263,0.06932782913540611
5.058,6.0,0.3741874875315145,0.06249066161324682
5.064,6.0,0.37310011557228573,0.055483773144258036
5.07,6.0,0.37175528260470825,0.04849871074562878
5.0760000000000005,6.0,0.3701584646978577,0.041669198295230254
5.082,6.0,0.36836432672126274,0.03521024538508118
5.088,6.0,0.36646207106795964,0.029547212218683602
5.094,6.0,0.3645548263172609,0.02543358426951188
5.1000000000000005,6.0,0.3627388031083714,0.02384995790269401
5.106,6.0,0.3610877149724966,0.025297503885612204
5.112,6.0,0.35964589964120947,0.029191694840198026
5.118,6.0,0.3584303769212558,0.034406650422832134
5.124,6.0,0.3574389058438253,0.03995439518352387
5.13,6.0,0.3566592995674837,0.04529496228664161
5.136,6.0,0.35607549917245834,0.0501504792861959
5.142,6.0,0.3556681659264196,0.054322294763401086
5.148,6.0,0.35541053876425766,0.05766973112284657
5.154,6.0,0.35526253989035445,0.060120568231146594
5.16,6.0,0.3551667129021824,0.06164869250764213
5.166,6.0,0.35504844207369124,0.062256909259042356
5.172,6.0,0.35482115128450364,0.06196652638739401
5.178,6.0,0.3543956639187401,0.06093273685004564
5.184,6.0,0.3536923058520248,0.05933877948126036
5.19,6.0,0.3526542011207575,0.0573784153952219
5.196,6.0,0.35125999600592406,0.05525581462359679
5.202,6.0,0.34953375184541674,0.053206798931624937
5.208,6.0,0.3475494716341668,0.05137567248825445
5.214,6.0,0.34542813338681294,0.04995644406640988
5.22,6.0,0.34332633525659384,0.04919542860456102
5.226,6.0,0.3414173500347731,0.049253794952514314
5.232,6.0,0.3398670314250518,0.05015286949767343
5.238,6.0,0.3388084249170967,0.051775076280211794
5.244,6.0,0.3383199591590379,0.05395835754368368
5.25,6.0,0.3384122994350176,0.05640704865646076
5.256,6.0,0.3390278830897626,0.058799442304592414
5.2620000000000005,6.0,0.3400545244812779,0.060802211381746574
5.268,6.0,0.3413507602113706,0.06234552313695234
5.274,6.0,0.34277691361560925,0.06336723170606365
5.28,6.0,0.3442235932611708,0.06384820567554927
5.2860000000000005,6.0,0.34562965452367167,0.06377015473233914
5.292,6.0,0.3469848812227344,0.06316896194246205
5.298,6.0,0.34831786203998893,0.062197155409633935
5.304,6.0,0.34967480003799584,0.06110691603202543
5.3100000000000005,6.0,0.3510979817646887,0.06020391225478148
5.316,6.0,0.35261194088046344,0.05976485607011999
5.322,6.0,0.3542212107785798,0.05996336026940349
5.328,6.0,0.35591802112651527,0.060824348697423605
5.3340000000000005,6.0,0.35769423353155944,0.06224418791977694
5.34,6.0,0.35955120564302323,0.06405773734736567
5.346,6.0,0.3615038860176383,0.0661076538687607
5.352,6.0,0.3635792783267072,0.06828380761477097
5.3580000000000005,6.0,0.36581201134234503,0.07055733187173914
5.364,6.0,0.3682399086774371,0.0729290639089175
5.37,6.0,0.37090098558862455,0.0754011226113202
5.376,6.0,0.37383172014168364,0.07785087359956755
5.382,6.0,0.37706596041469864,0.08027241503434182
5.388,6.0,0.3806341434038227,0.082897777049091
5.394,6.0,0.384562931010882,0.08600018655848803
5.4,6.0,0.38887516997547594,0.08968838140961356
5.406,6.0,0.39358955861986694,0.09396585678699731
5.412,6.0,0.3987190314415078,0.09888894797539775
5.418,6.0,0.4042670381012808,0.1045487600054608
5.424,6.0,0.41022150705713506,0.11097904760221174
5.43,6.0,0.41654694329957714,0.11813463906767056
5.436,6.0,0.42317552684799786,0.12581137008480336
5.442,6.0,0.42999819397551414,0.13364327389222685
5.448,6.0,0.4368567344488491,0.14161510411302725
5.454,6.0,0.4435382180486735,0.1497134397283756
5.46,6.0,0.44977356003993507,0.15776497839592413
5.466,6.0,0.45524239517568477,0.1654910641997803
5.472,6.0,0.45958642515500264,0.172577545979643
5.478,6.0,0.4624327771098343,0.1786972687596001
5.484,6.0,0.4634272443355735,0.18351178271712157
5.49,6.0,0.46227508982921306,0.18666646580019355
5.496,6.0,0.45878444021464115,0.1877979616282004
5.502,6.0,0.45290532877550654,0.1866219817113931
5.508,6.0,0.44475659377337196,0.18317029171956217
5.514,6.0,0.43463375427572126,0.17755816138265415
5.5200000000000005,6.0,0.42299356378584374,0.17003548198050186
5.526,6.0,0.4104148260912368,0.16084251813048406
5.532,6.0,0.3975396660593848,0.15038604188324325
5.538,6.0,0.38500402145330515,0.13909899210443843
5.5440000000000005,6.0,0.3733694508299938,0.12752315051248928
5.55,6.0,0.3630689514087384,0.1162970134621269
5.556,6.0,0.3543763176903376,0.10609860322908239
5.562,6.0,0.3474023453287871,0.09755366049313824
5.5680000000000005,6.0,0.34211415563428993,0.09111650897878452
5.574,6.0,0.3383690478249986,0.0869562932214253
5.58,6.0,0.3359531122483997,0.0849103938009296
5.586,6.0,0.3346169246584068,0.08454861530895987
5.5920000000000005,6.0,0.3341041468196959,0.08531427283467098
5.598,6.0,0.334171970683847,0.08666003188562271
5.604,6.0,0.3346042775760533,0.08814042345911145
5.61,6.0,0.3352190923530727,0.08945546334273839
5.6160000000000005,6.0,0.33587175883326814,0.09045152884040071
5.622,6.0,0.33645495222313837,0.09113245912576075
5.628,6.0,0.3368963111954425,0.09151031967556104
5.634,6.0,0.3371543093288307,0.09160010617782834
5.64,6.0,0.3372129460727201,0.0913999736408618
5.646,6.0,0.33707586850698146,0.0909019472603017
5.652,6.0,0.3367605347911362,0.09009586801206891
5.658,6.0,0.33629294299836676,0.08897510410151147
5.664,6.0,0.33570330189769537,0.08754366587578773
5.67,6.0,0.3350228385476455,0.08581366783833562
5.676,6.0,0.3342817684585704,0.08378316536492862
5.682,6.0,0.33350832810233666,0.08129922189575656
5.688,6.0,0.3327285717373185,0.07845009378299471
5.694,6.0,0.33196643926347935,0.07518824301544778
5.7,6.0,0.331243430227506,0.07138991373884195
5.706,6.0,0.33057743499398073,0.06739197210093585
5.712,6.0,0.32998089644168205,0.06334986212859098
5.718,6.0,0.3294593509490772,0.05946003350281599
5.724,6.0,0.32901173409230916,0.0560318681305506
5.73,6.0,0.328633229152104,0.053457693050419364
5.736,6.0,0.3283200010556869,0.05206242205472865
5.742,6.0,0.32807384506083104,0.051901139363182476
5.748,6.0,0.3279045327222846,0.052654964783757224
5.7540000000000004,6.0,0.32782866695502333,0.053700183751673736
5.76,6.0,0.32786556839566594,0.05432329737690182
5.766,6.0,0.3280321106118229,0.05379982815276042
5.772,6.0,0.3283387813900866,0.051841882072777394
5.7780000000000005,6.0,0.3287885609368269,0.04832851004669388
5.784,6.0,0.3293789233371856,0.043372875192670135
5.79,6.0,0.33010609862670004,0.03724133628012523
5.796,6.0,0.33097003139839637,0.03039827759651101
5.8020000000000005,6.0,0.33197841278211526,0.02360380632512517
5.808,6.0,0.3331485420061605,0.0182183200190807
5.814,6.0,0.3345064242587916,0.016415053818496624
5.82,6.0,0.336083213400476,0.01907331433688425
5.8260000000000005,6.0,0.3379096770127831,0.024240598361817953
5.832,6.0,0.34000977113111225,0.03004276167296327
5.838,6.0,0.3423945852353447,0.03560926139317216
5.844,6.0,0.3450578871787905,0.040589915920932064
5.8500000000000005,6.0,0.3479741259382428,0.04483683778558994
5.856,6.0,0.3510990752786611,0.04839250689305105
5.862,6.0,0.3543725002836969,0.05141219959459361
5.868,6.0,0.3577216821447642,0.05412178544803362
5.8740000000000006,6.0,0.36106492249323463,0.056789643127434675
5.88,6.0,0.3643151222494251,0.05964949991583983
5.886,6.0,0.3673844478717063,0.06290217126548328
5.892,6.0,0.3701910878428934,0.06666884539724764
5.898,6.0,0.37266774868780006,0.07098370348380453
5.904,6.0,0.3747695495471324,0.0757773954982255
5.91,6.0,0.3764776682468378,0.08085266713174044
5.916,6.0,0.37779573644983355,0.08592353920048075
5.922,6.0,0.3787387888885392,0.09071408000975939
5.928,6.0,0.3793183226893465,0.09498109494390347
5.934,6.0,0.3795297777432219,0.09853043726026381
5.94,6.0,0.37934874524296264,0.10138339680617471
5.946,6.0,0.37873911269541816,0.10355555487627459
5.952,6.0,0.37767133513053686,0.10519133548404447
5.958,6.0,0.37614434897175686,0.10638282487607169
5.964,6.0,0.37420245421142273,0.1071635574190688
5.97,6.0,0.3719397803527488,0.10753624875967979
5.976,6.0,0.3694891913763296,0.10745484166243353
5.982,6.0,0.3669979141131813,0.1067966927775468
5.988,6.0,0.3645968006274611,0.10543389724990668
5.994,6.0,0.3623723012170826,0.10327741897446403
6.0,6.0,0.3603493042370324,0.10034116355547396
6.006,6.0,0.3584895142718916,0.09675796872714645
6.0120000000000005,6.0,0.35670527904712884,0.09269039419429045
6.018,6.0,0.35488448671727635,0.08828661377316495
6.024,6.0,0.3529197100438736,0.08359903783097057
6.03,6.0,0.3507345284370508,0.07872694102479579
6.0360000000000005,6.0,0.34830137881977,0.07390719851382246
6.042,6.0,0.3456476378563067,0.06934521087368634
6.048,6.0,0.3428494193811527,0.06516619265631231
6.054,6.0,0.34001552210466046,0.061421338744757976
6.0600000000000005,6.0,0.33726627615557264,0.058066241608266476
6.066,6.0,0.3347129207915828,0.055033636014760696
6.072,6.0,0.3324420278646816,0.05225833543693226
6.078,6.0,0.3305069010803315,0.04967951099609018
6.0840000000000005,6.0,0.32892531911785966,0.04724107284795177
6.09,6.0,0.3276817063466322,0.0448533110006237
6.096,6.0,0.3267321347038387,0.04236965203621967
6.102,6.0,0.3260116509704878,0.0395874886144501
6.1080000000000005,6.0,0.3254439727917132,0.03643252060311963
6.114,6.0,0.32495305001254426,0.03291867628940166
6.12,6.0,0.32447477977078976,0.029019064679868506
6.126,6.0,0.32396628229943736,0.02470755392678739
6.132000000000001,6.0,0.3234104667760369,0.019975162805530668
6.138,6.0,0.3228150961129371,0.014853722532785687
6.144,6.0,0.3222074714758433,0.009483421467075337
6.15,6.0,0.32162714641704304,0.004613548467177712
6.156,6.0,0.32111925100554933,0.00501483842619004
6.162,6.0,0.32072998562127064,0.010234705017016935
6.168,6.0,0.3205043332339689,0.01591455197531189
6.174,6.0,0.32048488045620294,0.02130792929333691
6.18,6.0,0.3207103284098446,0.02611817745462565
6.186,6.0,0.32121284867166966,0.03012459472186214
6.192,6.0,0.3220144014522727,0.0331500062360627
6.198,6.0,0.3231229147772734,0.035066071954963494
6.204,6.0,0.3245296628613363,0.03577881986429662
6.21,6.0,0.3262088853485404,0.035307419492299194
6.216,6.0,0.3281200816572988,0.033822711543879835
6.222,6.0,0.33021258177270574,0.031452106292713444
6.228,6.0,0.3324313269134902,0.02833456184686298
6.234,6.0,0.3347225077975533,0.02458646405625723
6.24,6.0,0.3370377957855466,0.020274685210933174
6.246,6.0,0.3393362312855397,0.015429168489387942
6.252,6.0,0.34158327349098017,0.010088070985778705
6.258,6.0,0.34374711692930227,0.0047247131251814635
6.264,6.0,0.345793176038377,0.005000861356453849
6.2700000000000005,6.0,0.34767850815748025,0.011743494847531823
6.276,6.0,0.34934850782123894,0.019683809592455977
6.282,6.0,0.35073793460068703,0.028162387813131712
6.288,6.0,0.3517770454385565,0.036892033249461144
6.2940000000000005,6.0,0.35240163246497475,0.0455908987881217
6.3,6.0,0.3525641019970089,0.053969068925323625
6.306,6.0,0.3522422206065583,0.06178891968825298
6.312,6.0,0.351443092109328,0.06885551200728524
6.3180000000000005,6.0,0.3502017129998607,0.07508448248950521
6.324,6.0,0.34857515501173864,0.08045657631730342
6.33,6.0,0.3466341211490249,0.0849822933196486
6.336,6.0,0.3444533354465028,0.08867378540141255
6.3420000000000005,6.0,0.3421014432351751,0.09160290996500746
6.348,6.0,0.3396307819345682,0.09389037357974053
6.354,6.0,0.3370680630841511,0.09570153463589078
6.36,6.0,0.33440828363698083,0.097270181556863
6.3660000000000005,6.0,0.3316149397512739,0.09886269942189271
6.372,6.0,0.3286288522374834,0.10068989478000348
6.378,6.0,0.3253854626349034,0.1027000522369355
6.384,6.0,0.32183729365836844,0.10479983983876286
6.390000000000001,6.0,0.31797581975761946,0.10696127727001221
6.396,6.0,0.31384631968671683,0.10917666690645923
6.402,6.0,0.3095508432280625,0.11122986373572093
6.408,6.0,0.30523787098802085,0.11283443260087889
6.414,6.0,0.301081721878635,0.11375713428057074
6.42,6.0,0.2972585786554428,0.11391429257484399
6.426,6.0,0.29392739959463243,0.11323225079142189
6.432,6.0,0.2912216756360495,0.11161861916061958
6.438,6.0,0.28925255437129405,0.10883477737363363
6.444,6.0,0.28811797880403,0.10467119390859388
6.45,6.0,0.28790934792956147,0.09911159465772934
6.456,6.0,0.28870867879943574,0.0923693278907957
6.462,6.0,0.2905745794090761,0.08461892873690527
6.468,6.0,0.2935211473860341,0.07604738070461826
6.474,6.0,0.2974971494414448,0.06695945306938406
6.48,6.0,0.30237213463635926,0.05776958330877504
6.486,6.0,0.30793317459198677,0.04890085834731244
6.492,6.0,0.31389322854390334,0.04072606336215668
6.498,6.0,0.31991122028218355,0.03365481908378995
6.5040000000000004,6.0,0.32562354545623406,0.02800182844677617
6.51,6.0,0.33068523179756487,0.0239008993238664
6.516,6.0,0.33481568473733875,0.02120906725069667
6.522,6.0,0.33784012390902196,0.019576686475957523
6.5280000000000005,6.0,0.33971600102270105,0.018613088345245853
6.534,6.0,0.34053583834696344,0.018112896614696044
6.54,6.0,0.3405037596192042,0.01817209197585145
6.546,6.0,0.3398908497688987,0.019114315808652034
6.5520000000000005,6.0,0.3389810656378048,0.021259315582454773
6.558,6.0,0.33802207905552745,0.024701584639376533
6.564,6.0,0.33719273875591016,0.029294543625193962
6.57,6.0,0.3365920543545913,0.034777746944308
6.5760000000000005,6.0,0.3362469161316938,0.04088424239533182
6.582,6.0,0.33613061373842223,0.04738683891282604
6.588,6.0,0.336183455216228,0.05410022177374905
6.594,6.0,0.33632982927699684,0.060845485845955574
6.6000000000000005,6.0,0.33649030985442263,0.06748656579480067
6.606,6.0,0.3365903081747223,0.07401068679716598
6.612,6.0,0.33656738472769543,0.08033459904496745
6.618,6.0,0.3363781641344441,0.08638276614264573
6.6240000000000006,6.0,0.33600427445013237,0.09219480428344282
6.63,6.0,0.33545589565082434,0.09786503391295401
6.636,6.0,0.3347716698867451,0.10341890117736056
6.642,6.0,0.33401455829113125,0.10880300144161295
6.648000000000001,6.0,0.3332641323043327,0.11388800315442743
6.654,6.0,0.33260634005736345,0.11848330736205787
6.66,6.0,0.3321219240751355,0.1223606947906955
6.666,6.0,0.3318747404309751,0.12528241718965072
6.672,6.0,0.33190180561246063,0.12702423455780454
6.678,6.0,0.33220739336491945,0.12738102508887128
6.684,6.0,0.3327634667601278,0.12614974364133436
6.69,6.0,0.3335173117511987,0.12305792248857947
6.696,6.0,0.3344047069841425,0.11834175205174764
6.702,6.0,0.3353646026557071,0.11225134645126447
6.708,6.0,0.3363505708835308,0.10508234652837348
6.714,6.0,0.3373358101054288,0.09714331068796955
6.72,6.0,0.33831138797248994,0.08871087851913989
6.726,6.0,0.339280140485717,0.08000907639271167
6.732,6.0,0.34024974404067265,0.07119611296100321
6.738,6.0,0.34122792873088414,0.062380725421329594
6.744,6.0,0.34222093360306394,0.05366549558660627
6.75,6.0,0.34323422993313457,0.04518915559277921
6.756,6.0,0.3442732632068133,0.03713026538521071
6.7620000000000005,6.0,0.3453419765776054,0.029756608967344597
6.768,6.0,0.3464382368489408,0.023465406811123486
6.774,6.0,0.3475474351089304,0.018865858532867395
6.78,6.0,0.34863738681525913,0.016617623617504258
6.7860000000000005,6.0,0.34965809448860424,0.01680010077612469
6.792,6.0,0.3505483578209488,0.018605806842588283
6.798,6.0,0.3512483775663763,0.021079785264173482
6.804,6.0,0.3517147585758248,0.02364776060470252
6.8100000000000005,6.0,0.35193318098470217,0.026060113951526902
6.816,6.0,0.35192488372674735,0.028236865600569025
6.822,6.0,0.3517452994496413,0.03017471337245993
6.828,6.0,0.3514755845478247,0.03191585751345072
6.8340000000000005,6.0,0.3512095138188343,0.03353110827334446
6.84,6.0,0.35103889202988603,0.03507259784269577
6.846,6.0,0.3510404282381484,0.03655517943146037
6.852,6.0,0.35126625424749636,0.03798737365785404
6.8580000000000005,6.0,0.35173924608914187,0.03934177123244056
6.864,6.0,0.3524532306275683,0.04055032259830934
6.87,6.0,0.3533772407640853,0.04151371073038682
6.876,6.0,0.3544624598565406,0.042099879726161166
6.882000000000001,6.0,0.35565050658788033,0.04216599019622789
6.888,6.0,0.3568821158072129,0.04171564992922779
6.894,6.0,0.35810553607720363,0.04080007367973614
6.9,6.0,0.35928365763906855,0.03942051682826801
6.906000000000001,6.0,0.3603981413802535,0.037572309665682334
6.912,6.0,0.3614485112858333,0.03526083876512047
6.918,6.0,0.36244509299502214,0.03255842162010983
6.924,6.0,0.36339687538395027,0.029646070040280054
6.93,6.0,0.3642978642206123,0.026720502197335533
6.936,6.0,0.36511688602437586,0.02396128681609647
6.942,6.0,0.3657950966687207,0.02154769847558879
6.948,6.0,0.3662528858875391,0.01961352076445947
6.954,6.0,0.36640455609475564,0.018260207319089155
6.96,6.0,0.3661766513821525,0.017560204680645657
6.966,6.0,0.36552491457586767,0.01753807934124666
6.972,6.0,0.364445719194452,0.01814019614154705
6.978,6.0,0.36297973087196417,0.01921805123742196
6.984,6.0,0.36120782245968414,0.020617947801379037
6.99,6.0,0.35924112414668125,0.02217926061325478
6.996,6.0,0.35720825444689797,0.02377413309203317
7.002,6.0,0.35524293018064135,0.02529969255946732
7.008,6.0,0.35347438979742657,0.02667084056225514
7.014,6.0,0.3520216890154988,0.027857075496800693
7.0200000000000005,6.0,0.35099139487238645,0.02907560624264653
7.026,6.0,0.3504770521711644,0.03053567073959954
7.032,6.0,0.35055826832635295,0.03239544426066584
7.038,6.0,0.3512974530296467,0.03475905174627953
7.0440000000000005,6.0,0.3527331709226976,0.03764262391559178
7.05,6.0,0.3548705496994327,0.04096379466351505
7.056,6.0,0.357670881558953,0.044548393389057306
7.062,6.0,0.3610438428113044,0.048156629605081824
7.0680000000000005,6.0,0.3648460133455906,0.05153788345119165
7.074,6.0,0.36888812968797946,0.05449467705069339
7.08,6.0,0.3729511177838958,0.056906833809029944
7.086,6.0,0.37680816341707213,0.058728592883673825
7.0920000000000005,6.0,0.38024796137624317,0.059966323331049856
7.098,6.0,0.3830936996326225,0.0606655252704302
7.104,6.0,0.38521344110332295,0.0608861907399483
7.11,6.0,0.3865200478033368,0.06068764753922477
7.1160000000000005,6.0,0.38696186674665556,0.06011072146291962
7.122,6.0,0.3865080914079672,0.059147363644412525
7.128,6.0,0.3851342890511712,0.05778923454903319
7.134,6.0,0.38281359742825244,0.056003248059637745
7.140000000000001,6.0,0.37951742222704093,0.0537202165101329
7.146,6.0,0.3752265623913934,0.0508171264188285
7.152,6.0,0.3699502895635618,0.04719427006152782
7.158,6.0,0.36374805982464053,0.042770060626051425
7.164000000000001,6.0,0.3567471556310559,0.03750585870547906
7.17,6.0,0.349150272375077,0.03143038472487652
7.176,6.0,0.3412294710785262,0.02466040733012589
7.182,6.0,0.33330622665517784,0.017455469883059644
7.188,6.0,0.32572064545800017,0.010509620500792427
7.194,6.0,0.3187955538723769,0.0068921166225478815
7.2,6.0,0.31280252675364933,0.010995516823328829
7.206,6.0,0.3079364510530558,0.01774984147057276
7.212,6.0,0.3043026938057191,0.02439500222946248
7.218,6.0,0.301916931008996,0.03021834836592391
7.224,6.0,0.30071394147227115,0.03488956260850463
7.23,6.0,0.3005599826057946,0.03820397773682293
7.236,6.0,0.3012644667179326,0.04019669742101702
7.242,6.0,0.3025898067835001,0.04095316105069391
7.248,6.0,0.3042613376408305,0.04061927435113275
7.2540000000000004,6.0,0.3059801773478089,0.03941121346265852
7.26,6.0,0.307440669400197,0.037603662759831014
7.266,6.0,0.30835179181959294,0.035562853658700336
7.272,6.0,0.3084602743690989,0.03381608630219352
7.2780000000000005,6.0,0.30757266336636224,0.0330519102695164
7.284,6.0,0.30557388953476905,0.03395371395825352
7.29,6.0,0.3024403772707015,0.03687456344136919
7.296,6.0,0.2982462421988985,0.04165858536176826
7.3020000000000005,6.0,0.29316161251998374,0.04780534264950085
7.308,6.0,0.28744242306098566,0.05472673101964259
7.314,6.0,0.2814113931483977,0.06186365522468059
7.32,6.0,0.27543053389342087,0.06868446296524679
7.3260000000000005,6.0,0.2698669515804064,0.07461802175795734
7.332,6.0,0.2650560446644322,0.07908963018652178
7.338,6.0,0.26126816054475205,0.08173028712083212
7.344,6.0,0.2586849222284816,0.08243843695063752
7.3500000000000005,6.0,0.2573888715868696,0.08124285420892613
7.356,6.0,0.25736595384346195,0.07839029134897149
7.362,6.0,0.25851679359176305,0.07423503555420286
7.368,6.0,0.26067150965402713,0.06934516067673269
7.3740000000000006,6.0,0.26360445725346504,0.06432676360873346
7.38,6.0,0.2670483575148259,0.060016523727004265
7.386,6.0,0.2707099303684295,0.05725813305639576
7.392,6.0,0.27428959056558644,0.05665427155426242
7.398000000000001,6.0,0.2775059121512796,0.05830487587024638
7.404,6.0,0.2801223516057223,0.061646329016734884
7.41,6.0,0.2819712648430258,0.06586825012203146
7.416,6.0,0.28296997071864893,0.07028202890870296
7.422000000000001,6.0,0.2831258114306578,0.0743704796902763
7.428,6.0,0.2825303872218977,0.07782856620470989
7.434,6.0,0.2813456976106448,0.08057976397737529
7.44,6.0,0.2797855264968095,0.08283436670189792
7.446,6.0,0.2780943399652296,0.08500798060568347
7.452,6.0,0.27652435309684825,0.08760973214290078
7.458,6.0,0.27531084886971513,0.09115420577429746
7.464,6.0,0.2746467949125729,0.09596846970243575
7.47,6.0,0.2746598296716045,0.10208297466137888
7.476,6.0,0.2753962781078954,0.10924098676014453
7.482,6.0,0.27681662554581543,0.1171642368201081
7.488,6.0,0.2788045974608851,0.12552570950982458
7.494,6.0,0.2811885795584588,0.13398772819855065
7.5,6.0,0.2837709502008337,0.14238853157917794
7.506,6.0,0.28635928699649116,0.15044597214266323
7.5120000000000005,6.0,0.2887934309841854,0.15780276535760182
7.518,6.0,0.2909637981497881,0.1643949250245041
7.524,6.0,0.2928183850425775,0.17055527818317512
7.53,6.0,0.29435819951552805,0.17635233780071136
7.5360000000000005,6.0,0.2956233255273679,0.18204500174609728
7.542,6.0,0.29667392396106523,0.18761462561777134
7.548,6.0,0.2975715496619987,0.19283734520677792
7.554,6.0,0.29836549630607034,0.197374239461954
7.5600000000000005,6.0,0.2990867098632817,0.19984011661120454
7.566,6.0,0.2997489515218844,0.19939806874372581
7.572,6.0,0.3003546743353069,0.19689837456615117
7.578,6.0,0.3009022173330779,0.19315746485229773
7.5840000000000005,6.0,0.301391455646267,0.18797918903191088
7.59,6.0,0.3018264670299544,0.18170975175825155
7.596,6.0,0.3022154449294313,0.17450839568898574
7.602,6.0,0.30256932861990515,0.16646660496052962
7.6080000000000005,6.0,0.30290104560088227,0.15770899494431817
7.614,6.0,0.3032267617453905,0.14841428850931382
7.62,6.0,0.3035692164537378,0.1387832282756164
7.626,6.0,0.3039617354573053,0.1289903489799719
7.632000000000001,6.0,0.30445051482132085,0.11918036938785026
7.638,6.0,0.30509283615594907,0.10944608291410791
7.644,6.0,0.3059501446989291,0.09999307172756675
7.65,6.0,0.30707706267765744,0.09139112126637955
7.656000000000001,6.0,0.3085093743285412,0.08412536740996052
7.662,6.0,0.3102548711834755,0.07934529585466747
7.668,6.0,0.3122902127483938,0.07752804121331354
7.674,6.0,0.3145647435756079,0.078472345599175
7.68,6.0,0.3170096538459917,0.08151095633378733
7.686,6.0,0.31954898799415876,0.08578046345963829
7.692,6.0,0.32210875268831884,0.0904429171197804
7.698,6.0,0.3246218743374383,0.09477900926270623
7.704,6.0,0.3270290910131043,0.0982106650530171
7.71,6.0,0.3292778468808598,0.10033668571497302
7.716,6.0,0.33132172297201173,0.10091091256979805
7.722,6.0,0.33312188751674743,0.09985742037403088
7.728,6.0,0.3346502724880463,0.09723216709839648
7.734,6.0,0.3358929622723704,0.09337786445103628
7.74,6.0,0.33685247459711654,0.08852890822026198
7.746,6.0,0.3375488277045308,0.08298884818649915
7.752,6.0,0.33802044105314144,0.0770259632386763
7.758,6.0,0.33832580249893707,0.07084254644798856
7.764,6.0,0.33854546168590766,0.06459543507312479
7.7700000000000005,6.0,0.33878227974822517,0.058384277165422646
7.776,6.0,0.3391573170134333,0.05227349115137692
7.782,6.0,0.33979973505700356,0.046220939871555414
7.788,6.0,0.3408311396567404,0.040350182401732576
7.7940000000000005,6.0,0.3423467417980012,0.03481829124048937
7.8,6.0,0.34439688354525383,0.029826435165513938
7.806,6.0,0.34697279039008333,0.025644717633464865
7.812,6.0,0.3500000264327322,0.022587478139706414
7.8180000000000005,6.0,0.35334212071674154,0.02087432828480902
7.824,6.0,0.35681510579878584,0.020403947340864183
7.83,6.0,0.3602114126538806,0.020707466778580274
7.836,6.0,0.36332929417884297,0.021145120829344485
7.8420000000000005,6.0,0.3660024284191664,0.021166675397696417
7.848,6.0,0.36812400719600735,0.020399050120960015
7.854,6.0,0.36966055837552136,0.018675970168624247
7.86,6.0,0.370652726799552,0.01602510439108311
7.8660000000000005,6.0,0.3712028604885465,0.012775109598952264
7.872,6.0,0.37145197663746754,0.009911568545097284
7.878,6.0,0.3715507609775631,0.009571435256388108
7.884,6.0,0.3716302565899553,0.012858731712197978
7.890000000000001,6.0,0.3717776629807067,0.018173721073783122
7.896,6.0,0.37202158430948656,0.02420439662057173
7.902,6.0,0.3723294125460479,0.030393755271529824
7.908,6.0,0.37261755407839126,0.036571633268268455
7.914000000000001,6.0,0.3727727722477635,0.042740951908002006
7.92,6.0,0.3726802676710366,0.04898094268929101
7.926,6.0,0.3722517365330558,0.05548620689105023
7.932,6.0,0.3714456890800337,0.062437388253071865
7.938,6.0,0.3702737945225857,0.06992857013313775
7.944,6.0,0.36879114545030633,0.07795270294397784
7.95,6.0,0.3670739089452363,0.08638383661148162
7.956,6.0,0.3651924728320157,0.09510183696378122
7.962,6.0,0.36318969152511077,0.10390447114800481
7.968,6.0,0.3610712507533327,0.11255875405523343
7.974,6.0,0.3588096402629962,0.12099880076733004
7.98,6.0,0.3563574746335506,0.12913306249800058
7.986,6.0,0.35366276698548776,0.1369089016816542
7.992,6.0,0.3506794859325947,0.14412090239488595
7.998,6.0,0.347370386353443,0.15017107946450867
8.004,6.0,0.3437035305499514,0.1549751252692252
8.01,6.0,0.3396466582961943,0.159059964941165
8.016,6.0,0.3351636274502623,0.16244729092394072
8.022,6.0,0.3302150261693304,0.1652117755585165
8.028,6.0,0.32476229803951406,0.16727107518187456
8.034,6.0,0.3187729692932265,0.16839622488419453
8.040000000000001,6.0,0.31222462974841103,0.16872288876756913
8.046,6.0,0.3051067116433982,0.16835201847869213
8.052,6.0,0.2974207253736305,0.167196580078583
8.058,6.0,0.2891802785889436,0.16519627282820554
8.064,6.0,0.2804118511359794,0.16234834479034685
8.07,6.0,0.27115648540914206,0.15859370772253872
8.076,6.0,0.26147201459711494,0.15385562844850656
8.082,6.0,0.25143534735290385,0.14803776052835235
8.088000000000001,6.0,0.24114443339138902,0.14104559814786266
8.094,6.0,0.2307195874968584,0.13303928340928534
8.1,6.0,0.22030389212821638,0.12415313058608288
8.106,6.0,0.21006246058889422,0.11446986509695013
8.112,6.0,0.2001803780157435,0.10409792335779197
8.118,6.0,0.19085902565320412,0.09314747603480975
8.124,6.0,0.18231033434894553,0.08173783569335588
8.13,6.0,0.17474835120053456,0.06988136404199774
8.136000000000001,6.0,0.16837746357123395,0.05762534321512649
8.142,6.0,0.16337712196311485,0.04610937309189757
8.148,6.0,0.15988394813424373,0.03676431088645797
8.154,6.0,0.1579734138313815,0.03099626950754757
8.16,6.0,0.15764471824445891,0.029640976409627033
8.166,6.0,0.15881325646578393,0.03163446759615863
8.172,6.0,0.16131470201792808,0.0347329860174119
8.178,6.0,0.16492297019654187,0.037162521765622604
8.184000000000001,6.0,0.16938114016318076,0.03794908715343857
8.19,6.0,0.1744406467355439,0.03675935641735065
8.196,6.0,0.1799009300841461,0.03391593587817895
8.202,6.0,0.1856405645868845,0.030335721756308547
8.208,6.0,0.19163238994174792,0.027712203751184748
8.214,6.0,0.19793915915977262,0.028306977405386735
8.22,6.0,0.20469116468271706,0.033254248089478945
8.226,6.0,0.21205147221463283,0.041571300642413773
8.232,6.0,0.2201762164214082,0.051572927413422676
8.238,6.0,0.2291767718388567,0.062082242523190403
8.244,6.0,0.23908858737556127,0.07225990300566806
8.25,6.0,0.2498496696944324,0.08152067374660786
8.256,6.0,0.2612910891272162,0.08948366079845002
8.262,6.0,0.2731420695839375,0.09587094776293915
8.268,6.0,0.285051797834396,0.10052131479897734
8.274000000000001,6.0,0.29662768566617254,0.10339966615421897
8.28,6.0,0.3074854027696786,0.1045930039344842
8.286,6.0,0.3173011772075076,0.10429174763355747
8.292,6.0,0.32585423252007417,0.1027656930098071
8.298,6.0,0.33304883147106046,0.10033171087398543
8.304,6.0,0.33891128273969656,0.09730937836878255
8.31,6.0,0.34356508933777474,0.09398169819747902
8.316,6.0,0.3471936731323412,0.09056235854547325
8.322000000000001,6.0,0.3500021196405347,0.0873183913619683
8.328,6.0,0.35218688891237665,0.08441633072199543
8.334,6.0,0.3539175150169687,0.08190403881005288
8.34,6.0,0.35532961853361544,0.07975983997605297
8.346,6.0,0.35652584441396773,0.07791328779293916
8.352,6.0,0.35758082595482904,0.07626574724095748
8.358,6.0,0.3585471616232882,0.07471377821410893
8.364,6.0,0.35946069551680015,0.07317041685688132
8.370000000000001,6.0,0.3603445433638099,0.07155244561249756
8.376,6.0,0.3612118982718293,0.06980642642499725
8.382,6.0,0.36206793710767404,0.06789040480428514
8.388,6.0,0.362911179244403,0.06576526047667733
8.394,6.0,0.36373458185588003,0.06345365768839177
8.4,6.0,0.36452657955863776,0.06099016244915646
8.406,6.0,0.365272205539638,0.05852161340721185
8.412,6.0,0.36595434770544777,0.05615245617438723
8.418000000000001,6.0,0.36655508682277793,0.0540088675170184
8.424,6.0,0.36705697999612,0.05222687864745797
8.43,6.0,0.36744413349339977,0.0509294601671429
8.436,6.0,0.36770296814554626,0.05018168529904949
8.442,6.0,0.3678226877528101,0.04986885640557844
8.448,6.0,0.36779554460995234,0.04985154781187199
8.454,6.0,0.36761701594343676,0.050165880130483204
8.46,6.0,0.36728594395349246,0.05076089534947619
8.466,6.0,0.3668045732840792,0.051537020333346395
8.472,6.0,0.3661782796992007,0.052342555076986465
8.478,6.0,0.36541469558571493,0.053066777799885
8.484,6.0,0.3645219508186658,0.05364028145989615
8.49,6.0,0.3635059780206491,0.054003392173889206
8.496,6.0,0.3623672646088925,0.054184343872211986
8.502,6.0,0.3610980400509208,0.05419916041376742
8.508000000000001,6.0,0.3596813147704522,0.05411738070705312
8.514,6.0,0.35809307577873184,0.05401942751758153
8.52,6.0,0.3563080674620355,0.053831265869428824
8.526,6.0,0.35430811308785026,0.05367616281924504
8.532,6.0,0.352090613474957,0.053494782651764744
8.538,6.0,0.34967437913016985,0.053178149710484825
8.544,6.0,0.3471007277740743,0.05260183908757524
8.55,6.0,0.34442942168783663,0.05160608019820885
8.556000000000001,6.0,0.34173068275392837,0.05008863186828402
8.562,6.0,0.3390754342834303,0.048016369606028925
8.568,6.0,0.3365257781338104,0.045424630870037154
8.574,6.0,0.334127046826559,0.04241204440226798
8.58,6.0,0.33190231561629013,0.0391475582401772
8.586,6.0,0.32985027481139856,0.035866052205776364
8.592,6.0,0.3279474336484416,0.032854591494668614
8.598,6.0,0.32615507946060446,0.030418278941570967
8.604000000000001,6.0,0.3244299767330433,0.02880820912632335
8.61,6.0,0.3227359325771846,0.028133935947094825
8.616,6.0,0.32105218044970446,0.028322951676064346
8.622,6.0,0.31937495388599485,0.029167065826122107
8.628,6.0,0.3177107538557228,0.030416753342567732
8.634,6.0,0.3160628919277718,0.03186806179418234
8.64,6.0,0.3144155555115057,0.033402862089424314
8.646,6.0,0.31272086563255214,0.034983390363663734
8.652000000000001,6.0,0.310893648014915,0.03662512855003305
8.658,6.0,0.3088163619726398,0.03836877731263724
8.664,6.0,0.30635367842518846,0.040262185298726896
8.67,6.0,0.30337348558079746,0.042343235947693306
8.676,6.0,0.2997694989231674,0.04463129897392893
8.682,6.0,0.2954803595077237,0.04711863683429586
8.688,6.0,0.2905012307049442,0.04976361661173346
8.694,6.0,0.28488595557253454,0.052490088248297345
8.700000000000001,6.0,0.27874013267173103,0.05519580459289845
8.706,6.0,0.2722073046973275,0.05776649750048921
8.712,6.0,0.2654513675308888,0.060077304553011905
8.718,6.0,0.25863820781938346,0.062023117996572924
8.724,6.0,0.25191890301712566,0.06360744273401049
8.73,6.0,0.245416038811316,0.06483087628829101
8.736,6.0,0.2392141251773166,0.06568763812173486
8.742,6.0,0.23335476214324335,0.06616937522650203
8.748,6.0,0.22783696394077088,0.06627017900862657
8.754,6.0,0.2226227922239197,0.06600348532713603
8.76,6.0,0.2176479295547826,0.06542700426691375
8.766,6.0,0.21283591916490208,0.06461764110565563
8.772,6.0,0.20811364184527187,0.06363208838116383
8.778,6.0,0.20342476607007648,0.06249112922296459
8.784,6.0,0.1987381490774534,0.06131279644705807
8.790000000000001,6.0,0.19404973781306809,0.06017910716889298
8.796,6.0,0.18937899059437152,0.059225533577194164
8.802,6.0,0.18476275434428682,0.058422010689675584
8.808,6.0,0.18024963913590153,0.05777447229540177
8.814,6.0,0.17589625133976244,0.057285919230161395
8.82,6.0,0.17176450925110956,0.05691558915540019
8.826,6.0,0.16791836531983584,0.056633940048588204
8.832,6.0,0.164419041080202,0.05630888111364399
8.838000000000001,6.0,0.16131961869528327,0.055671918002360106
8.844,6.0,0.15866096506217375,0.054474581515778636
8.85,6.0,0.15647087773060203,0.05256076201412538
8.856,6.0,0.1547671210732755,0.04981019855677637
8.862,6.0,0.1535635088999744,0.04649437695023294
8.868,6.0,0.15287698716266057,0.04268073002112795
8.874,6.0,0.1527328857364182,0.038416244305365325
8.88,6.0,0.15316544358908546,0.033784850375792076
8.886000000000001,6.0,0.1542116116553179,0.02884131843601246
8.892,6.0,0.15589824235934763,0.023639761846708546
8.898,6.0,0.15822584518548521,0.01807329497795533
8.904,6.0,0.16115472987144586,0.012255517374739212
8.91,6.0,0.16460008006194632,0.006502225580954209
8.916,6.0,0.16844034264973778,0.002323426450205897
8.922,6.0,0.17253854367787635,0.006458714079696836
8.928,6.0,0.176770706265757,0.012334061168892302
8.934000000000001,6.0,0.18105180039150426,0.018301065421573882
8.94,6.0,0.18534949198173206,0.024250964086428073
8.946,6.0,0.18967988370673736,0.030138767985169172
8.952,6.0,0.19408597146574208,0.035874594772092226
8.958,6.0,0.1986061060586703,0.041271336784869515
8.964,6.0,0.20324375672690703,0.0461530677360904
8.97,6.0,0.20794961943125742,0.05037977437367423
8.976,6.0,0.21262279509774434,0.053824795416356
8.982,6.0,0.21713108339370502,0.05651743510164564
8.988,6.0,0.22134410085397374,0.058562467140424734
8.994,6.0,0.22516897392944463,0.0602781547517575
9.0,6.0,0.22857801703979763,0.061999198932735346
9.006,6.0,0.23162053923126807,0.06399341020052551
9.012,6.0,0.23441551550510675,0.06647358083150977
9.018,6.0,0.23712683567055276,0.0695009762500825
9.024000000000001,6.0,0.23992715199659415,0.0730986163003898
9.03,6.0,0.24295905486903477,0.07716406961823966
9.036,6.0,0.24630263510508896,0.08130682023344993
9.042,6.0,0.24995627133112314,0.0852677736078283
9.048,6.0,0.2538336969705898,0.08870195040412188
9.054,6.0,0.25777665872147726,0.09159766167725399
9.06,6.0,0.261579911520904,0.09370461340500547
9.066,6.0,0.26502408658868365,0.09445583128524473
9.072000000000001,6.0,0.26791122086230085,0.09404119407058803
9.078,6.0,0.27009708418639894,0.09321571160641742
9.084,6.0,0.271514386729961,0.09238790741743773
9.09,6.0,0.2721822981805447,0.09199298952604648
9.096,6.0,0.27220096579909436,0.09246402864725424
9.102,6.0,0.2717337144776578,0.09413096543478519
9.108,6.0,0.2709825965176467,0.09712844973198198
9.114,6.0,0.2701634846489011,0.10135105805150689
9.120000000000001,6.0,0.2694849612748288,0.1064316321167917
9.126,6.0,0.26913203654418566,0.11199843506171918
9.132,6.0,0.2692532697586551,0.1176477313136128
9.138,6.0,0.26994931277406264,0.12292204739975265
9.144,6.0,0.2712623410870437,0.12735904224029043
9.15,6.0,0.2731680893018025,0.13052601199901817
9.156,6.0,0.27557384395941786,0.13206611853035438
9.162,6.0,0.27832548644179084,0.13179037028728655
9.168000000000001,6.0,0.28122445228945214,0.12964146876437194
9.174,6.0,0.28405225664358147,0.12578553603228843
9.18,6.0,0.28659739734803913,0.12044858929874849
9.186,6.0,0.28867840444801185,0.11380445152240885
9.192,6.0,0.2901580715961526,0.10609106130988491
9.198,6.0,0.29094710685593156,0.0974751865912202
9.204,6.0,0.29099925130332716,0.0882616281629447
9.21,6.0,0.2903026557591193,0.07894704156971846
9.216000000000001,6.0,0.28887288966891156,0.07013995417065327
9.222,6.0,0.2867512265550207,0.06269641885090704
9.228,6.0,0.28400867652782896,0.05766424728378988
9.234,6.0,0.2807528561174702,0.05601517397536649
9.24,6.0,0.2771325339614936,0.05811069571436518
9.246,6.0,0.27333459028788565,0.06340273525213297
9.252,6.0,0.26957038120407395,0.07078107119129212
9.258000000000001,6.0,0.26605236538997695,0.07902986034366591
9.264,6.0,0.2629656607959692,0.08733693143174283
9.27,6.0,0.2604414398321616,0.09514704234952283
9.276,6.0,0.25853900508928784,0.10215931175141996
9.282,6.0,0.2572413444446249,0.10827906089007984
9.288,6.0,0.25646571006748003,0.11358475078999088
9.294,6.0,0.25608713645452147,0.11828925627041594
9.3,6.0,0.25596944573899155,0.12268474581345402
9.306000000000001,6.0,0.2559961131328631,0.127039371337714
9.312,6.0,0.25609320976846983,0.13120563667765717
9.318,6.0,0.256239077002145,0.13516230048446182
9.324,6.0,0.2564595289116037,0.1384861262826354
9.33,6.0,0.2568117354032751,0.14101656078897928
9.336,6.0,0.25736266887813364,0.14289751133991133
9.342,6.0,0.25816839192582586,0.14409962820162056
9.348,6.0,0.2592589258395252,0.14449323789206178
9.354000000000001,6.0,0.2606310684051569,0.14415907339459963
9.36,6.0,0.26224935495475155,0.14350228072447105
9.366,6.0,0.26405363144272037,0.14237324374584345
9.372,6.0,0.2659705278936215,0.1407737664902127
9.378,6.0,0.2679254295507171,0.13968013105911573
9.384,6.0,0.26985159334555797,0.1392668370937
9.39,6.0,0.2716941427195618,0.13942529286425454
9.396,6.0,0.27340857065608043,0.13987635161277512
9.402000000000001,6.0,0.27495552338209256,0.14018137021869329
9.408,6.0,0.2762949684615323,0.13992305588609466
9.414,6.0,0.27738278213756595,0.13889670722997605
9.42,6.0,0.2781713451015003,0.13702165847821476
9.426,6.0,0.2786137390363578,0.1344876328771215
9.432,6.0,0.27866966261321635,0.1313180190063937
9.438,6.0,0.2783109801354552,0.12798484192985835
9.444,6.0,0.27752572940742704,0.1252388914526405
9.450000000000001,6.0,0.2763207185243959,0.12362061265268602
9.456,6.0,0.2747235022157938,0.12348831176499926
9.462,6.0,0.27278417914731146,0.12504338076437677
9.468,6.0,0.27057636528697404,0.12834077109840641
9.474,6.0,0.2681957049168507,0.13328641585675047
9.48,6.0,0.2657542865365786,0.13963367632206605
9.486,6.0,0.26337053454281434,0.14699781294127912
9.492,6.0,0.26115611515316334,0.15492099836120912
9.498,6.0,0.25920306854230535,0.16296012605155807
9.504,6.0,0.2575747724263685,0.17070562175138426
9.51,6.0,0.25630304218961,0.1778700267877727
9.516,6.0,0.2553912408166935,0.18437565717115917
9.522,6.0,0.25482099856173407,0.19013691004192954
9.528,6.0,0.2545591049103774,0.1951282225640855
9.534,6.0,0.25456182888965184,0.1997413634206598
9.540000000000001,6.0,0.25477575551974296,0.20407673746499333
9.546,6.0,0.25513614096342074,0.20811303210844023
9.552,6.0,0.2555648821194409,0.21190019001177618
9.558,6.0,0.255970208121871,0.2155653007523721
9.564,6.0,0.25624942679719553,0.21896968246426013
9.57,6.0,0.25629500740615724,0.22237792467186157
9.576,6.0,0.256003409960173,0.22623984152769822
9.582,6.0,0.25528560417264023,0.23052870602557496
9.588000000000001,6.0,0.2540781832136914,0.23492366767790113
9.594,6.0,0.2523541083794621,0.23938093995785384
