t,peak,symmetry_error,chi,norm
0,0.9998789912,0.0001078712,0.0126035051,4.6116129803
1,1.0000890241,0.0000532575,0.0113658967,4.6113530002
2,1.0003149207,0.0001035715,0.0150740287,4.6123060843
3,1.0006777186,0.0004860806,0.0125035206,4.6120578188
4,1.0007870960,0.0002101192,0.0094287870,4.6115878663
5,1.0010765524,0.0000437270,0.0137356563,4.6124472382
6,1.0014775991,0.0000029390,0.0182592002,4.6137097649
7,1.0018708330,0.0002329737,0.0165459886,4.6139520805
8,1.0016907010,0.0001392874,0.0086220709,4.6137416819
9,1.0017591515,0.0000735398,0.0059259769,4.6128660549
10,1.0019826738,0.0001876917,0.0090082826,4.6122937948
11,1.0029172196,0.0002315808,0.0121983647,4.6126018583
12,1.0017711627,0.0001547175,0.0008398523,4.6101382950
13,1.0024956761,0.0003354905,0.0109498000,4.6101866273
14,1.0027052350,0.0003533420,0.0060196275,4.6084046635
15,1.0031698252,0.0005018727,0.0084851167,4.6075063455
16,1.0037040831,0.0005889325,0.0093875569,4.6075431920
17,1.0040016027,0.0006161491,0.0104817592,4.6078200762
18,1.0051072531,0.0008440862,0.0139758266,4.6087540774
19,1.0053148134,0.0006905410,0.0170040642,4.6094696281
20,1.0055609790,0.0006571150,0.0113830336,4.6086539466
21,1.0060170470,0.0005185295,0.0185590247,4.6098419689
22,1.0059299154,0.0002423881,0.0088070656,4.6090320392
23,1.0060227304,0.0000636945,0.0136872483,4.6090805272
24,1.0061677301,0.0001168497,0.0163366569,4.6101585487
25,1.0067709143,0.0002144984,0.0124512590,4.6104839021
26,1.0069215909,0.0001110756,0.0084312036,4.6094372713
27,1.0066219133,0.0003530492,0.0075757182,4.6090887612
28,1.0074276224,0.0003592095,0.0098029160,4.6083817598
29,1.0083520489,0.0003703943,0.0130569366,4.6085472811
30,1.0086496295,0.0001024356,0.0071538327,4.6081918114
31,1.0088993611,0.0001106139,0.0109959572,4.6079882429
32,1.0089759560,0.0000078565,0.0112357200,4.6076957585
33,1.0095160823,0.0002383405,0.0145960588,4.6081335389
34,1.0096130327,0.0003283404,0.0130303638,4.6082564391
35,1.0095798189,0.0004607945,0.0137057890,4.6086520850
36,1.0094702898,0.0004577118,0.0088616227,4.6077300083
37,1.0099010667,0.0003219947,0.0113778546,4.6073555789
38,1.0099721856,0.0002491311,0.0157630823,4.6080513612
39,1.0102107745,0.0001991549,0.0191684695,4.6094762615
40,1.0100489431,0.0002384498,0.0059564854,4.6083638128
41,1.0111418212,0.0004522085,0.0192668341,4.6103476490
42,1.0117088406,0.0003177711,0.0184602020,4.6119964244
43,1.0118490746,0.0000462603,0.0157502947,4.6126634563
44,1.0123510206,0.0000256750,0.0132693870,4.6128572342
45,1.0123670237,0.0001376705,0.0104931705,4.6125948925
46,1.0131292220,0.0000158759,0.0189984993,4.6132406443
47,1.0147232174,0.0003851988,0.0214092399,4.6151211619
48,1.0151482747,0.0001992315,0.0206478474,4.6172683483
49,1.0156390922,0.0000308985,0.0183124981,4.6182130646
50,1.0161292394,0.0001064654,0.0137154260,4.6180678450
51,1.0157874443,0.0001861534,0.0062000706,4.6168579283
52,1.0155628847,0.0000148410,0.0119786202,4.6169653327
53,1.0156418744,0.0001458627,0.0151510797,4.6179989773
54,1.0153016215,0.0000084593,0.0058158650,4.6174401087
55,1.0159903578,0.0001830846,0.0138965859,4.6180737045
56,1.0157578684,0.0000585217,0.0140633457,4.6181660404
57,1.0166040166,0.0000626152,0.0153410051,4.6186806416
58,1.0163327140,0.0001645701,0.0063162338,4.6173195148
59,1.0164024823,0.0004907448,0.0088238277,4.6167112841
60,1.0169684249,0.0006188769,0.0099051108,4.6169088538
61,1.0169235170,0.0005309945,0.0063849508,4.6162196853
62,1.0181083953,0.0007256206,0.0203489658,4.6182911820
63,1.0177042463,0.0004734614,0.0096196285,4.6176472613
64,1.0182409408,0.0008230722,0.0135790542,4.6180338597
65,1.0183690381,0.0009496858,0.0107588518,4.6187242480
66,1.0189944731,0.0008992351,0.0196006698,4.6199375646
67,1.0199906655,0.0008661037,0.0183377327,4.6215990065
68,1.0204201626,0.0010794228,0.0150400926,4.6221205112
69,1.0199188878,0.0011966870,0.0014231526,4.6204511854
70,1.0204390084,0.0013887224,0.0122497391,4.6204655516
71,1.0204936767,0.0013520962,0.0152816937,4.6217658600
72,1.0208759854,0.0014407608,0.0168190156,4.6224318590
73,1.0211996845,0.0013526529,0.0090340462,4.6218105121
74,1.0220254574,0.0012980467,0.0207456545,4.6241190674
75,1.0215656357,0.0014381076,0.0056619313,4.6225364708
76,1.0211447558,0.0015091648,0.0088246655,4.6219669358
77,1.0215737868,0.0018196726,0.0164882399,4.6234179249
78,1.0220515026,0.0018018669,0.0122354621,4.6236274699
79,1.0226835622,0.0018673367,0.0216114844,4.6254522724
80,1.0229755767,0.0017458957,0.0129048921,4.6262292965
81,1.0230978176,0.0017347282,0.0089606684,4.6253847753
82,1.0230622491,0.0015073634,0.0101876952,4.6247411885
83,1.0230625528,0.0019633904,0.0067624986,4.6234758893
84,1.0230284418,0.0020102507,0.0058671352,4.6224789524
85,1.0228754785,0.0019008468,0.0150259752,4.6233086397
86,1.0233921686,0.0016977135,0.0147895959,4.6240858163
87,1.0236955417,0.0019451501,0.0182138823,4.6258762093
88,1.0235370878,0.0020252602,0.0083778922,4.6254305277
89,1.0240780694,0.0021447964,0.0201077158,4.6273878060
90,1.0237827077,0.0020322896,0.0106205390,4.6272333464
91,1.0243095812,0.0022771075,0.0195571597,4.6284275276
92,1.0242700962,0.0023528270,0.0099226279,4.6270745046
93,1.0244780066,0.0024079595,0.0084696802,4.6265697056
94,1.0246393663,0.0025616249,0.0131989698,4.6271631045
95,1.0244854415,0.0025421743,0.0169509748,4.6276476830
96,1.0243589955,0.0026318988,0.0127728460,4.6278444701
97,1.0247964015,0.0027711973,0.0091894616,4.6278308340
98,1.0238233605,0.0027974110,0.0055621454,4.6264120754
99,1.0237516531,0.0025545693,0.0052727030,4.6253682234
100,1.0236009426,0.0025335167,0.0144128777,4.6259750099
101,1.0243162021,0.0027464027,0.0167506226,4.6271933163
102,1.0242677920,0.0027212484,0.0112113860,4.6272486997
103,1.0240399190,0.0026663992,0.0068430487,4.6260313122
104,1.0243413030,0.0025152074,0.0161906023,4.6272757928
105,1.0243989413,0.0025603035,0.0058541091,4.6263349034
106,1.0239291560,0.0025744225,0.0085772731,4.6253801143
107,1.0238828131,0.0025581362,0.0149808857,4.6253920567
108,1.0232625621,0.0025362496,0.0011993224,4.6229091968
109,1.0236540627,0.0025467249,0.0138545741,4.6241959591
110,1.0233202642,0.0026181432,0.0092081240,4.6244207584
111,1.0239945263,0.0025667473,0.0125245425,4.6246471692
112,1.0246371699,0.0027584057,0.0116366327,4.6249662630
113,1.0250612218,0.0029062949,0.0129701491,4.6249688310
114,1.0257919231,0.0029294055,0.0153320253,4.6260553598
115,1.0256845946,0.0028756598,0.0083598252,4.6256380759
116,1.0263829790,0.0028322634,0.0188207137,4.6268120920
117,1.0263226361,0.0026400787,0.0154852502,4.6276827079
118,1.0267377792,0.0027527040,0.0160499168,4.6293005355
119,1.0272398712,0.0029447137,0.0175913471,4.6310012062
120,1.0275642120,0.0030460814,0.0157804235,4.6317301502
121,1.0276354999,0.0030402344,0.0160515777,4.6327488297
122,1.0279614551,0.0032622097,0.0123628493,4.6323102187
123,1.0274614999,0.0032166598,0.0051514855,4.6309229016
124,1.0282951205,0.0035088063,0.0113517835,4.6317419966
125,1.0284396052,0.0036269145,0.0083063297,4.6316966043
126,1.0283044866,0.0037523617,0.0051708395,4.6303364962
127,1.0279298414,0.0035804152,0.0132405734,4.6302360433
128,1.0277947073,0.0033497352,0.0092709626,4.6297445603
129,1.0272593933,0.0032537411,0.0070569387,4.6288864866
130,1.0273300812,0.0032535993,0.0069935948,4.6281902246
131,1.0281310857,0.0033276901,0.0132884020,4.6287543275
132,1.0285742197,0.0029895269,0.0137216254,4.6286060573
133,1.0292979783,0.0031891620,0.0183477959,4.6304165329
134,1.0297423468,0.0029001104,0.0119332096,4.6309455070
135,1.0300538345,0.0024447312,0.0170008308,4.6331336950
136,1.0309556602,0.0021467366,0.0187308712,4.6347827103
137,1.0317218083,0.0020468980,0.0175207951,4.6370589886
138,1.0316811565,0.0023131271,0.0006465412,4.6350541396
139,1.0321492499,0.0022528182,0.0178976819,4.6367430988
140,1.0325708041,0.0022916190,0.0136301760,4.6374950312
141,1.0325150339,0.0025212373,0.0140341025,4.6378055496
142,1.0328388288,0.0024415072,0.0137818916,4.6382542686
143,1.0334118962,0.0021949246,0.0138372344,4.6393984020
144,1.0335676889,0.0021254415,0.0135331883,4.6399498787
145,1.0333011516,0.0021967194,0.0102772161,4.6397593412
146,1.0332245464,0.0024150418,0.0028721506,4.6378858972
147,1.0331023847,0.0023842195,0.0114772093,4.6385243266
148,1.0330824850,0.0023975298,0.0081420871,4.6378085381
149,1.0332891995,0.0022181243,0.0171847844,4.6389745199
150,1.0331733961,0.0022041460,0.0106139208,4.6390659866
151,1.0332566151,0.0022299714,0.0124006817,4.6394262575
152,1.0333084517,0.0021440811,0.0079218914,4.6386439942
153,1.0339062135,0.0019640197,0.0095490122,4.6390318043
154,1.0340113675,0.0018393971,0.0119446413,4.6395597447
155,1.0341750487,0.0016385585,0.0048701991,4.6379743163
156,1.0346501018,0.0017665524,0.0134432885,4.6385704922
157,1.0343781999,0.0017409326,0.0114908532,4.6383428508
158,1.0343209450,0.0016075074,0.0063085449,4.6376083917
159,1.0339848680,0.0014883371,0.0004884822,4.6354201685
160,1.0346815152,0.0016812719,0.0144626502,4.6364619821
161,1.0346103822,0.0013697472,0.0105715966,4.6365510795
162,1.0352818914,0.0013410968,0.0094559596,4.6361214761
163,1.0347658071,0.0012862863,0.0108664578,4.6358090630
164,1.0351370868,0.0013453330,0.0207190845,4.6377522586
165,1.0348369951,0.0014905432,0.0117609553,4.6380834663
166,1.0352470588,0.0017455027,0.0124157725,4.6386129363
167,1.0353356350,0.0019312519,0.0048620502,4.6372452771
168,1.0361458456,0.0018958951,0.0199072275,4.6400219423
169,1.0366617255,0.0018366946,0.0164039423,4.6414993817
170,1.0373625692,0.0020971307,0.0171212874,4.6431322498
171,1.0370403812,0.0019774879,0.0122288291,4.6432914769
172,1.0380512034,0.0019056342,0.0163999430,4.6446142567
173,1.0385226989,0.0019472533,0.0137805448,4.6451225379
174,1.0383769487,0.0020231592,0.0149433076,4.6461351779
175,1.0382104135,0.0019613412,0.0112694738,4.6461225658
176,1.0374268847,0.0020156928,0.0049253378,4.6449798287
177,1.0376535011,0.0021024303,0.0169385009,4.6462241388
178,1.0379399270,0.0021282052,0.0027121937,4.6445839945
179,1.0376968743,0.0023615477,0.0108483040,4.6444960883
180,1.0377715583,0.0023084565,0.0110182921,4.6444444032
181,1.0368503049,0.0022074186,0.0069942713,4.6431100148
182,1.0373200469,0.0021266657,0.0149429911,4.6443291443
183,1.0376940480,0.0021279392,0.0110384174,4.6443337075
184,1.0379049003,0.0024190283,0.0099030320,4.6446292116
185,1.0387825154,0.0025493403,0.0144952403,4.6450669158
186,1.0388618239,0.0025037564,0.0097124206,4.6459354497
187,1.0393267686,0.0023131519,0.0186671039,4.6469899405
188,1.0400323370,0.0022429488,0.0136869844,4.6485048407
189,1.0405287910,0.0023044232,0.0097232017,4.6481887045
190,1.0410422843,0.0022991446,0.0026675281,4.6469791798
191,1.0408466311,0.0022872002,0.0057227847,4.6457013469
192,1.0408870507,0.0019893773,0.0172167878,4.6470834571
193,1.0409544548,0.0019230160,0.0117571005,4.6469925503
194,1.0415627851,0.0017861156,0.0106409997,4.6467974704
195,1.0418587201,0.0017022347,0.0198876077,4.6482898193
196,1.0417444438,0.0016960464,0.0058432836,4.6466690404
197,1.0416154878,0.0017508352,0.0091888426,4.6462425752
198,1.0416056428,0.0018764505,0.0097315792,4.6458816075
199,1.0427568811,0.0018961107,0.0148144190,4.6469886607
200,1.0428488064,0.0017367861,0.0088150310,4.6468879188
201,1.0432599640,0.0016267614,0.0090555943,4.6468337153
202,1.0427655509,0.0016425180,0.0042952829,4.6453654482
203,1.0435510633,0.0018811832,0.0155008771,4.6457649325
204,1.0443675672,0.0018781890,0.0158694689,4.6463218543
205,1.0445775118,0.0021231624,0.0097133916,4.6463971178
206,1.0448124325,0.0023966278,0.0127840317,4.6462532132
207,1.0446312740,0.0024258704,0.0057952986,4.6451679041
208,1.0455672009,0.0024693247,0.0097352969,4.6455912936
209,1.0461018933,0.0026567063,0.0186141646,4.6469768831
210,1.0463723612,0.0024552733,0.0126515075,4.6471036777
211,1.0475470929,0.0023787324,0.0230897447,4.6491878210
212,1.0476982523,0.0022979862,0.0082214748,4.6492249523
213,1.0484810339,0.0021130741,0.0147853652,4.6503500420
214,1.0488637055,0.0023079932,0.0110615720,4.6508769125
215,1.0493056578,0.0023713628,0.0147159257,4.6519546191
216,1.0500685532,0.0024161494,0.0119653855,4.6518897690
217,1.0500182921,0.0023428988,0.0093062491,4.6515815278
218,1.0502299312,0.0024759982,0.0078354395,4.6508624210
219,1.0515236465,0.0025654128,0.0267169763,4.6538581719
220,1.0521676236,0.0023825029,0.0116287437,4.6547762112
221,1.0518650645,0.0025457843,0.0023200287,4.6532112031
222,1.0519681351,0.0022651253,0.0088867171,4.6524643539
223,1.0527243793,0.0023657425,0.0152545907,4.6532094274
224,1.0526722092,0.0021625925,0.0095999595,4.6526585189
225,1.0536702964,0.0019917752,0.0185301418,4.6542859786
226,1.0540467859,0.0019209486,0.0168115117,4.6560270432
227,1.0547912079,0.0016979362,0.0112687745,4.6567104972
228,1.0556322527,0.0019427553,0.0097333635,4.6570846607
229,1.0548132721,0.0016825641,0.0071769552,4.6554074098
230,1.0553720138,0.0012712547,0.0086401606,4.6548178422
231,1.0542255762,0.0012122935,0.0049289132,4.6536938670
232,1.0542742796,0.0013284290,0.0177811022,4.6554844190
233,1.0547130872,0.0009749015,0.0196353638,4.6577138131
234,1.0544916994,0.0010754937,0.0059705373,4.6573424797
235,1.0544790271,0.0008680015,0.0063279217,4.6568243166
236,1.0538917439,0.0009346809,0.0035111431,4.6558841322
237,1.0540090847,0.0009836315,0.0073734997,4.6549238113
238,1.0534385524,0.0007230037,0.0000000000,4.6523663231
239,1.0539400923,0.0008992294,0.0065170610,4.6517734918
240,1.0544687859,0.0010573809,0.0182251939,4.6535889594
241,1.0545978234,0.0009772802,0.0103407719,4.6538545937
242,1.0555552891,0.0010901783,0.0161020043,4.6551517376
243,1.0550477502,0.0012504031,0.0096529485,4.6549338575
244,1.0553357041,0.0012052185,0.0204512030,4.6568304636
245,1.0555233237,0.0009771789,0.0129562463,4.6573081433
246,1.0551406364,0.0011162197,0.0101663890,4.6571418028
247,1.0568434127,0.0012645362,0.0242516353,4.6598418868
248,1.0563829007,0.0010414903,0.0104425351,4.6597014053
249,1.0566760202,0.0013141507,0.0061381279,4.6581865954
250,1.0565908940,0.0012732992,0.0129691680,4.6587856079
251,1.0571356103,0.0010308041,0.0118135918,4.6593012013
252,1.0579679890,0.0010704737,0.0171183579,4.6609438558
253,1.0576497086,0.0009282573,0.0075761572,4.6604285780
254,1.0571565885,0.0008285512,0.0158626413,4.6612198531
255,1.0580766444,0.0010534635,0.0160931927,4.6621631832
256,1.0582236171,0.0010998530,0.0087951010,4.6615081275
257,1.0584835953,0.0011228723,0.0127835712,4.6619583365
258,1.0581115563,0.0012948089,0.0080123906,4.6612644024
259,1.0591269373,0.0014409217,0.0232598788,4.6644267751
260,1.0588353507,0.0016790974,0.0086201301,4.6639325747
261,1.0589582543,0.0017068504,0.0098252427,4.6642096432
262,1.0587348895,0.0016845679,0.0068839775,4.6638478302
263,1.0587061932,0.0017348970,0.0103386179,4.6635573204
264,1.0588836420,0.0016699923,0.0119717951,4.6639216065
265,1.0587592129,0.0016450774,0.0156853878,4.6652640815
266,1.0584158412,0.0016819909,0.0090696641,4.6647556329
267,1.0585910819,0.0017042274,0.0111082850,4.6649249021
268,1.0582024394,0.0018735931,0.0052008510,4.6640140803
269,1.0583276439,0.0020248232,0.0080284693,4.6634655334
270,1.0595197311,0.0019180733,0.0252278763,4.6666589220
271,1.0598101195,0.0018513320,0.0169979673,4.6681251092
272,1.0595378215,0.0020202278,0.0082491646,4.6673043652
273,1.0589185280,0.0021028163,0.0055804932,4.6662574892
274,1.0586518879,0.0021994445,0.0073172024,4.6653498740
275,1.0589534490,0.0022354602,0.0118958839,4.6658224035
276,1.0592918745,0.0023052092,0.0121666934,4.6665795462
277,1.0594365763,0.0021537265,0.0084270691,4.6666194840
278,1.0595291165,0.0021719333,0.0058244426,4.6653643422
279,1.0605165863,0.0022727977,0.0188274168,4.6676042375
280,1.0606681312,0.0022527953,0.0141680902,4.6686132127
281,1.0613465628,0.0023250466,0.0102020735,4.6686620613
282,1.0617070603,0.0024713238,0.0109408262,4.6682175280
283,1.0621914198,0.0024226703,0.0094582538,4.6684060453
284,1.0612847361,0.0023618226,0.0000000000,4.6660525341
285,1.0612628973,0.0024677442,0.0125551768,4.6665638089
286,1.0621664219,0.0026813603,0.0068613868,4.6664227224
287,1.0625082155,0.0028015338,0.0071871154,4.6658530326
288,1.0627455199,0.0025933249,0.0089267405,4.6656836188
289,1.0629004746,0.0025932197,0.0155150482,4.6671795708
290,1.0632728988,0.0027496352,0.0063814521,4.6664361985
291,1.0628380189,0.0022970104,0.0051154490,4.6644089941
292,1.0631476678,0.0023464333,0.0150712900,4.6652727248
293,1.0639469123,0.0021806353,0.0156209707,4.6663677232
294,1.0637229999,0.0019828929,0.0073971182,4.6660489329
295,1.0642239980,0.0020907833,0.0146995089,4.6679711709
296,1.0643150269,0.0021252913,0.0106001643,4.6678490440
297,1.0649058956,0.0020813451,0.0134462024,4.6687639718
298,1.0643946233,0.0021028004,0.0059473907,4.6688711551
299,1.0647172049,0.0021568882,0.0159978934,4.6703987021
300,1.0654585162,0.0023899527,0.0177756430,4.6722331157
301,1.0661101724,0.0024784445,0.0150579515,4.6731912062
302,1.0662033131,0.0024071614,0.0146800318,4.6742399535
303,1.0657137868,0.0024645291,0.0000000000,4.6718954226
304,1.0663060785,0.0023997083,0.0132510228,4.6722387999
305,1.0660705539,0.0026723347,0.0118778625,4.6728536534
306,1.0666285916,0.0029165830,0.0112941816,4.6725709503
307,1.0662655480,0.0029785203,0.0089732256,4.6720148007
308,1.0662499465,0.0029536123,0.0122657519,4.6719345732
309,1.0663062410,0.0028966264,0.0139781635,4.6723504496
310,1.0665437899,0.0028518727,0.0107338168,4.6723805253
311,1.0664719732,0.0030053719,0.0097760441,4.6726573281
312,1.0668566776,0.0028401991,0.0179028183,4.6748075135
313,1.0667709802,0.0028552520,0.0066942379,4.6744999966
314,1.0674866311,0.0026927656,0.0169447449,4.6763563459
315,1.0678277071,0.0026302140,0.0128486998,4.6765270953
316,1.0679539270,0.0027028836,0.0081393329,4.6759191292
317,1.0686046735,0.0030663488,0.0106080869,4.6761289312
318,1.0678658684,0.0030065053,0.0075840307,4.6754373114
319,1.0685287694,0.0030586758,0.0152403097,4.6765852290
320,1.0689672499,0.0032637717,0.0136699285,4.6778678517
321,1.0696094916,0.0032356258,0.0093273784,4.6776434162
322,1.0696942331,0.0031195873,0.0067093522,4.6774891496
323,1.0699587078,0.0030451829,0.0134482372,4.6779822168
324,1.0698460307,0.0030029735,0.0165954509,4.6795664366
325,1.0704439400,0.0029689125,0.0114535855,4.6798331494
326,1.0709915473,0.0029767459,0.0140080920,4.6803587542
327,1.0707448019,0.0032022213,0.0101950697,4.6802418753
328,1.0709620207,0.0033364147,0.0123243322,4.6813132201
329,1.0709952391,0.0029846740,0.0106018420,4.6814533439
330,1.0719592074,0.0029023912,0.0134114023,4.6825211064
331,1.0716893755,0.0028541892,0.0047530919,4.6806838339
332,1.0719488828,0.0030215670,0.0150921145,4.6815506256
333,1.0725914681,0.0032714121,0.0108963241,4.6819168142
334,1.0733196891,0.0031505952,0.0137213187,4.6825500435
335,1.0736065768,0.0030838104,0.0103665114,4.6832153580
336,1.0743667044,0.0029540993,0.0135377337,4.6837981242
337,1.0739640398,0.0030071739,0.0068516985,4.6824877695
338,1.0746072628,0.0029420075,0.0177079412,4.6845703677
339,1.0744987171,0.0029747144,0.0038229860,4.6831272793
340,1.0745809211,0.0028477244,0.0070116537,4.6825341404
341,1.0753468893,0.0028019143,0.0131311971,4.6829520518
342,1.0754518008,0.0030490641,0.0190216430,4.6849547233
343,1.0758328523,0.0030472457,0.0133350062,4.6854725759
344,1.0759946989,0.0030598534,0.0108100394,4.6854098573
345,1.0756494704,0.0031648190,0.0051595673,4.6845576470
346,1.0759840938,0.0030398892,0.0110818720,4.6846548297
347,1.0759596651,0.0029979253,0.0119045903,4.6852915980
348,1.0766678274,0.0031710915,0.0201147295,4.6873213553
349,1.0774699348,0.0031076973,0.0149862011,4.6886209285
350,1.0771981473,0.0032661487,0.0046603542,4.6874831716
351,1.0784968688,0.0035680551,0.0217285397,4.6902028128
352,1.0783063787,0.0033966611,0.0101039526,4.6898944959
353,1.0783557694,0.0031500800,0.0077785934,4.6890686136
354,1.0792729895,0.0031188435,0.0190791487,4.6908420636
355,1.0798210287,0.0028636602,0.0117611724,4.6913624662
356,1.0801930317,0.0028128774,0.0102364675,4.6913954773
357,1.0808511321,0.0027085986,0.0130501727,4.6916819843
358,1.0812124820,0.0026576621,0.0160554661,4.6926666645
359,1.0817660265,0.0028779828,0.0167680138,4.6943559049
360,1.0816634045,0.0027634626,0.0053990285,4.6933051397
361,1.0822540999,0.0027620067,0.0215927111,4.6953591839
362,1.0830962334,0.0029330708,0.0165449356,4.6962684988
363,1.0830987927,0.0030234251,0.0101798349,4.6962791553
364,1.0833588589,0.0030115540,0.0080704327,4.6958516551
365,1.0830142155,0.0031626506,0.0073487403,4.6954243505
366,1.0830796292,0.0029750018,0.0125922165,4.6961978591
367,1.0833549117,0.0030968879,0.0088895218,4.6957553246
368,1.0831285738,0.0030214411,0.0083286050,4.6956343314
369,1.0843012999,0.0031446657,0.0158940211,4.6975649172
370,1.0849930554,0.0032759374,0.0137499233,4.6980592842
371,1.0851305700,0.0032197653,0.0101060580,4.6980126564
372,1.0852461840,0.0034354485,0.0155243885,4.6990915419
373,1.0864250170,0.0033719305,0.0185634174,4.7016420820
374,1.0864372139,0.0034011950,0.0067464177,4.7006662399
375,1.0868559038,0.0035329821,0.0091041990,4.7011062307
376,1.0881599388,0.0036381554,0.0165245848,4.7031138742
377,1.0892492328,0.0037348415,0.0154509147,4.7038420749
378,1.0892321356,0.0034741187,0.0130881545,4.7047995292
379,1.0905420170,0.0033913864,0.0175796217,4.7063940366
380,1.0899065344,0.0032818941,0.0067765837,4.7060140317
381,1.0891984178,0.0034227137,0.0049001384,4.7050634866
382,1.0889317957,0.0034587104,0.0078407647,4.7043342773
383,1.0891231739,0.0034876170,0.0125882117,4.7045907565
384,1.0893368708,0.0033378718,0.0081787835,4.7045713022
385,1.0899976908,0.0031790791,0.0096613528,4.7047131449
386,1.0908002780,0.0032858074,0.0073199994,4.7047541861
387,1.0908016793,0.0030040448,0.0090219401,4.7044735060
388,1.0904566128,0.0029557936,0.0071770213,4.7031127450
389,1.0912690175,0.0030412194,0.0137638378,4.7038006094
390,1.0921871575,0.0030454929,0.0158154771,4.7053531108
391,1.0924288757,0.0029973831,0.0096938595,4.7065192218
392,1.0926412435,0.0028870862,0.0110051242,4.7061672799
393,1.0924987221,0.0030533744,0.0092110437,4.7063247992
394,1.0921932727,0.0027511259,0.0145500058,4.7074859255
395,1.0928763539,0.0029654862,0.0124274690,4.7082808290
396,1.0938745493,0.0032325168,0.0196519531,4.7108170466
397,1.0944350983,0.0033583339,0.0067417342,4.7113477491
398,1.0947435658,0.0032777471,0.0137400120,4.7127837979
399,1.0953414767,0.0033998193,0.0141311587,4.7140497103
400,1.0960851108,0.0037114625,0.0102698872,4.7143859012
401,1.0971668123,0.0034183079,0.0148009638,4.7159528988
402,1.0966728331,0.0036199065,0.0050950913,4.7151211770
403,1.0978681632,0.0036279519,0.0221702545,4.7182755278
404,1.0980637693,0.0035899037,0.0055581866,4.7167774775
405,1.0992596280,0.0036198303,0.0164150749,4.7188954473
406,1.0995952089,0.0034653275,0.0066186111,4.7184648634
407,1.1004803511,0.0035930823,0.0175242385,4.7205234965
408,1.1008556485,0.0037138600,0.0101530847,4.7210358845
409,1.1011452804,0.0037440801,0.0127604300,4.7215526629
410,1.1008145422,0.0038075868,0.0122560500,4.7217757129
411,1.1016551441,0.0038740668,0.0172835237,4.7229176436
412,1.1019969958,0.0041191915,0.0104565722,4.7239798897
413,1.1014728409,0.0039772057,0.0000000000,4.7221832922
414,1.1015180521,0.0039046102,0.0083517178,4.7222237103
415,1.1020162555,0.0039060808,0.0128818192,4.7233894840
416,1.1019618757,0.0036836384,0.0098857526,4.7234567045
417,1.1027253740,0.0037588909,0.0156951401,4.7248995692
418,1.1035129386,0.0038975254,0.0168735696,4.7268314070
419,1.1040235397,0.0040414817,0.0112906953,4.7271719787
420,1.1033379106,0.0041030506,0.0048497021,4.7258087526
421,1.1037479289,0.0039307441,0.0186439925,4.7274192135
422,1.1042183185,0.0041359722,0.0171986568,4.7290700380
423,1.1044726247,0.0041754040,0.0105638826,4.7291375556
424,1.1053142986,0.0042436162,0.0221197844,4.7323342385
425,1.1061642014,0.0042817581,0.0103253978,4.7330306340
426,1.1063138522,0.0045230887,0.0065418253,4.7324535111
427,1.1061398066,0.0046298141,0.0112518075,4.7329954769
428,1.1070542124,0.0047454890,0.0171736018,4.7348653757
429,1.1070369417,0.0047157843,0.0075002235,4.7340355362
430,1.1079325969,0.0044653523,0.0213658804,4.7364827085
431,1.1075399753,0.0043895957,0.0076966742,4.7357033148
432,1.1082613728,0.0046287593,0.0165812269,4.7375618749
433,1.1086329489,0.0046127314,0.0146134194,4.7390592070
434,1.1083385736,0.0046898804,0.0112605261,4.7392205560
435,1.1093853977,0.0049635850,0.0171865583,4.7406899081
436,1.1098257604,0.0047416001,0.0048009658,4.7397221063
437,1.1105608224,0.0045704044,0.0185163446,4.7415330444
438,1.1115475337,0.0048325526,0.0116943167,4.7423991708
439,1.1118942999,0.0051929299,0.0093963108,4.7427556912
440,1.1128551413,0.0050216474,0.0155960354,4.7441816275
441,1.1143027666,0.0052415140,0.0170875153,4.7466448195
442,1.1146167154,0.0052943347,0.0156950181,4.7481657163
443,1.1155953146,0.0052403008,0.0215976183,4.7510890328
444,1.1161821419,0.0050957169,0.0171874852,4.7537628734
445,1.1181136661,0.0053652487,0.0181608318,4.7563469124
446,1.1183794228,0.0055036686,0.0094086531,4.7563352139
447,1.1190469441,0.0056256019,0.0125113141,4.7575072815
448,1.1198222895,0.0053361627,0.0147023164,4.7592851913
449,1.1203234237,0.0053842887,0.0119148373,4.7603836931
450,1.1213116766,0.0055410511,0.0134478491,4.7621340792
451,1.1222394769,0.0055142308,0.0140453029,4.7633837577
452,1.1227362492,0.0054968237,0.0160523708,4.7649943341
453,1.1226947905,0.0055707715,0.0115122773,4.7653988456
454,1.1231651009,0.0054623239,0.0103209638,4.7655742480
455,1.1228016382,0.0051951087,0.0080240849,4.7655502760
456,1.1236694781,0.0051001797,0.0077196848,4.7654136149
457,1.1244993583,0.0050112586,0.0176277659,4.7676253196
458,1.1245128797,0.0050127535,0.0115942969,4.7681968537
459,1.1260501130,0.0051173469,0.0157773330,4.7702927096
460,1.1262012473,0.0052356182,0.0057726535,4.7696636658
461,1.1257315153,0.0049446549,0.0026967931,4.7679423428
462,1.1260223316,0.0050832647,0.0069643621,4.7675721192
463,1.1272440769,0.0051901141,0.0175038094,4.7694654465
464,1.1280997009,0.0052424917,0.0171267717,4.7711349665
465,1.1288840658,0.0051337145,0.0135937853,4.7723458321
466,1.1287774230,0.0051243291,0.0081495833,4.7721746226
467,1.1295246671,0.0051842426,0.0113721473,4.7732407570
468,1.1300296369,0.0051961191,0.0105707497,4.7730745233
469,1.1303068222,0.0051927374,0.0103441279,4.7738107301
470,1.1295776353,0.0049828756,0.0000000000,4.7715628737
471,1.1295986900,0.0047409154,0.0078819533,4.7712551870
472,1.1296777274,0.0044200456,0.0110874774,4.7718541556
473,1.1310824171,0.0044960466,0.0192788534,4.7740899186
474,1.1309422622,0.0044460814,0.0127715667,4.7749665635
475,1.1315293604,0.0045115079,0.0187242638,4.7771069850
476,1.1313344177,0.0044194275,0.0101102068,4.7775567491
477,1.1319039451,0.0042935917,0.0107870948,4.7778329311
478,1.1309748123,0.0043565705,0.0000000000,4.7760453667
479,1.1317880037,0.0046033773,0.0142239856,4.7778294939
480,1.1321927437,0.0044895491,0.0146260592,4.7792820335
481,1.1335347981,0.0046771829,0.0204660435,4.7821552735
482,1.1336261934,0.0048730705,0.0096635462,4.7819191563
483,1.1344681653,0.0050373337,0.0124519399,4.7829116724
484,1.1343694147,0.0046893472,0.0086134658,4.7830373071
485,1.1344200650,0.0046902180,0.0063539661,4.7823609398
486,1.1347283920,0.0047839760,0.0085770818,4.7820493366
487,1.1356293529,0.0048189972,0.0103440071,4.7827536815
488,1.1366069812,0.0047505399,0.0185061025,4.7856096431
489,1.1371128166,0.0048692177,0.0120106157,4.7870971967
490,1.1368298543,0.0047243445,0.0082053849,4.7868019555
491,1.1378635088,0.0047387274,0.0126810136,4.7880669999
492,1.1389745012,0.0046254414,0.0130443425,4.7894908370
493,1.1387631096,0.0044463705,0.0087540861,4.7895342314
494,1.1394158752,0.0043922498,0.0174875214,4.7917592908
495,1.1386313641,0.0044913825,0.0029359253,4.7901044877
496,1.1382671122,0.0047079494,0.0109749858,4.7898705781
497,1.1388958902,0.0048857687,0.0151923171,4.7917916143
498,1.1387870848,0.0049351853,0.0055755239,4.7912907306
499,1.1388351103,0.0052872864,0.0137340180,4.7928323030
500,1.1398340646,0.0052402712,0.0182058866,4.7953151694
501,1.1400553158,0.0049592301,0.0141776221,4.7966583064
502,1.1401563857,0.0050507812,0.0038872323,4.7955381677
503,1.1404159861,0.0050051898,0.0085046639,4.7953338150
504,1.1413491931,0.0051831189,0.0179150563,4.7969167826
505,1.1421579164,0.0055747075,0.0134320092,4.7981734439
506,1.1427092003,0.0054079395,0.0119526771,4.7988781853
507,1.1429744505,0.0055709081,0.0141177629,4.7997215401
508,1.1442388421,0.0056651350,0.0154610350,4.8012370343
509,1.1451069740,0.0059006000,0.0085993669,4.8017463119
510,1.1448714971,0.0058434959,0.0106060796,4.8021174602
511,1.1449341202,0.0057396828,0.0126859855,4.8033851902
512,1.1452104364,0.0057881996,0.0093890029,4.8037129185
513,1.1453833907,0.0060804623,0.0113594325,4.8044754625
514,1.1462336082,0.0059713272,0.0182297845,4.8065294646
515,1.1467009099,0.0058449045,0.0073544646,4.8063530491
516,1.1481693541,0.0057947187,0.0212479810,4.8096190944
517,1.1498642031,0.0060089130,0.0210208530,4.8126715777
518,1.1495989246,0.0062639475,0.0037754907,4.8105043958
519,1.1495434206,0.0059461073,0.0113230912,4.8111103981
520,1.1504215923,0.0060395199,0.0136449195,4.8127630432
521,1.1499113078,0.0058939523,0.0083478188,4.8127734617
522,1.1499138164,0.0059023619,0.0084428136,4.8131111911
523,1.1500030183,0.0058879467,0.0108604047,4.8135488560
524,1.1508327292,0.0057496711,0.0155480548,4.8154675240
525,1.1512078150,0.0059545859,0.0095455976,4.8156445072
526,1.1534642363,0.0062823872,0.0207681303,4.8191033849
527,1.1543541907,0.0064687865,0.0133918752,4.8209566139
528,1.1548455095,0.0064786927,0.0115076386,4.8219033876
529,1.1557841923,0.0063813128,0.0189564465,4.8248875658
530,1.1569526670,0.0063763680,0.0150061497,4.8270405214
531,1.1580143175,0.0065190482,0.0137725765,4.8289235137
532,1.1593265318,0.0066636362,0.0104105262,4.8297790222
533,1.1608900294,0.0068251011,0.0207071309,4.8330111565
534,1.1620934214,0.0068931458,0.0158967436,4.8347138176
535,1.1627491845,0.0068845072,0.0110236256,4.8355535039
536,1.1619545256,0.0070784704,0.0044294441,4.8345753910
537,1.1628323469,0.0070784204,0.0137901674,4.8356332391
538,1.1624286472,0.0068716950,0.0065100476,4.8347417151
539,1.1616599037,0.0066715360,0.0037634594,4.8331667313
540,1.1619024300,0.0067696619,0.0106600728,4.8334737513
541,1.1625692116,0.0064660945,0.0133510613,4.8345535538
542,1.1634363459,0.0062834330,0.0181559099,4.8365824919
543,1.1636336782,0.0064437407,0.0133557688,4.8380315531
544,1.1641128033,0.0063662889,0.0158688937,4.8396520085
545,1.1640474362,0.0064754099,0.0061157630,4.8393733342
546,1.1643172907,0.0065614035,0.0118918455,4.8406662985
547,1.1644382329,0.0067182500,0.0125962143,4.8421562203
548,1.1656315491,0.0069124432,0.0161387817,4.8445300666
549,1.1666827984,0.0068003782,0.0125570912,4.8459318742
550,1.1674828580,0.0065208233,0.0158595790,4.8473817939
551,1.1682128405,0.0062952957,0.0095798436,4.8480070603
552,1.1694219434,0.0063141986,0.0137181835,4.8489093960
553,1.1700714899,0.0061380442,0.0139913587,4.8502848684
554,1.1699128688,0.0061486043,0.0060010765,4.8495701807
555,1.1713530041,0.0063332778,0.0128425854,4.8510722067
556,1.1716879009,0.0064427081,0.0104622599,4.8520768235
557,1.1705607101,0.0062542616,0.0028603778,4.8500837983
558,1.1713213458,0.0064104548,0.0166003521,4.8524622504
559,1.1716185110,0.0064793120,0.0102630783,4.8524716698
560,1.1720671314,0.0066009799,0.0079085277,4.8527183513
561,1.1713730567,0.0061264918,0.0101888796,4.8528878829
562,1.1716449176,0.0062121813,0.0126633615,4.8542310629
563,1.1729979059,0.0060007742,0.0192379655,4.8580339939
564,1.1739725526,0.0063050760,0.0112035206,4.8592515614
565,1.1740291133,0.0061846653,0.0142675560,4.8605886451
566,1.1746110341,0.0063064124,0.0185931810,4.8627195803
567,1.1753321673,0.0064138843,0.0145610426,4.8644144962
568,1.1758461057,0.0063123538,0.0171291080,4.8667721681
569,1.1762899950,0.0063127351,0.0097127527,4.8671044326
570,1.1772641295,0.0061785135,0.0157010368,4.8691563085
571,1.1780585996,0.0060724717,0.0117217152,4.8697782711
572,1.1790381558,0.0062594776,0.0171571739,4.8722549392
573,1.1787763660,0.0064253812,0.0071829141,4.8716326879
574,1.1787418431,0.0061358584,0.0082581228,4.8716998290
575,1.1799474454,0.0063612904,0.0180899115,4.8746156350
576,1.1804735246,0.0063266113,0.0110587969,4.8749009167
577,1.1810969767,0.0064605564,0.0102769889,4.8752804946
578,1.1812047495,0.0065009323,0.0123723476,4.8764775385
579,1.1811445601,0.0063930222,0.0086904122,4.8765353120
580,1.1812671902,0.0062271832,0.0183933186,4.8793012814
581,1.1811271593,0.0062193467,0.0060040193,4.8788456332
582,1.1816374750,0.0059386711,0.0112771296,4.8806075525
583,1.1824731923,0.0058118803,0.0136653734,4.8821630020
584,1.1822270284,0.0057854170,0.0114986541,4.8825460802
585,1.1826135062,0.0057758614,0.0081490198,4.8825067302
586,1.1824409305,0.0058648034,0.0078317319,4.8823498449
587,1.1830071058,0.0059954644,0.0140418932,4.8842538219
588,1.1835277183,0.0061465339,0.0070536938,4.8842542947
589,1.1844906730,0.0060944252,0.0151019650,4.8863726966
590,1.1845187754,0.0062667816,0.0046840879,4.8854894666
591,1.1847456372,0.0064267077,0.0093360811,4.8859998211
592,1.1851789686,0.0065872271,0.0121742689,4.8873361813
593,1.1850752576,0.0064082992,0.0059896707,4.8870208596
594,1.1859518396,0.0063463106,0.0151296521,4.8886446338
595,1.1863947215,0.0062417083,0.0119110137,4.8895764567
596,1.1862925062,0.0060384482,0.0070268463,4.8893082628
597,1.1862171909,0.0058918967,0.0047093365,4.8885772822
598,1.1858925626,0.0059947527,0.0044851710,4.8873832960
599,1.1862543892,0.0061761031,0.0122449629,4.8886850203
600,1.1865514687,0.0060979639,0.0064472155,4.8886402203
601,1.1859576075,0.0061275271,0.0054485779,4.8868435153
602,1.1863375436,0.0062022884,0.0108901155,4.8876171283
603,1.1881971841,0.0060448814,0.0229320025,4.8915060011
604,1.1884454769,0.0061994298,0.0133321937,4.8931378493
605,1.1895972428,0.0063034905,0.0156620104,4.8957368305
606,1.1903937137,0.0063577869,0.0130210481,4.8970130973
607,1.1911337910,0.0063152386,0.0157583144,4.8992303102
608,1.1908662289,0.0062984561,0.0055531745,4.8985863097
609,1.1910876431,0.0063152082,0.0099335425,4.8990108245
610,1.1919374676,0.0062634804,0.0132544841,4.9010914943
611,1.1928502016,0.0061791431,0.0119139993,4.9025176136
612,1.1928809640,0.0061641622,0.0110784325,4.9030901541
613,1.1930629893,0.0061362017,0.0088037948,4.9031518194
614,1.1940309264,0.0060751519,0.0107597611,4.9037575102
615,1.1947241427,0.0059679459,0.0082838504,4.9038812652
616,1.1938210283,0.0059923684,0.0003752015,4.9018524142
617,1.1943826379,0.0056460709,0.0062663595,4.9024776706
618,1.1957296168,0.0055137709,0.0142831341,4.9046524796
619,1.1975275441,0.0054119453,0.0194739742,4.9074047774
620,1.1988915822,0.0056794405,0.0207051848,4.9107440946
621,1.1996377601,0.0057278452,0.0124644084,4.9118399874
622,1.2015034794,0.0056879352,0.0162882414,4.9146142776
623,1.2020818985,0.0054066655,0.0163582940,4.9167564211
624,1.2024464292,0.0057592346,0.0086771559,4.9171866859
625,1.2024370523,0.0056623380,0.0038498888,4.9160336778
626,1.2032977264,0.0059758957,0.0121482591,4.9174152945
627,1.2032077612,0.0058397967,0.0035414352,4.9156282415
628,1.2038579087,0.0057022783,0.0104643379,4.9161504496
629,1.2045828669,0.0059904129,0.0149189620,4.9179754113
630,1.2041043697,0.0060210547,0.0051836665,4.9168110215
631,1.2047042569,0.0059439379,0.0121550178,4.9179599411
632,1.2061124587,0.0060855839,0.0179520870,4.9206923472
633,1.2066728935,0.0061930255,0.0137352599,4.9228070707
634,1.2070390332,0.0060679837,0.0145071442,4.9247090494
635,1.2078899207,0.0061926753,0.0163523540,4.9270096942
636,1.2093056324,0.0063081886,0.0203182227,4.9301687432
637,1.2100138539,0.0061245934,0.0127268308,4.9312844493
638,1.2109389093,0.0060262908,0.0179016041,4.9345606743
639,1.2113122073,0.0057717265,0.0116919878,4.9361394491
640,1.2118787010,0.0059664489,0.0093783897,4.9370871107
641,1.2121091928,0.0058141359,0.0135111407,4.9386991342
642,1.2123243591,0.0057426921,0.0090920983,4.9388747041
643,1.2118606477,0.0059240519,0.0092489798,4.9386603022
644,1.2119389866,0.0058382530,0.0090828450,4.9390320721
645,1.2116853809,0.0057600132,0.0009819639,4.9373123351
646,1.2129942554,0.0056862030,0.0125063975,4.9391105111
647,1.2135318563,0.0057626218,0.0059335903,4.9393043042
648,1.2141869603,0.0058398986,0.0114851082,4.9406477776
649,1.2157493508,0.0060782985,0.0189598501,4.9433537683
650,1.2161077729,0.0062169048,0.0094991984,4.9435878824
651,1.2166514147,0.0062080719,0.0093983560,4.9437214029
652,1.2184165261,0.0063742756,0.0185467650,4.9468382418
653,1.2191743781,0.0062028492,0.0146222677,4.9494020478
654,1.2211131767,0.0063437790,0.0166873301,4.9525996763
655,1.2219290693,0.0063533975,0.0102946021,4.9538050659
656,1.2230025648,0.0063527995,0.0155907994,4.9555738181
657,1.2229234432,0.0064513274,0.0087063908,4.9555125376
658,1.2232638082,0.0064363873,0.0087551917,4.9563564351
659,1.2244079901,0.0065885970,0.0148619725,4.9585046031
660,1.2246218667,0.0065197810,0.0091278088,4.9594532902
661,1.2258380021,0.0064282196,0.0156821690,4.9619944212
662,1.2281221925,0.0065445199,0.0234800858,4.9670381976
663,1.2282275209,0.0063705956,0.0039064678,4.9661020122
664,1.2284628217,0.0061797249,0.0083894190,4.9665540496
665,1.2300538110,0.0062957352,0.0173767017,4.9697569335
666,1.2304766063,0.0064552165,0.0113036248,4.9707729878
667,1.2318304549,0.0062672406,0.0175732313,4.9741721920
668,1.2321336123,0.0063155170,0.0071516915,4.9740189122
669,1.2331119876,0.0066199043,0.0135904521,4.9759309209
670,1.2332057557,0.0063266034,0.0112773297,4.9773128614
671,1.2334831346,0.0062172351,0.0126737795,4.9785176024
672,1.2345749321,0.0061688468,0.0135893569,4.9804310697
673,1.2348074334,0.0064919276,0.0061439695,4.9808578166
674,1.2352687854,0.0067387277,0.0068441401,4.9805001518
675,1.2365705416,0.0069318023,0.0187163712,4.9834295532
676,1.2375316771,0.0071367335,0.0134074258,4.9848909647
677,1.2376394387,0.0071636744,0.0125104624,4.9856426868
678,1.2381877928,0.0071574894,0.0117884413,4.9872573281
679,1.2391796794,0.0070303938,0.0137114040,4.9895977127
680,1.2391145374,0.0073897840,0.0064515037,4.9894897997
681,1.2387515435,0.0075031363,0.0072046688,4.9896315643
682,1.2399362898,0.0076533316,0.0182616396,4.9933266185
683,1.2404061177,0.0075430097,0.0127261211,4.9945125382
684,1.2416303897,0.0077349442,0.0160814442,4.9977549907
685,1.2413754510,0.0079585630,0.0090928128,4.9979546336
686,1.2428198686,0.0078333457,0.0186082818,5.0014043759
687,1.2437587325,0.0079518935,0.0136573363,5.0034713211
688,1.2447193548,0.0079150638,0.0143099799,5.0055826530
689,1.2452019700,0.0078758522,0.0146339008,5.0083029182
690,1.2453832025,0.0077903228,0.0081743557,5.0083608215
691,1.2451693042,0.0077379218,0.0030445399,5.0074594767
692,1.2451029607,0.0077351860,0.0068409472,5.0070825257
693,1.2461674629,0.0076238125,0.0198265097,5.0106898712
694,1.2481095703,0.0077953070,0.0182432831,5.0144911176
695,1.2488353288,0.0077673589,0.0103347774,5.0156216481
696,1.2501425171,0.0080135865,0.0105519536,5.0168499653
697,1.2516505864,0.0079597273,0.0169757082,5.0195228589
698,1.2528285884,0.0081170872,0.0111916326,5.0210337201
699,1.2534867671,0.0082375881,0.0057635526,5.0207444744
700,1.2550271678,0.0081753918,0.0180746068,5.0234554097
701,1.2557082493,0.0081929533,0.0142904572,5.0255065446
702,1.2552779162,0.0081439801,0.0000000000,5.0229572847
703,1.2569435295,0.0083242065,0.0104966875,5.0242804403
704,1.2578323220,0.0085127337,0.0126896170,5.0256550230
705,1.2589059948,0.0086082331,0.0143099848,5.0283599215
706,1.2590797000,0.0087016812,0.0127303257,5.0294623588
707,1.2601163602,0.0086455512,0.0089484394,5.0302629519
708,1.2609394464,0.0084603424,0.0114443566,5.0321099850
709,1.2609906792,0.0084403830,0.0134150415,5.0337349803
710,1.2613905363,0.0081910968,0.0107135804,5.0351866360
711,1.2614105869,0.0080149503,0.0102148765,5.0361422870
712,1.2628423861,0.0082138253,0.0180100029,5.0397978341
713,1.2635946862,0.0081414529,0.0074562831,5.0403336476
714,1.2642945840,0.0081516188,0.0103225753,5.0414052718
715,1.2635022936,0.0079789428,0.0022499087,5.0399901949
716,1.2646168883,0.0078762117,0.0145966558,5.0422126707
717,1.2659063302,0.0080488369,0.0159756694,5.0452282032
718,1.2665012315,0.0079552294,0.0146327368,5.0480970293
719,1.2679147202,0.0080043737,0.0164048279,5.0515384106
720,1.2685434514,0.0080408877,0.0141153924,5.0533014635
721,1.2697932852,0.0080259549,0.0136440739,5.0551999575
722,1.2709090911,0.0078502237,0.0142749459,5.0581078272
723,1.2721301863,0.0079417763,0.0107169195,5.0599086423
724,1.2735506899,0.0081154628,0.0177039737,5.0630175456
725,1.2744804581,0.0081038383,0.0103268541,5.0642298877
726,1.2751212689,0.0081864002,0.0049807108,5.0639388603
727,1.2764157874,0.0080710509,0.0160789613,5.0667029478
728,1.2780472109,0.0081402906,0.0208833733,5.0713920800
729,1.2784742285,0.0082226030,0.0073912746,5.0723365506
730,1.2793329007,0.0083404383,0.0115121706,5.0742739346
731,1.2797148762,0.0084805978,0.0087098783,5.0742075464
732,1.2809648221,0.0085913885,0.0101732004,5.0748343108
733,1.2820769234,0.0084153767,0.0122212463,5.0768094095
734,1.2826600191,0.0084110594,0.0060393194,5.0771554231
735,1.2826662710,0.0083049196,0.0106672624,5.0780151307
736,1.2828895139,0.0083225047,0.0049633565,5.0775797302
737,1.2833065415,0.0084838550,0.0092725073,5.0785953150
738,1.2830704148,0.0083806453,0.0063068657,5.0777746384
739,1.2832046200,0.0083173121,0.0069165086,5.0779931559
740,1.2826976448,0.0083536223,0.0037444287,5.0761361588
741,1.2849453664,0.0082564635,0.0178529020,5.0802892532
742,1.2856578366,0.0079782697,0.0144434836,5.0830451217
743,1.2848750647,0.0079060691,0.0027961726,5.0817059101
744,1.2851529392,0.0078219986,0.0091352275,5.0825857500
745,1.2863470569,0.0079481475,0.0087818947,5.0831999163
746,1.2867831154,0.0079409814,0.0086834682,5.0839624266
747,1.2862201274,0.0078294312,0.0050549591,5.0834128932
748,1.2875017122,0.0078059874,0.0156210515,5.0865428921
749,1.2878368072,0.0076490890,0.0100998538,5.0873497975
750,1.2893541112,0.0077367037,0.0142471148,5.0892688435
751,1.2908664723,0.0078102899,0.0145284277,5.0915298356
752,1.2925369323,0.0079549862,0.0186021375,5.0951957224
753,1.2927323110,0.0078012072,0.0032886131,5.0946007538
754,1.2949503544,0.0078046586,0.0203452901,5.0992602279
755,1.2964035317,0.0077639126,0.0180903133,5.1025720250
756,1.2978740109,0.0077312899,0.0147507168,5.1051918367
757,1.3002581136,0.0077069462,0.0234412427,5.1109546414
758,1.3014148295,0.0078161548,0.0129838973,5.1131261222
759,1.3030276886,0.0077820494,0.0159430988,5.1166172503
760,1.3038783822,0.0079841638,0.0084556129,5.1174835732
761,1.3053633101,0.0078867671,0.0174449156,5.1214004750
762,1.3057228357,0.0079778043,0.0128055647,5.1230928348
763,1.3065232581,0.0080982026,0.0098342393,5.1245084865
764,1.3090807493,0.0082736579,0.0221613082,5.1298248038
765,1.3097021033,0.0084189796,0.0105369616,5.1313829611
766,1.3103386760,0.0082426931,0.0120425344,5.1333490481
767,1.3109666374,0.0083828330,0.0110530562,5.1347996248
768,1.3113597386,0.0084482277,0.0083727796,5.1351957887
769,1.3118902962,0.0083152816,0.0145501075,5.1378283589
770,1.3132551274,0.0081986119,0.0155443661,5.1410640138
771,1.3147683260,0.0083342884,0.0137009881,5.1438254762
772,1.3136719056,0.0083929612,0.0006692243,5.1419094257
773,1.3155603856,0.0083613316,0.0168383856,5.1457894225
774,1.3161039924,0.0083911606,0.0103188559,5.1469195319
775,1.3163743789,0.0084443334,0.0061616476,5.1460086649
776,1.3178506230,0.0084581226,0.0148957486,5.1495259663
777,1.3187241357,0.0083542245,0.0147016772,5.1521950919
778,1.3191015663,0.0084897092,0.0069932462,5.1520473432
779,1.3216067350,0.0084937360,0.0238676913,5.1583716107
780,1.3215413470,0.0084207636,0.0061937926,5.1583035645
781,1.3212006617,0.0086329141,0.0036815870,5.1568805020
782,1.3217648573,0.0087433124,0.0064599772,5.1563757098
783,1.3236551844,0.0088020449,0.0188198392,5.1603858798
784,1.3242538010,0.0085494814,0.0111558877,5.1610600423
785,1.3248525236,0.0084465709,0.0102141279,5.1624221060
786,1.3253302739,0.0085738769,0.0117016429,5.1645106756
787,1.3260311904,0.0085689703,0.0091362532,5.1660756432
788,1.3267496779,0.0085613427,0.0086867356,5.1672647634
789,1.3272692215,0.0086618572,0.0089221656,5.1679023943
790,1.3284526235,0.0087035603,0.0153981865,5.1708701070
791,1.3297225438,0.0085949128,0.0168981883,5.1740861413
792,1.3299178924,0.0087501793,0.0069355557,5.1743044487
793,1.3315052533,0.0087797883,0.0131482943,5.1769792786
794,1.3332951229,0.0089544731,0.0157833948,5.1807369478
795,1.3337404007,0.0090925897,0.0068075906,5.1812100302
796,1.3348550316,0.0092031420,0.0095876804,5.1828748650
797,1.3351453291,0.0092148429,0.0070172920,5.1832255376
798,1.3347545459,0.0091202928,0.0058030630,5.1827183937
799,1.3360915781,0.0091146089,0.0124889418,5.1846795746
800,1.3366257327,0.0092101456,0.0084665646,5.1853524936
801,1.3377577516,0.0090496998,0.0150294196,5.1885551786
802,1.3382560492,0.0087377612,0.0118587748,5.1898160524
803,1.3397474604,0.0087770761,0.0139806113,5.1930478486
804,1.3411756725,0.0090123330,0.0105970420,5.1946131086
805,1.3421790722,0.0092194514,0.0089520126,5.1958141568
806,1.3429652800,0.0091718802,0.0115647690,5.1977271904
807,1.3439449140,0.0094831455,0.0119760186,5.1994458828
808,1.3440565124,0.0094721367,0.0086118936,5.1997245737
809,1.3456786985,0.0096044010,0.0140476582,5.2020475623
810,1.3474390285,0.0096649175,0.0155836553,5.2053378098
811,1.3487296213,0.0094871610,0.0127587970,5.2073407227
812,1.3505867249,0.0096554924,0.0202247563,5.2120645794
813,1.3512656457,0.0096074384,0.0089647728,5.2132476376
814,1.3522622713,0.0095260685,0.0144988628,5.2165284591
815,1.3530557218,0.0095970234,0.0100380730,5.2182775825
816,1.3540112755,0.0096304810,0.0131262216,5.2209337069
817,1.3539873794,0.0097022795,0.0080162432,5.2215226248
818,1.3551470595,0.0097617524,0.0173525922,5.2251126472
819,1.3562502713,0.0096657912,0.0128449003,5.2277964472
820,1.3580393623,0.0098571356,0.0177227736,5.2321344567
821,1.3578285551,0.0097461237,0.0059227412,5.2320772394
822,1.3582346469,0.0099263814,0.0096311270,5.2332130609
823,1.3585566940,0.0100288259,0.0077156842,5.2338258733
824,1.3591293048,0.0102056992,0.0094466790,5.2347753915
825,1.3599650504,0.0099545341,0.0086754735,5.2349980143
826,1.3611018724,0.0100560446,0.0114214035,5.2376014646
827,1.3621004899,0.0100757700,0.0119172137,5.2395511395
828,1.3625382208,0.0101994861,0.0118032726,5.2415408491
829,1.3633198519,0.0102873413,0.0093334854,5.2431107267
830,1.3650123215,0.0104980088,0.0128996409,5.2460602335
831,1.3664188838,0.0106512043,0.0162029544,5.2499511534
832,1.3668711801,0.0107761194,0.0076690773,5.2502435596
833,1.3684829106,0.0109251231,0.0120042654,5.2524338720
834,1.3687914865,0.0107754066,0.0116444597,5.2540523175
835,1.3693540628,0.0107485487,0.0142481022,5.2571814082
836,1.3701939531,0.0109007803,0.0116934788,5.2591843912
837,1.3714436819,0.0111560663,0.0119248089,5.2611546977
838,1.3714359834,0.0110797606,0.0072427402,5.2614287303
839,1.3727293191,0.0111538777,0.0121041784,5.2634411643
840,1.3729496237,0.0108905572,0.0075749545,5.2631595965
841,1.3742765437,0.0111395410,0.0144753804,5.2660814067
842,1.3752568483,0.0113685638,0.0115045491,5.2681135848
843,1.3759502004,0.0114832386,0.0121913204,5.2703180530
844,1.3773303613,0.0115703154,0.0077222862,5.2713179429
845,1.3793822376,0.0114827603,0.0158580364,5.2760293457
846,1.3807200321,0.0116199076,0.0153231068,5.2798777007
847,1.3821057734,0.0119392107,0.0161353149,5.2838053923
848,1.3854416556,0.0120852978,0.0226914532,5.2905116680
849,1.3862586873,0.0120043803,0.0117479070,5.2923522520
850,1.3890112754,0.0121680735,0.0177763336,5.2966238374
851,1.3899410889,0.0122412786,0.0114056265,5.2988523843
852,1.3908605683,0.0122728970,0.0138916190,5.3012764786
853,1.3924949158,0.0122319783,0.0137536197,5.3046192848
854,1.3935330635,0.0121651251,0.0132700405,5.3075942817
855,1.3954109705,0.0122625880,0.0151596297,5.3113834493
856,1.3967212903,0.0122197156,0.0105411054,5.3136405989
857,1.3974052498,0.0120956917,0.0121964750,5.3166538714
858,1.3991924095,0.0123511800,0.0145694863,5.3202114808
859,1.4017969442,0.0123186464,0.0203896987,5.3262221033
860,1.4020832687,0.0121753256,0.0079566880,5.3266080918
861,1.4024533896,0.0119755245,0.0033305634,5.3261693704
862,1.4034046756,0.0119749798,0.0096763896,5.3285444708
863,1.4045878249,0.0120586528,0.0124316565,5.3312753893
864,1.4061397608,0.0120649340,0.0128398900,5.3343226632
865,1.4072486117,0.0120536949,0.0124426454,5.3369178585
866,1.4098752431,0.0121724557,0.0176773926,5.3417159000
867,1.4116833396,0.0122818634,0.0166850390,5.3462380300
868,1.4125793029,0.0123480590,0.0117635141,5.3483989493
869,1.4127068436,0.0122210339,0.0097461738,5.3498330396
870,1.4130140012,0.0121763133,0.0103391574,5.3524374269
871,1.4135886055,0.0122842767,0.0102897401,5.3544074815
872,1.4147588897,0.0124003596,0.0109171225,5.3569520066
873,1.4146207602,0.0122142856,0.0044512773,5.3564641279
874,1.4156714513,0.0122518954,0.0097870044,5.3582928504
875,1.4167909017,0.0120858795,0.0099605759,5.3604535633
876,1.4180924708,0.0119126085,0.0110933741,5.3633748507
877,1.4194002583,0.0119103890,0.0107793599,5.3652369559
878,1.4206370193,0.0118548251,0.0152256343,5.3697264496
879,1.4214257344,0.0118901778,0.0094466719,5.3711338688
880,1.4224114074,0.0119882716,0.0098948270,5.3726935363
881,1.4231296521,0.0119096441,0.0146013060,5.3763650401
882,1.4241087907,0.0119194069,0.0108704887,5.3784354906
883,1.4254056743,0.0121853725,0.0130389827,5.3810283430
884,1.4265496161,0.0121030034,0.0152128114,5.3854271418
885,1.4283870110,0.0121152880,0.0140254536,5.3883456096
886,1.4301178673,0.0119722101,0.0132007798,5.3918939284
887,1.4312009776,0.0119418213,0.0110570805,5.3947440569
888,1.4331097232,0.0121860456,0.0152730917,5.3979703650
889,1.4339895552,0.0124306366,0.0128426397,5.4008581802
890,1.4343425918,0.0121558589,0.0095767068,5.4027360250
891,1.4354886464,0.0121258787,0.0112761159,5.4058456121
892,1.4350529462,0.0121000342,0.0061529790,5.4058556204
893,1.4363318861,0.0123069677,0.0073845313,5.4070695410
894,1.4357669601,0.0121294871,0.0029620414,5.4064087360
895,1.4366885450,0.0121852701,0.0087363294,5.4082253255
896,1.4388262425,0.0122678304,0.0184106180,5.4135476743
897,1.4394666192,0.0122450099,0.0093288536,5.4147353883
898,1.4415242981,0.0122801757,0.0157801959,5.4193230175
899,1.4428076067,0.0121681489,0.0119834407,5.4218523251
900,1.4435631146,0.0125942194,0.0086373656,5.4227859887
901,1.4465369686,0.0124552404,0.0184237417,5.4278471392
902,1.4485849441,0.0124609224,0.0147945881,5.4324209088
903,1.4483796941,0.0124155406,0.0035913573,5.4316188935
904,1.4506275310,0.0125128007,0.0169987306,5.4366850827
905,1.4514578096,0.0125018243,0.0068410008,5.4377813936
906,1.4522070819,0.0125547408,0.0111460131,5.4406739946
907,1.4537933611,0.0124795070,0.0152069444,5.4447139366
908,1.4547180668,0.0124769456,0.0105607048,5.4475162266
909,1.4572140451,0.0124517031,0.0173709315,5.4527884768
910,1.4590588367,0.0123704039,0.0156540661,5.4574102711
911,1.4586011144,0.0124988903,0.0044309971,5.4579271280
912,1.4593724559,0.0123409112,0.0097323160,5.4598338929
913,1.4607371192,0.0125380919,0.0133539539,5.4631745894
914,1.4616722049,0.0124589952,0.0092400063,5.4653418813
915,1.4629679124,0.0124472949,0.0109618728,5.4687715405
916,1.4651232479,0.0123500594,0.0158389676,5.4741415523
917,1.4672113358,0.0125094073,0.0135205503,5.4776973742
918,1.4680743383,0.0126608991,0.0075810286,5.4789278863
919,1.4701641866,0.0126369211,0.0128381106,5.4826659198
920,1.4718339987,0.0128274932,0.0090611058,5.4847354280
921,1.4723196157,0.0129933168,0.0061670767,5.4858265321
922,1.4725930653,0.0131570087,0.0065757319,5.4862291833
923,1.4744889667,0.0132089974,0.0133773866,5.4906886153
924,1.4753850680,0.0131646948,0.0118650542,5.4934711941
925,1.4761943167,0.0133224038,0.0120260727,5.4962155830
926,1.4767963835,0.0134084074,0.0064981966,5.4972477580
927,1.4781244014,0.0134406095,0.0111171382,5.5001780940
928,1.4782925097,0.0134571271,0.0070215955,5.5011217788
929,1.4784370708,0.0133694441,0.0075533096,5.5024302742
930,1.4794981021,0.0133945158,0.0112073916,5.5056380132
931,1.4795671362,0.0135906050,0.0053597258,5.5060874202
932,1.4816998167,0.0135724068,0.0152124829,5.5105774217
933,1.4853840514,0.0137047948,0.0239370377,5.5193530126
934,1.4872603048,0.0136542742,0.0142023516,5.5238372538
935,1.4876369812,0.0135169720,0.0069940649,5.5253326752
936,1.4893556574,0.0135403108,0.0106983095,5.5284263070
937,1.4891561450,0.0135956442,0.0045338979,5.5287230109
938,1.4899200864,0.0137143582,0.0101874414,5.5309803628
939,1.4917063320,0.0136792753,0.0144351069,5.5347159538
940,1.4936271859,0.0135136687,0.0148290469,5.5400620397
941,1.4944299603,0.0135600822,0.0070476348,5.5407413297
942,1.4960978811,0.0134650186,0.0134358991,5.5447759095
943,1.4986368089,0.0134342355,0.0175507585,5.5506330359
944,1.5016863161,0.0132067796,0.0204244396,5.5587804110
945,1.5024904698,0.0127746010,0.0086361846,5.5603210401
946,1.5030966994,0.0127568593,0.0078518399,5.5613557315
947,1.5050107488,0.0126448654,0.0122611962,5.5653769430
948,1.5049331781,0.0127131818,0.0000000000,5.5632525257
949,1.5060720120,0.0127042962,0.0094510368,5.5659781133
950,1.5077692117,0.0126939323,0.0106993201,5.5690484791
951,1.5085648347,0.0126486254,0.0097951585,5.5716080710
952,1.5087820933,0.0127943549,0.0043974085,5.5716341884
953,1.5110669011,0.0127656583,0.0108213547,5.5745681157
954,1.5115918442,0.0127099225,0.0082722786,5.5761886889
955,1.5137890666,0.0129885042,0.0156359187,5.5816872766
956,1.5141775991,0.0128589869,0.0075913209,5.5827678384
957,1.5153211673,0.0128228861,0.0106447434,5.5860506322
958,1.5169015707,0.0129194777,0.0108818500,5.5887290799
959,1.5186589317,0.0132222123,0.0147243428,5.5936554527
960,1.5172983698,0.0133378086,0.0000000000,5.5908658560
961,1.5182707849,0.0133040930,0.0103650003,5.5929710604
962,1.5204375939,0.0132829228,0.0156461527,5.5978618927
963,1.5215317770,0.0131733065,0.0102638965,5.6002049346
964,1.5214856114,0.0131826173,0.0046707026,5.6002400040
965,1.5229537766,0.0131875733,0.0135676712,5.6044060874
966,1.5245038837,0.0134073991,0.0136160971,5.6087499134
967,1.5260473409,0.0131560240,0.0107016509,5.6123343857
968,1.5267099546,0.0132181847,0.0064329806,5.6137149615
969,1.5271210354,0.0130954272,0.0084447593,5.6152973804
970,1.5279881038,0.0130637621,0.0104939688,5.6180916700
971,1.5290754804,0.0129108283,0.0077974423,5.6204747552
972,1.5287888067,0.0126892445,0.0027831439,5.6193421815
973,1.5296395990,0.0127687502,0.0083074234,5.6216555847
974,1.5318030098,0.0127726956,0.0117036291,5.6255528237
975,1.5324737852,0.0127991182,0.0095661117,5.6279377241
976,1.5337859134,0.0128715871,0.0116372504,5.6308530143
977,1.5358728650,0.0129006453,0.0124015583,5.6352786729
978,1.5384093894,0.0130340030,0.0163035624,5.6415489004
979,1.5425673832,0.0128604046,0.0225783558,5.6500024826
980,1.5454025645,0.0128783933,0.0155125384,5.6549233222
981,1.5454607584,0.0130520444,0.0052592230,5.6554201026
982,1.5446000457,0.0132694678,0.0000000000,5.6535202175
983,1.5455333632,0.0134370580,0.0115465816,5.6564560976
984,1.5475532352,0.0135427802,0.0123426645,5.6605969355
985,1.5479026117,0.0137325171,0.0064230081,5.6618599630
986,1.5503051134,0.0138165407,0.0133057543,5.6667302972
987,1.5506784794,0.0137548985,0.0083186900,5.6682751187
988,1.5526935668,0.0137814292,0.0139328147,5.6728113690
989,1.5540773284,0.0138455176,0.0104375128,5.6757014065
990,1.5561376205,0.0140476896,0.0139078204,5.6801348219
991,1.5561257120,0.0141467992,0.0036326631,5.6793690708
992,1.5566805860,0.0140815011,0.0098953590,5.6824425141
993,1.5580982634,0.0143283776,0.0112867392,5.6858362786
994,1.5584687788,0.0143568756,0.0051606013,5.6857910792
995,1.5623238582,0.0145432618,0.0210352236,5.6947019691
996,1.5636973314,0.0146142685,0.0094042876,5.6975593202
997,1.5667336863,0.0147550937,0.0186718643,5.7047076357
998,1.5676401496,0.0146718486,0.0088111580,5.7068528554
999,1.5693298930,0.0148525169,0.0108961385,5.7105887408
1000,1.5720622355,0.0147799400,0.0176827292,5.7170075892
1001,1.5741243850,0.0149142154,0.0134583689,5.7220938905
1002,1.5760637049,0.0148526122,0.0129218609,5.7264454612
1003,1.5782585050,0.0148853532,0.0132765286,5.7313827646
1004,1.5786898794,0.0146838268,0.0054424422,5.7324054655
1005,1.5796309634,0.0146064116,0.0101301433,5.7346777384
1006,1.5809604658,0.0148164212,0.0074090609,5.7360337046
1007,1.5828700890,0.0145715692,0.0129475855,5.7408979160
1008,1.5839647410,0.0147190152,0.0093888090,5.7436752679
1009,1.5858649276,0.0147284602,0.0117885162,5.7476893676
1010,1.5875904277,0.0145705310,0.0116289957,5.7520336316
1011,1.5889204765,0.0145903085,0.0118254222,5.7552799186
1012,1.5907099799,0.0145518339,0.0118332138,5.7601896915
1013,1.5916015341,0.0147066247,0.0088685851,5.7629524622
1014,1.5924207188,0.0148638082,0.0069407866,5.7640559556
1015,1.5936981446,0.0149003037,0.0088110897,5.7666483417
1016,1.5965910601,0.0148392401,0.0171433840,5.7736660099
1017,1.5991787938,0.0149753758,0.0137959767,5.7789830189
1018,1.6023556073,0.0150882516,0.0148173857,5.7850570326
1019,1.6057482666,0.0151108403,0.0186238460,5.7933192951
1020,1.6063670930,0.0150123227,0.0063387315,5.7940506744
1021,1.6089153209,0.0150400203,0.0144477716,5.7999756557
1022,1.6095690720,0.0149761557,0.0068396443,5.8010728434
1023,1.6109638001,0.0148949985,0.0103952035,5.8046732338
1024,1.6135798947,0.0148556619,0.0143243512,5.8105922950
1025,1.6174575673,0.0149033552,0.0197488573,5.8195639542
1026,1.6181447296,0.0150294164,0.0082456083,5.8221471207
1027,1.6200119494,0.0150764028,0.0115449780,5.8262279523
1028,1.6233229706,0.0150650534,0.0175499367,5.8342679831
1029,1.6238916486,0.0149183870,0.0048489210,5.8352272915
1030,1.6263659722,0.0150010715,0.0137381420,5.8408197206
1031,1.6280013825,0.0151600712,0.0105202649,5.8448110395
1032,1.6290268229,0.0149137614,0.0077678641,5.8471667539
1033,1.6308092822,0.0147558233,0.0127038280,5.8521304276
1034,1.6337226784,0.0149827396,0.0148556441,5.8577794813
1035,1.6344066114,0.0150881837,0.0076219211,5.8592292324
1036,1.6368981146,0.0149636095,0.0138239510,5.8648034874
1037,1.6388928185,0.0149939375,0.0128321760,5.8699661530
1038,1.6392953731,0.0149031557,0.0060392961,5.8712346625
1039,1.6436026516,0.0148276014,0.0194563818,5.8807815780
1040,1.6475253096,0.0148208604,0.0172315328,5.8887371871
1041,1.6487616435,0.0148815811,0.0078723516,5.8912269187
1042,1.6494466464,0.0147845061,0.0091841718,5.8933975551
1043,1.6530951327,0.0149056519,0.0156997451,5.9005065192
1044,1.6549399949,0.0149202970,0.0096218446,5.9039147504
1045,1.6547875998,0.0149449856,0.0031693507,5.9035712474
1046,1.6577487650,0.0148115919,0.0170346341,5.9114344753
1047,1.6596865606,0.0146990408,0.0120421508,5.9166085349
1048,1.6645772525,0.0146930126,0.0211537257,5.9274443983
1049,1.6669608023,0.0146570508,0.0137158422,5.9337532436
1050,1.6691360259,0.0145703322,0.0129167639,5.9388340366
1051,1.6752255787,0.0147355666,0.0257976023,5.9525311886
1052,1.6781571479,0.0147686689,0.0111750367,5.9578179727
1053,1.6794309890,0.0148343057,0.0074312843,5.9603767974
1054,1.6820265391,0.0148497543,0.0131001503,5.9660353031
1055,1.6862535026,0.0148533146,0.0174516235,5.9751757232
1056,1.6870716060,0.0149448607,0.0064074233,5.9769028151
1057,1.6888227560,0.0150647574,0.0076403275,5.9790395636
1058,1.6913575417,0.0152691656,0.0141589301,5.9854452916
1059,1.6901325685,0.0152998483,0.0000000000,5.9833306994
1060,1.6911507734,0.0153129452,0.0067551424,5.9850221996
1061,1.6954344922,0.0155580176,0.0158183236,5.9930707764
1062,1.6975868348,0.0156220531,0.0091836484,5.9967329217
1063,1.6976543348,0.0158412197,0.0041928810,5.9966796710
1064,1.7030231625,0.0158460869,0.0212427200,6.0081326202
1065,1.7038918542,0.0159813146,0.0052294312,6.0091454368
1066,1.7057077891,0.0161498607,0.0094878454,6.0132334883
1067,1.7075790284,0.0161832831,0.0102108888,6.0173250251
1068,1.7099740883,0.0162645083,0.0123990931,6.0234182744
1069,1.7113681080,0.0161566110,0.0102263750,6.0274152159
1070,1.7136277756,0.0162221782,0.0116113676,6.0328142170
1071,1.7159204466,0.0162566885,0.0122759740,6.0380549976
1072,1.7181754401,0.0164704760,0.0115839531,6.0431111334
1073,1.7205972364,0.0166082724,0.0124477144,6.0488836750
1074,1.7192713007,0.0166088496,0.0005811567,6.0469034087
1075,1.7221802033,0.0164691268,0.0141171105,6.0533556607
1076,1.7227961614,0.0163300397,0.0052586078,6.0543849908
1077,1.7223986518,0.0163210044,0.0016001015,6.0528821845
1078,1.7274733676,0.0164587478,0.0186304700,6.0630350121
1079,1.7283046916,0.0165424850,0.0058295267,6.0643839989
1080,1.7308945021,0.0165225236,0.0128633717,6.0703565752
1081,1.7323800774,0.0165456848,0.0082917049,6.0733114679
1082,1.7345310334,0.0166938361,0.0087433622,6.0766705213
1083,1.7385206582,0.0165382997,0.0143215429,6.0847352246
1084,1.7388473447,0.0165543357,0.0069685202,6.0865636418
1085,1.7412034258,0.0162417024,0.0137888365,6.0934781244
1086,1.7440112528,0.0163133922,0.0138273239,6.1002941610
1087,1.7484451679,0.0164291556,0.0175893500,6.1098660903
1088,1.7503322753,0.0164006509,0.0103861765,6.1144705108
1089,1.7548140483,0.0164383650,0.0170235948,6.1235952648
1090,1.7598800909,0.0164383796,0.0202593346,6.1353189627
1091,1.7649235441,0.0166684449,0.0196160749,6.1467446841
1092,1.7685844548,0.0169355531,0.0148131694,6.1546670571
1093,1.7721486521,0.0171121211,0.0141559971,6.1620131931
1094,1.7798922423,0.0174005709,0.0256773838,6.1779497399
1095,1.7863817721,0.0174745989,0.0227144446,6.1916534301
1096,1.7879352093,0.0177773488,0.0083202370,6.1958050694
1097,1.7920390341,0.0176908398,0.0164333234,6.2049269765
1098,1.7962916201,0.0178828766,0.0148894043,6.2135540372
1099,1.7993049604,0.0181290495,0.0123468838,6.2202610086
1100,1.8025347874,0.0183626192,0.0127358990,6.2272180531
1101,1.8068296981,0.0185389950,0.0143413685,6.2357705529
1102,1.8120210477,0.0187111036,0.0164993207,6.2462678544
1103,1.8150794763,0.0186875446,0.0130500953,6.2535396644
1104,1.8187525720,0.0186250055,0.0136310098,6.2617250685
1105,1.8243863117,0.0189750896,0.0186822735,6.2733604647
1106,1.8277673943,0.0190135519,0.0135250572,6.2809973331
1107,1.8317338133,0.0191719555,0.0146161079,6.2893435423
1108,1.8367656870,0.0192634045,0.0167531045,6.3000676897
1109,1.8424799762,0.0195736775,0.0198396596,6.3137304290
1110,1.8479712994,0.0193986032,0.0178897965,6.3254651976
1111,1.8523324694,0.0194807042,0.0138106318,6.3337067549
1112,1.8557758899,0.0194287732,0.0129975142,6.3409455763
1113,1.8564701846,0.0193475082,0.0061267028,6.3428066170
1114,1.8599710270,0.0192534540,0.0134019002,6.3511989238
1115,1.8609757784,0.0192152085,0.0070215852,6.3539879010
1116,1.8624813767,0.0193979866,0.0070846107,6.3574418880
1117,1.8672367522,0.0194223315,0.0151224429,6.3675160570
1118,1.8704865472,0.0196615592,0.0115172295,6.3745216109
1119,1.8742522183,0.0195541422,0.0142666056,6.3833870371
1120,1.8772233945,0.0197864038,0.0089905770,6.3891009019
1121,1.8827131990,0.0199780584,0.0177657792,6.4010003699
1122,1.8865129079,0.0200990695,0.0126901065,6.4088578021
1123,1.8924486733,0.0203131115,0.0177010960,6.4213732928
1124,1.8966760672,0.0203258289,0.0152325144,6.4320409921
1125,1.9005308253,0.0203771490,0.0127931954,6.4400698207
1126,1.9027800364,0.0203943412,0.0097030684,6.4457922851
1127,1.9063892908,0.0206262820,0.0121512364,6.4534478123
1128,1.9113891321,0.0209141273,0.0159744503,6.4650369608
1129,1.9160455481,0.0209545646,0.0153487571,6.4757814877
1130,1.9175197614,0.0209816623,0.0062611937,6.4788747277
1131,1.9231816793,0.0210388147,0.0169232739,6.4911811896
1132,1.9263661952,0.0211489656,0.0109732419,6.4978842447
1133,1.9309608403,0.0211651187,0.0159132659,6.5091656243
1134,1.9336105794,0.0213625989,0.0086520563,6.5143530147
1135,1.9386507724,0.0214770933,0.0150617054,6.5258545974
1136,1.9405809618,0.0215814421,0.0081763590,6.5303382103
1137,1.9443264616,0.0218133550,0.0126209128,6.5385342799
1138,1.9476242768,0.0216052148,0.0105694569,6.5460159004
1139,1.9509554737,0.0216851538,0.0106292517,6.5526149471
1140,1.9539943788,0.0216954451,0.0092803812,6.5582647064
1141,1.9581187027,0.0216813531,0.0112628203,6.5665065277
1142,1.9581837585,0.0216364572,0.0036449535,6.5666551583
1143,1.9638924871,0.0216676675,0.0162076785,6.5789936988
1144,1.9691743278,0.0216544455,0.0166160956,6.5911750234
1145,1.9718348456,0.0216646431,0.0098746854,6.5982825635
1146,1.9727218305,0.0218509040,0.0053771778,6.6006928777
1147,1.9754788343,0.0220677870,0.0088957955,6.6065260876
1148,1.9814286780,0.0222445990,0.0165485488,6.6192931613
1149,1.9870290526,0.0223936077,0.0150024997,6.6309546149
1150,1.9907142128,0.0225162569,0.0105583029,6.6383390691
1151,1.9972948345,0.0227408718,0.0163069189,6.6518469932
1152,1.9993399988,0.0229047579,0.0070008924,6.6558093610
1153,2.0023998967,0.0230194760,0.0090593456,6.6617331740
1154,2.0082680166,0.0231634993,0.0142781148,6.6728947315
1155,2.0124180875,0.0233106245,0.0115396160,6.6814011110
1156,2.0155177608,0.0231863806,0.0091717166,6.6882837300
1157,2.0142394320,0.0231388244,0.0000000000,6.6859110399
1158,2.0209845235,0.0233771052,0.0152218384,6.6985728733
1159,2.0259983956,0.0234394827,0.0135538647,6.7088965123
1160,2.0262915771,0.0234648967,0.0036339728,6.7101270331
1161,2.0323907244,0.0235725581,0.0148815633,6.7226379013
1162,2.0372464238,0.0236695739,0.0119310540,6.7324566816
1163,2.0419973425,0.0238201221,0.0133384069,6.7428061579
1164,2.0487144276,0.0239153234,0.0165369274,6.7573544238
1165,2.0508301616,0.0240265580,0.0084485433,6.7628794926
1166,2.0568052268,0.0240756707,0.0154251082,6.7761109369
1167,2.0633570991,0.0242180224,0.0152824999,6.7904755355
1168,2.0701771901,0.0242446913,0.0156552755,6.8047967919
1169,2.0790220398,0.0243936267,0.0198525877,6.8231806432
1170,2.0854691577,0.0242691945,0.0151619272,6.8373858946
1171,2.0890331628,0.0242511398,0.0093045230,6.8446376947
1172,2.0987335996,0.0245249241,0.0206322452,6.8646944657
1173,2.1011939925,0.0246122878,0.0066848998,6.8698592219
1174,2.1048312153,0.0246351347,0.0097789267,6.8777601314
1175,2.1076968739,0.0247830693,0.0073705454,6.8835112323
1176,2.1133542366,0.0250087464,0.0115067482,6.8937751809
1177,2.1212774230,0.0251609803,0.0171946526,6.9100202972
1178,2.1296881675,0.0252792685,0.0182293726,6.9284138301
1179,2.1369612905,0.0257215349,0.0142248836,6.9418840684
1180,2.1402464303,0.0258514909,0.0090749229,6.9493665924
1181,2.1434370982,0.0256997967,0.0093426211,6.9569779413
1182,2.1476481786,0.0257694284,0.0091046585,6.9649662296
1183,2.1561581475,0.0259243379,0.0165736353,6.9821761546
1184,2.1590399008,0.0258140965,0.0076486112,6.9877583968
1185,2.1671979350,0.0260544333,0.0161497261,7.0033178772
1186,2.1732696757,0.0262720207,0.0118435485,7.0149727459
1187,2.1791187846,0.0263629227,0.0128258451,7.0277203973
1188,2.1892503291,0.0265345352,0.0192562482,7.0475915290
1189,2.1933685435,0.0266981147,0.0097183967,7.0568833844
1190,2.2035413835,0.0268709830,0.0199762973,7.0786551107
1191,2.2054125383,0.0269786521,0.0052346272,7.0822855992
1192,2.2089330296,0.0270720512,0.0080411343,7.0890973170
1193,2.2102859086,0.0273264072,0.0044237213,7.0915405950
1194,2.2142668683,0.0272543106,0.0084154470,7.0986346403
1195,2.2223964556,0.0274917557,0.0147978341,7.1150005980
1196,2.2308054951,0.0276544199,0.0155410995,7.1313496512
1197,2.2379920931,0.0277914177,0.0134725215,7.1454578864
1198,2.2451093272,0.0280596364,0.0132820414,7.1597318452
1199,2.2474212234,0.0282294790,0.0063680305,7.1656937947
1200,2.2492937270,0.0284089960,0.0056312072,7.1698414227
1201,2.2565711666,0.0286670235,0.0134586720,7.1847317070
1202,2.2679472695,0.0288840342,0.0184694735,7.2062985210
1203,2.2735112541,0.0289253004,0.0102521532,7.2174456452
1204,2.2747750093,0.0289009613,0.0059109138,7.2225445558
1205,2.2761947064,0.0290008214,0.0046402537,7.2251609558
1206,2.2795707954,0.0290034954,0.0087328718,7.2337544161
1207,2.2913144417,0.0292641255,0.0195818103,7.2570621115
1208,2.2976793306,0.0295463737,0.0110028502,7.2692456937
1209,2.3013539788,0.0297552777,0.0070178718,7.2754997508
1210,2.3064399727,0.0297931240,0.0090745399,7.2850144221
1211,2.3114233270,0.0299518516,0.0096789841,7.2956867498
1212,2.3204272528,0.0302551547,0.0132749444,7.3117377715
1213,2.3255480674,0.0303944730,0.0088319210,7.3211198078
1214,2.3290433407,0.0303865577,0.0077282900,7.3293016632
1215,2.3359717107,0.0304964743,0.0110975185,7.3432538447
1216,2.3450297349,0.0308157853,0.0142496176,7.3602390866
1217,2.3549868906,0.0309888926,0.0154418101,7.3801316180
1218,2.3639381988,0.0312263718,0.0146425537,7.3994428925
1219,2.3697579381,0.0313393070,0.0098040147,7.4110429755
1220,2.3705483738,0.0313614860,0.0038636303,7.4138195532
1221,2.3754374626,0.0314270748,0.0081671225,7.4228162350
1222,2.3839940537,0.0315486982,0.0133635907,7.4391853830
1223,2.3863303502,0.0317362197,0.0055985506,7.4447468914
1224,2.3958507367,0.0319365225,0.0132125723,7.4620945278
1225,2.4010366188,0.0322212440,0.0091681154,7.4729331001
1226,2.4059318332,0.0321697519,0.0092056130,7.4834494654
1227,2.4181339769,0.0323269360,0.0173736336,7.5074735030
1228,2.4267683729,0.0324609468,0.0130499166,7.5247969386
1229,2.4404927053,0.0327824320,0.0185772296,7.5508823096
1230,2.4452738507,0.0330914993,0.0074915857,7.5598543339
1231,2.4581853202,0.0332816725,0.0174275577,7.5846964170
1232,2.4711952066,0.0334747839,0.0163635860,7.6089789825
1233,2.4689968634,0.0334773969,0.0000000000,7.6057165609
1234,2.4768076961,0.0337030608,0.0115763006,7.6209058900
1235,2.4923040956,0.0341421024,0.0194026772,7.6501802414
1236,2.5053073515,0.0343990781,0.0157346754,7.6743310861
1237,2.5125590199,0.0345850751,0.0098816584,7.6884868231
1238,2.5206820077,0.0347380135,0.0108826061,7.7040244309
1239,2.5240092780,0.0347984696,0.0057453659,7.7107518858
1240,2.5344441586,0.0348655168,0.0129902040,7.7298763349
1241,2.5353780714,0.0347571160,0.0033927740,7.7321230582
1242,2.5402432417,0.0351401043,0.0071265276,7.7410755343
1243,2.5551580055,0.0353395636,0.0173719889,7.7693492732
1244,2.5645159287,0.0354713493,0.0119012878,7.7876266594
1245,2.5721505460,0.0356254557,0.0102555550,7.8030064175
1246,2.5810538498,0.0358723121,0.0114916266,7.8204622872
1247,2.6049248335,0.0364731927,0.0251610913,7.8638494116
1248,2.6208904156,0.0369441607,0.0169689024,7.8926682382
1249,2.6268343135,0.0370861898,0.0082769214,7.9050609564
1250,2.6463822589,0.0375315565,0.0200003988,7.9404032074
1251,2.6560536290,0.0377198903,0.0115737843,7.9600553409
1252,2.6708737292,0.0380974708,0.0155506413,7.9873009621
1253,2.6791069707,0.0384477219,0.0091841738,8.0021781968
1254,2.6847150401,0.0384753047,0.0074982913,8.0144664638
1255,2.7008883992,0.0389603217,0.0158491808,8.0437655472
1256,2.7085295172,0.0391236303,0.0083093436,8.0573195251
1257,2.7154590045,0.0392354713,0.0082496730,8.0708563151
1258,2.7324834912,0.0396073618,0.0163096046,8.1016979374
1259,2.7379598425,0.0398423285,0.0064220687,8.1120598104
1260,2.7417248535,0.0398261265,0.0051875904,8.1196716149
1261,2.7568657793,0.0402163691,0.0146162611,8.1476132278
1262,2.7575114906,0.0402431816,0.0025925682,8.1497344224
1263,2.7657083201,0.0404922167,0.0083917168,8.1648468922
1264,2.7766292796,0.0407807341,0.0102448987,8.1841570420
1265,2.7810550376,0.0408888765,0.0055425264,8.1928334007
1266,2.7869869645,0.0409897473,0.0066365255,8.2038261425
1267,2.8041928127,0.0414698176,0.0151961901,8.2344153385
1268,2.8193357954,0.0419017109,0.0134037747,8.2615130894
1269,2.8267628941,0.0421480794,0.0074605850,8.2749437671
1270,2.8437245001,0.0426932136,0.0145415307,8.3055544079
1271,2.8674940777,0.0432236247,0.0192925365,8.3473573301
1272,2.8728861854,0.0434228486,0.0058443945,8.3576648520
1273,2.8871598749,0.0437380417,0.0122940278,8.3833163879
1274,2.9150010870,0.0444865373,0.0214879265,8.4323185496
1275,2.9340199303,0.0448062998,0.0149335675,8.4661495498
1276,2.9547224508,0.0452675429,0.0159042486,8.5029339200
1277,2.9690865660,0.0457293612,0.0110392672,8.5280442311
1278,2.9789306119,0.0458652791,0.0081697740,8.5454097849
1279,3.0037357822,0.0464159938,0.0174881841,8.5879027367
1280,3.0240888598,0.0467486287,0.0151378797,8.6243923402
1281,3.0399347505,0.0470589927,0.0117526887,8.6524940506
1282,3.0531555495,0.0474176942,0.0097663885,8.6757990567
1283,3.0562981486,0.0476029651,0.0036109189,8.6814797745
1284,3.0747871522,0.0480955554,0.0127483499,8.7135407326
1285,3.0862397736,0.0483088626,0.0086797787,8.7346275070
1286,3.1031568475,0.0487569572,0.0113670995,8.7630293825
1287,3.1269244589,0.0493175627,0.0152206818,8.8034162674
1288,3.1528863030,0.0499076748,0.0159360130,8.8466005421
1289,3.1791429851,0.0507267365,0.0154512047,8.8898827509
1290,3.2200373829,0.0518135769,0.0228243088,8.9568926716
1291,3.2512970537,0.0527460773,0.0175925689,9.0089375372
1292,3.2650595609,0.0533062607,0.0084188248,9.0321187925
1293,3.2778533216,0.0536825954,0.0080721508,9.0544423531
1294,3.3233742043,0.0549140324,0.0231751235,9.1279038911
1295,3.3388209069,0.0553522122,0.0088160344,9.1542130338
1296,3.3614646775,0.0560551148,0.0117881504,9.1911735693
1297,3.4028992013,0.0570233879,0.0203753236,9.2589533947
1298,3.4463510930,0.0582524403,0.0202335162,9.3283554559
1299,3.4710451434,0.0590887796,0.0117377663,9.3681681169
1300,3.5001718657,0.0599865773,0.0131613268,9.4139330969
1301,3.5065199041,0.0603918997,0.0041514754,9.4255551484
1302,3.5221305198,0.0609305812,0.0076399262,9.4512121156
1303,3.5452215891,0.0616234351,0.0102467562,9.4875820274
1304,3.5729141505,0.0623367295,0.0119728312,9.5314056888
1305,3.5968687534,0.0630429885,0.0104480617,9.5694539518
1306,3.6278123879,0.0639940682,0.0127310111,9.6181905524
1307,3.6877787129,0.0656600064,0.0225249673,9.7093607679
1308,3.7256708111,0.0668329779,0.0142288361,9.7670598520
1309,3.7621287428,0.0678997712,0.0134817945,9.8232382782
1310,3.7959724695,0.0689534690,0.0120087665,9.8741634967
1311,3.8271038969,0.0698624689,0.0111748435,9.9222431841
1312,3.8826672353,0.0715825738,0.0179181341,10.0040160947
1313,3.9018318028,0.0721674664,0.0072419451,10.0347073218
1314,3.9367695963,0.0733979429,0.0113972183,10.0870948586
1315,3.9563707551,0.0739563707,0.0067402693,10.1170440467
1316,3.9974486256,0.0752875284,0.0124182226,10.1777240060
1317,4.0400621077,0.0765954005,0.0125714415,10.2397031906
1318,4.0989025610,0.0783897292,0.0164184312,10.3243623943
1319,4.1661393518,0.0805247870,0.0177487758,10.4191048234
1320,4.2255576621,0.0823216927,0.0151827088,10.5036791433
1321,4.3087956732,0.0849158766,0.0197868446,10.6192859915
1322,4.3957703117,0.0876026102,0.0196248157,10.7391107480
1323,4.4575293242,0.0895263616,0.0135137217,10.8234504794
1324,4.5236551596,0.0917072579,0.0137920649,10.9131985737
1325,4.5313441884,0.0921987838,0.0027058479,10.9258563702
1326,4.5996621060,0.0944735541,0.0135371674,11.0178687480
1327,4.6615699143,0.0965052969,0.0119755605,11.1007045629
1328,4.6769073489,0.0970927180,0.0038952230,11.1244805960
1329,4.7297454636,0.0989330532,0.0099293470,11.1948152581
1330,4.8271135652,0.1021340234,0.0165956350,11.3210129626
1331,4.8596076169,0.1033707489,0.0060538832,11.3650116064
1332,4.9768938492,0.1073321552,0.0182061656,11.5137505009
1333,5.0738186928,0.1105669191,0.0142790367,11.6351713564
1334,5.1500253832,0.1132831336,0.0109037372,11.7303642278
1335,5.2325984029,0.1162674462,0.0113168290,11.8330385613
1336,5.3601022606,0.1206900526,0.0159836501,11.9871987354
1337,5.3969615986,0.1221806392,0.0051293075,12.0341318400
1338,5.5918697375,0.1289876345,0.0217956573,12.2636624370
1339,5.6653349057,0.1316602542,0.0080955863,12.3505032125
1340,5.7444496707,0.1346830985,0.0083266404,12.4437883102
1341,5.9360797192,0.1414362367,0.0178596873,12.6604410022
1342,6.0000000000,0.1404702448,0.0157922512,12.8095864253
1343,6.0000000000,0.1344115757,0.0183618801,12.9547143151
1344,6.0000000000,0.1284686792,0.0170207092,13.0979772719
1345,6.0000000000,0.1235578062,0.0138067005,13.2206686815
1346,6.0000000000,0.1217550336,0.0058733561,13.2724107790
1347,6.0000000000,0.1182360950,0.0097303684,13.3639350185
1348,6.0000000000,0.1132016550,0.0129525090,13.4919797231
1349,6.0000000000,0.1083600777,0.0119175237,13.6151892983
1350,6.0000000000,0.1079037223,0.0021466425,13.6343836448
1351,6.0000000000,0.1005119107,0.0170131457,13.8230646280
1352,6.0000000000,0.0910571159,0.0203094838,14.0663238443
1353,6.0000000000,0.0897158093,0.0190276570,14.2627373222
1354,6.0000000000,0.0914298364,0.0071142738,14.3245120693
1355,6.0000000000,0.0953493616,0.0140926405,14.4521917886
1356,6.0000000000,0.0955821447,0.0017928092,14.4666955818
1357,6.0000000000,0.1018250290,0.0201120871,14.6627556720
1358,6.0000000000,0.1023891821,0.0026885908,14.6879503909
1359,6.0000000000,0.1072739405,0.0139704421,14.8369496177
1360,6.0000000000,0.1139941598,0.0175803825,15.0383249643
1361,6.0000000000,0.1192405483,0.0181983443,15.2444733344
1362,6.0000000000,0.1181153170,0.0136510585,15.3635200389
1363,6.0000000000,0.1177075536,0.0051568798,15.4094562552
1364,6.0000000000,0.1170085354,0.0115143562,15.5184772435
1365,6.0000000000,0.1115388951,0.0107120713,15.5836514069
1366,6.0000000000,0.1030931487,0.0137681240,15.6628643197
1367,6.0000000000,0.0920796199,0.0167411807,15.7646597483
1368,6.0000000000,0.0813772533,0.0151777962,15.8645764856
1369,6.0000000000,0.0643049794,0.0221837595,16.0223805801
1370,6.0000000000,0.0559093945,0.0151730441,16.1096510187
1371,6.0000000000,0.0531195951,0.0101336760,16.1485802310
1372,6.0000000000,0.0470200035,0.0198239019,16.2265257453
1373,6.0000000000,0.0435952512,0.0104902653,16.2717869947
1374,6.0000000000,0.0388899828,0.0133529449,16.3323053467
1375,6.0000000000,0.0340357196,0.0128677340,16.3940963523
1376,6.0000000000,0.0340138203,0.0009924895,16.3998966418
1377,6.0000000000,0.0285914278,0.0133287358,16.4683513507
1378,6.0000000000,0.0226842365,0.0133893118,16.5415658272
1379,6.0000000000,0.0187062869,0.0109934157,16.5966284570
1380,6.0000000000,0.0189929074,0.0113218225,16.6172279676
1381,6.0000000000,0.0191103231,0.0058348632,16.6298577968
1382,6.0000000000,0.0194427776,0.0123958239,16.6529585225
1383,6.0000000000,0.0200335985,0.0192140423,16.6876240620
1384,6.0000000000,0.0203972370,0.0111491061,16.7099965195
1385,6.0000000000,0.0206916711,0.0094937964,16.7302127026
1386,6.0000000000,0.0209688866,0.0090829013,16.7500902679
1387,6.0000000000,0.0217889594,0.0216820220,16.7929403152
1388,6.0000000000,0.0219674927,0.0054948313,16.8066521360
1389,6.0000000000,0.0226149136,0.0160557589,16.8412260887
1390,6.0000000000,0.0231290041,0.0125347767,16.8700209098
1391,6.0000000000,0.0240756373,0.0212203028,16.9179500590
1392,6.0000000000,0.0249495489,0.0182940740,16.9617301321
1393,6.0000000000,0.0254479340,0.0115760735,16.9913012031
1394,6.0000000000,0.0256274597,0.0046009505,17.0049006917
1395,6.0000000000,0.0266485634,0.0188622712,17.0537180696
1396,6.0000000000,0.0277470208,0.0189986096,17.1053519525
1397,6.0000000000,0.0281174071,0.0066964704,17.1258256186
1398,6.0000000000,0.0290750189,0.0155771208,17.1714911721
1399,6.0000000000,0.0295419512,0.0081563206,17.1973414302
1400,6.0000000000,0.0300763449,0.0082742865,17.2241991493
1401,6.0000000000,0.0302956768,0.0042752956,17.2388955227
1402,6.0000000000,0.0314548239,0.0164779451,17.2923346919
1403,6.0000000000,0.0324455392,0.0133014164,17.3379364664
1404,6.0000000000,0.0336149409,0.0143735987,17.3887067584
1405,6.0000000000,0.0352363034,0.0189718797,17.4584995073
1406,6.0000000000,0.0366400321,0.0152093983,17.5183443486
1407,6.0000000000,0.0381196405,0.0148059012,17.5794800442
1408,6.0000000000,0.0398423402,0.0155965146,17.6470100884
1409,6.0000000000,0.0405019950,0.0068900551,17.6778313788
1410,6.0000000000,0.0418778834,0.0118345674,17.7333795629
1411,6.0000000000,0.0424986050,0.0062099445,17.7632668954
1412,6.0000000000,0.0433678684,0.0076804171,17.8006745415
1413,6.0000000000,0.0448720541,0.0115592808,17.8600311915
1414,6.0000000000,0.0473322014,0.0170970606,17.9521426242
1415,6.0000000000,0.0509026495,0.0218794273,18.0795870231
1416,6.0000000000,0.0519868416,0.0067910728,18.1211575146
1417,6.0000000000,0.0543193143,0.0128319860,18.2044074317
1418,6.0000000000,0.0566563676,0.0116596299,18.2841781335
1419,6.0000000000,0.0597612047,0.0145307310,18.3897419549
1420,6.0000000000,0.0632496575,0.0147955674,18.5053341748
1421,6.0000000000,0.0668614936,0.0137396216,18.6210486793
1422,6.0000000000,0.0687669734,0.0073575526,18.6851246089
1423,6.0000000000,0.0687856541,0.0138944420,18.7740347583
1424,6.0000000000,0.0675541767,0.0162831682,18.8723454624
1425,6.0000000000,0.0668888332,0.0095357240,18.9337329572
1426,6.0000000000,0.0652471840,0.0214951916,19.0843175767
1427,6.0000000000,0.0644781569,0.0108724167,19.1677660287
1428,6.0000000000,0.0610793995,0.0089574711,19.2113429163
1429,6.0000000000,0.0549906559,0.0134226194,19.2751483490
1430,6.0000000000,0.0498612072,0.0107635705,19.3296920417
1431,6.0000000000,0.0490361036,0.0054375705,19.3432206144
1432,6.0000000000,0.0476519519,0.0118744474,19.3644406152
1433,6.0000000000,0.0451059416,0.0196593717,19.3990890578
1434,6.0000000000,0.0420724448,0.0216121551,19.4398904529
1435,6.0000000000,0.0407518506,0.0092782010,19.4598550372
1436,6.0000000000,0.0381466287,0.0163453181,19.4947924450
1437,6.0000000000,0.0360259230,0.0126361414,19.5241555600
1438,6.0000000000,0.0336334892,0.0133626558,19.5568914434
1439,6.0000000000,0.0300535758,0.0180833818,19.6028758008
1440,6.0000000000,0.0265529184,0.0160899433,19.6475815482
1441,6.0000000000,0.0236219641,0.0127407380,19.6858733991
1442,6.0000000000,0.0218670923,0.0075420274,19.7104088080
1443,6.0000000000,0.0203034900,0.0066048920,19.7328759656
1444,6.0000000000,0.0171655425,0.0116927131,19.7730387367
1445,6.0000000000,0.0131899409,0.0135533440,19.8226583307
1446,6.0000000000,0.0085932334,0.0144152251,19.8796470429
1447,6.0000000000,0.0076472147,0.0157534529,19.9017513662
1448,6.0000000000,0.0077641341,0.0167020086,19.9139245926
1449,6.0000000000,0.0078407752,0.0004652319,19.9100506308
1450,6.0000000000,0.0079104324,0.0163365136,19.9304021043
1451,6.0000000000,0.0079652829,0.0069722507,19.9381624437
1452,6.0000000000,0.0081257113,0.0173475292,19.9515678255
1453,6.0000000000,0.0082693848,0.0136158928,19.9630733675
1454,6.0000000000,0.0083992101,0.0150266871,19.9756278653
1455,6.0000000000,0.0084885124,0.0094035564,19.9849209716
1456,6.0000000000,0.0086091721,0.0133567263,19.9968344546
1457,6.0000000000,0.0086224527,0.0030373796,20.0025894244
1458,6.0000000000,0.0088098649,0.0172571838,20.0174701312
1459,6.0000000000,0.0089134705,0.0104119741,20.0279788066
1460,5.9993088394,0.0089556888,0.0000000000,20.0149731106
1461,6.0000000000,0.0090961541,0.0170951211,20.0470834789
1462,6.0000000000,0.0093220670,0.0200485139,20.0649139813
1463,6.0000000000,0.0094181530,0.0077945783,20.0740926744
1464,6.0000000000,0.0096299462,0.0178210075,20.0908452442
1465,6.0000000000,0.0097282496,0.0084011738,20.1008419040
1466,6.0000000000,0.0097314327,0.0011207010,20.1052598889
1467,6.0000000000,0.0098776957,0.0102821161,20.1166758413
1468,6.0000000000,0.0100315787,0.0135654550,20.1312456607
1469,6.0000000000,0.0102036985,0.0126410454,20.1454283229
1470,6.0000000000,0.0103591121,0.0124972702,20.1597152057
1471,6.0000000000,0.0105356575,0.0134228297,20.1751532259
1472,6.0000000000,0.0107140838,0.0130394672,20.1908721830
1473,6.0000000000,0.0108646279,0.0109630161,20.2046085519
1474,6.0000000000,0.0110028414,0.0091133694,20.2167940073
1475,6.0000000000,0.0111729078,0.0107241559,20.2308109771
1476,6.0000000000,0.0113556709,0.0103119717,20.2445468870
1477,6.0000000000,0.0115246061,0.0105459714,20.2588519548
1478,6.0000000000,0.0116206406,0.0067058235,20.2691231247
1479,6.0000000000,0.0117639120,0.0093955470,20.2826057846
1480,6.0000000000,0.0119941854,0.0123946857,20.2997340425
1481,6.0000000000,0.0122622199,0.0134852108,20.3185811259
1482,6.0000000000,0.0124779605,0.0116926611,20.3358146889
1483,6.0000000000,0.0127035701,0.0111184324,20.3525666956
1484,6.0000000000,0.0130059791,0.0145653594,20.3740175656
1485,6.0000000000,0.0133738869,0.0159094496,20.3981115620
1486,6.0000000000,0.0137295964,0.0152643834,20.4221998052
1487,6.0000000000,0.0137828911,0.0036004364,20.4297345085
1488,6.0000000000,0.0139920619,0.0098140556,20.4467521955
1489,6.0000000000,0.0143928016,0.0153871420,20.4725979030
1490,6.0000000000,0.0147946389,0.0144739072,20.4978942559
1491,6.0000000000,0.0152165000,0.0152630909,20.5251725107
1492,6.0000000000,0.0156560714,0.0135088872,20.5504232738
1493,6.0000000000,0.0158630266,0.0079030233,20.5663798078
1494,6.0000000000,0.0164589357,0.0178683098,20.6009687602
1495,6.0000000000,0.0165910255,0.0054739734,20.6131206933
1496,6.0000000000,0.0172052145,0.0167316374,20.6476425154
1497,6.0000000000,0.0176551989,0.0119213994,20.6736283139
1498,6.0000000000,0.0177927671,0.0049312597,20.6853759857
1499,6.0000000000,0.0181923059,0.0100984378,20.7084353319
1500,6.0000000000,0.0189665112,0.0177780084,20.7495755743
1501,6.0000000000,0.0193747592,0.0091756720,20.7723877627
1502,6.0000000000,0.0196144643,0.0061891085,20.7886364599
1503,6.0000000000,0.0200954373,0.0106138066,20.8158511192
1504,6.0000000000,0.0204556142,0.0080732402,20.8370786462
1505,6.0000000000,0.0207230859,0.0059971201,20.8534964490
1506,6.0000000000,0.0215065990,0.0141001812,20.8924138535
1507,6.0000000000,0.0224133937,0.0158312271,20.9379926995
1508,6.0000000000,0.0229154202,0.0093516892,20.9661888841
1509,6.0000000000,0.0238330578,0.0145133900,21.0113396721
1510,6.0000000000,0.0244814005,0.0101422703,21.0443009705
1511,6.0000000000,0.0252488340,0.0115213722,21.0830663634
1512,6.0000000000,0.0261960689,0.0125923316,21.1276042543
1513,6.0000000000,0.0277893466,0.0191677610,21.1988897740
1514,6.0000000000,0.0290799334,0.0144362826,21.2561088855
1515,6.0000000000,0.0296696571,0.0072042571,21.2853884852
1516,6.0000000000,0.0311025433,0.0144759803,21.3482013939
1517,6.0000000000,0.0322515930,0.0109382963,21.3977752464
1518,6.0000000000,0.0332989681,0.0097614700,21.4438366908
1519,6.0000000000,0.0341973732,0.0079691455,21.4824507560
1520,6.0000000000,0.0356746083,0.0118739507,21.5434241363
1521,6.0000000000,0.0372328555,0.0117113643,21.6067534128
1522,6.0000000000,0.0386618180,0.0100695247,21.6637909628
1523,6.0000000000,0.0393566654,0.0053224927,21.6935525254
1524,6.0000000000,0.0398436847,0.0038055730,21.7139399370
1525,6.0000000000,0.0418950846,0.0126143256,21.7927822960
1526,6.0000000000,0.0441815082,0.0128553828,21.8788020741
1527,6.0000000000,0.0467259672,0.0224790177,22.0213567136
1528,6.0000000000,0.0460641128,0.0111424176,22.0739517851
1529,6.0000000000,0.0449587163,0.0169028356,22.1603993848
1530,6.0000000000,0.0437612962,0.0177369779,22.2599275990
1531,6.0000000000,0.0429580524,0.0117068796,22.3309564006
1532,6.0000000000,0.0421169837,0.0123686448,22.4116770355
1533,6.0000000000,0.0401988805,0.0099367501,22.4660508003
1534,6.0000000000,0.0374131481,0.0205207642,22.5023922259
1535,6.0000000000,0.0371241783,0.0047595256,22.5096144826
1536,6.0000000000,0.0362131980,0.0118096985,22.5248378653
1537,6.0000000000,0.0346549365,0.0186437904,22.5482862513
1538,6.0000000000,0.0336576485,0.0114831357,22.5645001220
1539,6.0000000000,0.0328419491,0.0092595000,22.5783168046
1540,6.0000000000,0.0315977125,0.0131178367,22.5975364204
1541,6.0000000000,0.0301080532,0.0145295425,22.6200406597
1542,6.0000000000,0.0284912393,0.0147237268,22.6438827273
1543,6.0000000000,0.0269314247,0.0133518879,22.6669700057
1544,6.0000000000,0.0249601330,0.0156004374,22.6949931577
1545,6.0000000000,0.0226988912,0.0165393651,22.7267242346
1546,6.0000000000,0.0218341554,0.0066869620,22.7412041313
1547,6.0000000000,0.0203558933,0.0101813192,22.7634406663
1548,6.0000000000,0.0177126793,0.0161745184,22.7998695041
1549,6.0000000000,0.0151595358,0.0143453761,22.8350736978
1550,6.0000000000,0.0126439760,0.0131260805,22.8697004476
1551,6.0000000000,0.0094123645,0.0152278987,22.9133230684
1552,6.0000000000,0.0054941797,0.0165703379,22.9652146786
1553,6.0000000000,0.0041186653,0.0078813741,22.9863586160
1554,6.0000000000,0.0041406646,0.0061106668,22.9911147630
1555,6.0000000000,0.0041596114,0.0064623290,22.9961106562
1556,6.0000000000,0.0042434982,0.0209216358,23.0042338062
1557,6.0000000000,0.0042666162,0.0069387236,23.0093895959
1558,6.0000000000,0.0042895090,0.0108739818,23.0153127656
1559,6.0000000000,0.0043262614,0.0111097042,23.0216231632
1560,6.0000000000,0.0043972945,0.0169490888,23.0292024894
1561,6.0000000000,0.0044036594,0.0036560587,23.0336961552
1562,6.0000000000,0.0044604887,0.0118115126,23.0403003511
1563,6.0000000000,0.0045283288,0.0178290641,23.0485637158
1564,6.0000000000,0.0046065461,0.0173515189,23.0567473522
1565,6.0000000000,0.0046633332,0.0139646976,23.0642060181
1566,6.0000000000,0.0047137877,0.0107474924,23.0709073326
1567,6.0000000000,0.0048083648,0.0204368805,23.0804913296
1568,6.0000000000,0.0048195880,0.0039746536,23.0852043849
1569,6.0000000000,0.0048910999,0.0167087293,23.0938670216
1570,6.0000000000,0.0049638980,0.0144392539,23.1021399586
1571,6.0000000000,0.0050447205,0.0148369761,23.1106270637
1572,6.0000000000,0.0051102675,0.0132758824,23.1186682858
1573,6.0000000000,0.0051878010,0.0129848647,23.1266498202
1574,6.0000000000,0.0052692520,0.0164677824,23.1361309669
1575,6.0000000000,0.0053067406,0.0064653850,23.1419484280
1576,6.0000000000,0.0053429740,0.0060165507,23.1475690134
1577,6.0000000000,0.0054223095,0.0127797755,23.1559559221
1578,6.0000000000,0.0054900284,0.0122503238,23.1642756836
1579,6.0000000000,0.0055757471,0.0127855688,23.1728948250
1580,6.0000000000,0.0056968115,0.0196340783,23.1849414464
1581,6.0000000000,0.0057553066,0.0092193151,23.1921461795
1582,6.0000000000,0.0058601199,0.0156063301,23.2026093861
1583,6.0000000000,0.0059626729,0.0138453490,23.2123817945
1584,6.0000000000,0.0061245639,0.0233594995,23.2272190502
1585,6.0000000000,0.0061553801,0.0052695041,23.2329511100
1586,6.0000000000,0.0062065905,0.0093791658,23.2408616972
1587,6.0000000000,0.0062712080,0.0098074078,23.2492386572
1588,6.0000000000,0.0064153687,0.0183388939,23.2624450527
1589,6.0000000000,0.0064781029,0.0080643909,23.2700002271
1590,6.0000000000,0.0066373017,0.0199581264,23.2847974884
1591,6.0000000000,0.0068135057,0.0196709199,23.2998775332
1592,6.0000000000,0.0069713196,0.0161549407,23.3131775255
1593,6.0000000000,0.0070944389,0.0140994050,23.3254565846
1594,6.0000000000,0.0071217831,0.0045303447,23.3313867264
1595,6.0000000000,0.0072589460,0.0128743176,23.3432168599
1596,6.0000000000,0.0072967779,0.0051327760,23.3493650732
1597,6.0000000000,0.0073867969,0.0102593933,23.3595679621
1598,6.0000000000,0.0075142038,0.0129748835,23.3718960047
1599,6.0000000000,0.0076199880,0.0105174174,23.3826032599
