t,gamma,leak,mass_total,mass_out
0.0,0.0,0.00011612202541749234,39.27271883351106,0.004560427654599118
0.01,0.0,0.00011598213800156166,39.26877083030915,0.004554475997592731
0.02,0.0,0.00011584999570956609,39.26482342630386,0.004548829625474289
0.03,0.0,0.00011572579351760589,39.26087662856946,0.004543496102038145
0.04,0.0,0.00011560951471028586,39.256930435864774,0.004538474676705893
0.05,0.0,0.00011550137660243593,39.2529848561353,0.004533773786638313
0.06,0.0,0.00011540177716344733,39.24903990441336,0.004529408956928478
0.07,0.0,0.00011531001699656379,39.24509555265276,0.004525352635208275
0.08,0.0,0.00011522678443654934,39.241151827279744,0.004521631742643983
0.09,0.0,0.00011515130946657487,39.237208697480455,0.00451821596132827
0.1,0.0,0.00011508396242486956,39.23326617719711,0.004515119730541573
0.11,0.0,0.00011502396387821779,39.22932423525509,0.00451231237380299
0.12,0.0,0.00011497188225526476,39.22538289336754,0.004509816103434044
0.13,0.0,0.00011492747360932199,39.22144214137135,0.00450762125662212
0.14,0.0,0.00011489021021865634,39.217501957976026,0.004505707044202547
0.15,0.0,0.00011486103058966044,39.21356237940097,0.0045041101879900475
0.16,0.0,0.00011483953062741298,39.209623389200814,0.0045028147460935706
0.17,0.0,0.0001148249127189323,39.20568495550559,0.004501789353102002
0.18,0.0,0.00011481753117746576,39.20174709161956,0.004501047818903272
0.19,0.0,0.00011481778781198513,39.19780981270232,0.004500605809769518
0.2,0.0,0.00011482580210957133,39.193873122839506,0.004500467919110931
0.21,0.0,0.00011484154500780723,39.189937020291566,0.00450063291616906
0.22,0.0,0.00011486414365812537,39.18600147024992,0.004501066502266414
0.23,0.0,0.0001148935320904612,39.18206646953749,0.004501766011288504
0.24,0.0,0.0001149301796753866,39.1781320359533,0.004502749754238248
0.25,0.0,0.00011497369738935088,39.174198153657116,0.004504002403989156
0.26,0.0,0.00011502405812681489,39.170264820991875,0.004505522817612617
0.27,0.0,0.00011508131996798354,39.16633203963671,0.004507313189425832
0.28,0.0,0.00011514552019874202,39.162399810454296,0.004509374898405991
0.29,0.0,0.00011521723661418336,39.15846815547371,0.004511730490918294
0.3,0.0,0.00011529565428537356,39.15453704217611,0.0045143479665187055
0.31,0.0,0.00011538099361191618,39.150606478592856,0.004517235876009282
0.32,0.0,0.00011547395133009583,39.146676491399965,0.004520421415903042
0.33,0.0,0.00011557439658372378,39.14274707486348,0.004523899373806781
0.34,0.0,0.00011568144156036835,39.13881819362069,0.0045276349096073296
0.35000000000000003,0.0,0.00011579526168044414,39.13488985393609,0.004531634811472004
0.36,0.0,0.00011591548483695465,39.130962040642615,0.004535884437077673
0.37,0.0,0.00011604246021376523,39.12703476680329,0.004540397375209496
0.38,0.0,0.0001161757531443777,39.1231080148044,0.004545156538968857
0.39,0.0,0.00011631529039823031,39.119181781178696,0.004550158989019077
0.4,0.0,0.0001164610119459259,39.115256062975526,0.00455540230361826
0.41000000000000003,0.0,0.00011661313902605647,39.111330868246164,0.004560895064033001
0.42,0.0,0.00011677133814838661,39.107406183340856,0.004566624151541318
0.43,0.0,0.00011693644389087225,39.10348204029492,0.004572622133542795
0.44,0.0,0.00011710798345883907,39.09955842000589,0.004578870440698079
0.45,0.0,0.000117286548750143,39.0956353450074,0.004585392140810142
0.46,0.0,0.00011747161142884756,39.09171279402577,0.0045921664954280215
0.47000000000000003,0.0,0.00011766352000115977,39.087790780072424,0.004599207052252318
0.48,0.0,0.00011786201413465519,39.08386929235374,0.00460650355497253
0.49,0.0,0.00011806778168938739,39.07994835713886,0.004614082811063323
0.5,0.0,0.00011828098858990446,39.076027980287506,0.004621951219675293
0.51,0.0,0.00011850215469955381,39.07210818148661,0.004630129008160348
0.52,0.0,0.00011873003723206614,39.06818891154222,0.004638567524056921
0.53,0.0,0.00011896432817739789,39.06427015779954,0.004647254655063115
0.54,0.0,0.00011920531354268858,39.0603519308128,0.00465620149900042
0.55,0.0,0.00011945277932934437,39.05643422160003,0.004665399618463961
0.56,0.0,0.00011970630266831926,39.05251701302363,0.004674832421520814
0.5700000000000001,0.0,0.00011996600061340777,39.04860030903741,0.004684504408626817
0.58,0.0,0.000120231470239466,39.04468409328746,0.004694399773571563
0.59,0.0,0.00012050314389496507,39.04076838203877,0.004704535330110941
0.6,0.0,0.00012078108696866587,39.03685317722193,0.004714913558581203
0.61,0.0,0.00012106566449557286,39.032938492462954,0.0047255486358049725
0.62,0.0,0.00012135641425246833,39.02902430909015,0.004736422441923722
0.63,0.0,0.00012165317151099288,39.0251106200492,0.0047475284754964365
0.64,0.0,0.0001219557415087861,39.02119741711526,0.0047588590655651426
0.65,0.0,0.00012226497086596737,39.01728473270241,0.0047704471811131355
0.66,0.0,0.00012258131128005926,39.01337258380131,0.004782310368780002
0.67,0.0,0.00012290375786945664,39.00946093056726,0.0047944093408285905
0.68,0.0,0.0001232319303406931,39.00554975753563,0.0048067291906211925
0.6900000000000001,0.0,0.0001235655800241426,39.001639054380874,0.004819260151646949
0.7000000000000001,0.0,0.00012390518342752222,38.99772883906412,0.004832020745061137
0.71,0.0,0.00012425136896018483,38.99381913546198,0.004845035408567127
0.72,0.0,0.00012460358556560483,38.98990992144729,0.004858282577092407
0.73,0.0,0.00012496212895023078,38.98600120791653,0.004871773710197644
0.74,0.0,0.00012532659756116167,38.982092978576475,0.0048854930788179655
0.75,0.0,0.00012569643785496776,38.97818521121414,0.004899419035100928
0.76,0.0,0.00012607225072539574,38.97427792862317,0.004913574938858764
0.77,0.0,0.00012645453026085778,38.97037114942408,0.0049279799777918335
0.78,0.0,0.00012684277822790739,38.966464853556545,0.0049426146597453475
0.79,0.0,0.00012723747136545515,38.962559058959215,0.004957497492589306
0.8,0.0,0.0001276378353308511,38.95865373481565,0.004972598230116174
0.81,0.0,0.0001280440025517084,38.95474888564802,0.004987921965715203
0.8200000000000001,0.0,0.00012845617470691375,38.95084451867318,0.005003476488472644
0.8300000000000001,0.0,0.00012887461228013115,38.946940643394385,0.0050192718749148615
0.84,0.0,0.00012929882579288944,38.943037240100324,0.005035288987953867
0.85,0.0,0.00012972906573868143,38.93913431790385,0.005051537515734825
0.86,0.0,0.0001301650628817826,38.93523186567454,0.005068006904112443
0.87,0.0,0.0001306073432072669,38.93132990324824,0.005084717566189006
0.88,0.0,0.00013105529063574752,38.92742840598817,0.005101645443449165
0.89,0.0,0.00013150871562950053,38.92352736587078,0.005118783091655514
0.9,0.0,0.00013196780100647892,38.919626789368394,0.005136137563385926
0.91,0.0,0.00013243238740045442,38.915726669631354,0.005153702590282948
0.92,0.0,0.00013290261063559207,38.91182701129945,0.005171483394402378
0.93,0.0,0.00013337913428910624,38.90792783954586,0.005189505732221777
0.9400000000000001,0.0,0.0001338620807354933,38.90402915847476,0.0052077742921478685
0.9500000000000001,0.0,0.00013435109032824329,38.90013095343418,0.005226275007505462
0.96,0.0,0.00013484630044251805,38.89623322911165,0.005245013152095179
0.97,0.0,0.00013534728355064845,38.89233596821825,0.005263972024237654
0.98,0.0,0.00013585373550617654,38.888439158269435,0.005283139727655711
0.99,0.0,0.00013636592888309476,38.884542809213016,0.0053025267993729325
1.0,0.0,0.00013688381560042736,38.88064691852259,0.005322131303220507
1.01,0.0,0.00013740779824009317,38.87675150119425,0.005341968826506477
1.02,0.0,0.00013793753092368116,38.87285654311806,0.005362025851508308
1.03,0.0,0.00013847316578360528,38.86896204954836,0.005382308225723911
1.04,0.0,0.00013901492282227234,38.86506802837425,0.00540282443244695
1.05,0.0,0.0001395622795352637,38.86117445862177,0.005423554092862961
1.06,0.0,0.00014011504388332374,38.85728133216685,0.005444489679043355
1.07,0.0,0.00014067355352967423,38.85338866147106,0.0054656442496788275
1.08,0.0,0.0001412382537229345,38.84949646317004,0.005487035038473599
1.09,0.0,0.0001418092249082909,38.84560473971848,0.005508665099233452
1.1,0.0,0.00014238611543492888,38.84171347678321,0.00553052069879583
1.11,0.0,0.00014296891382614235,38.837822673248986,0.005552601322966875
1.12,0.0,0.00014355737580747324,38.833932318958055,0.005574897415994786
1.1300000000000001,0.0,0.00014415134491328933,38.83004240716561,0.005597402836033125
1.1400000000000001,0.0,0.00014475087700089142,38.82615293937317,0.0056201196885451495
1.1500000000000001,0.0,0.0001453559766594,38.822263915089806,0.005643048087507006
1.16,0.0,0.00014596678487581807,38.81837533911906,0.0056661934423540995
1.17,0.0,0.00014658346801377855,38.81448721724648,0.005689562145480612
1.18,0.0,0.00014720574681199533,38.81059953795656,0.005713143289206324
1.19,0.0,0.00014783362057040102,38.806712300548824,0.005736936781824197
1.2,0.0,0.00014846707337403788,38.80282550373139,0.005760941941182626
1.21,0.0,0.00014910609932940162,38.79893914660052,0.005785158474268574
1.22,0.0,0.0001497507437167091,38.79505323023724,0.005809588073757494
1.23,0.0,0.00015040112320274232,38.791167758490474,0.005834235201223122
1.24,0.0,0.00015105718823123956,38.78728272875813,0.005859097868136475
1.25,0.0,0.00015171877742836242,38.78339813410058,0.0058841697494233245
1.26,0.0,0.00015238588706525935,38.77951397369411,0.00590945063684115
1.27,0.0,0.0001530587005095058,38.77563025396995,0.005934947578109872
1.28,0.0,0.00015373728460722945,38.77174697683719,0.005960663099697661
1.29,0.0,0.00015442167245384425,38.7678641428943,0.005986598418409312
1.3,0.0,0.00015511173270534435,38.76398174636293,0.00601274837523685
1.31,0.0,0.00015580748497324106,38.76009978731785,0.006039113665174006
1.32,0.0,0.00015650907352648526,38.75621827066456,0.006065699814932109
1.33,0.0,0.00015721610797092856,38.752337180582714,0.006092491626308479
1.34,0.0,0.0001579286382700383,38.748456518322946,0.006119490973004691
1.35,0.0,0.00015864676997285037,38.744576287288126,0.006146701881945112
1.36,0.0,0.0001593703760920943,38.74069648186853,0.006174119368385222
1.37,0.0,0.00016009949512062248,38.73681710286671,0.006201744860749015
1.3800000000000001,0.0,0.00016083423638471218,38.73293815382765,0.006229582530907314
1.3900000000000001,0.0,0.0001615749615206086,38.72905964806708,0.0062576463223659555
1.4000000000000001,0.0,0.00016232116006754976,38.72518156511664,0.006285916395476388
1.41,0.0,0.00016307315496153047,38.721303916790355,0.006314405193935433
1.42,0.0,0.00016383116343268023,38.71742671080305,0.006343121063150558
1.43,0.0,0.00016459525076853264,38.71354994898209,0.006372066461992986
1.44,0.0,0.00016536564272629753,38.70967363936565,0.006401250061099083
1.45,0.0,0.00016614184571194597,38.70579776213983,0.006430652679955386
1.46,0.0,0.00016692363149949143,38.70192230776941,0.0064602654176242145
1.47,0.0,0.00016771103626999191,38.69804727695547,0.006490089610443508
1.48,0.0,0.0001685039792965725,38.69417266587327,0.006520122069788479
1.49,0.0,0.00016930267192988337,38.69029848200081,0.006550370910767618
1.5,0.0,0.00017010703713998308,38.68642472165368,0.006580833086939673
1.51,0.0,0.00017091743865228982,38.68255139820016,0.006611522605516095
1.52,0.0,0.00017173369445125895,38.678678503889905,0.006642432355965679
1.53,0.0,0.00017255559192496902,38.67480602979091,0.006673554047054104
1.54,0.0,0.00017338304937842056,38.67093397203713,0.006704884454383529
1.55,0.0,0.00017421612993570216,38.66706233236356,0.006736425955527118
1.56,0.0,0.0001750552277578279,38.66319112530452,0.006768193728284789
1.57,0.0,0.0001759001116484686,38.65932034120722,0.006800178764272439
1.58,0.0,0.00017675105301331748,38.65544998985328,0.006832391490410377
1.59,0.0,0.0001776077127639633,38.65158005741851,0.006864818728711497
1.6,0.0,0.000178470275225914,38.64771055031538,0.006897467538766425
1.61,0.0,0.00017933904212853914,38.64384147949038,0.006930349515099094
1.62,0.0,0.00018021348998539512,38.63997282399245,0.006963444355552684
1.6300000000000001,0.0,0.00018109371680849755,38.63610458689429,0.00699675578264271
1.6400000000000001,0.0,0.00018197961993423546,38.63223676351223,0.007030279763433536
1.6500000000000001,0.0,0.0001828713228297196,38.62836935789995,0.007064021003234354
1.6600000000000001,0.0,0.0001837688627417858,38.624502370777556,0.007097980874645385
1.67,0.0,0.0001846721696654296,38.62063579872079,0.007132156606808315
1.68,0.0,0.00018558173036621397,38.61676965981023,0.007166566934621281
1.69,0.0,0.00018649776038050022,38.61290396164324,0.007201220110633996
1.7,0.0,0.000187419712495128,38.60903868235846,0.007236094929561086
1.71,0.0,0.00018834779502469723,38.605173829274804,0.007271199367289245
1.72,0.0,0.00018928203246005375,38.601309402609964,0.0073065342993455865
1.73,0.0,0.0001902224195786363,38.597445401433276,0.007342099453815138
1.74,0.0,0.000191169172853439,38.59358183337093,0.007377903116537223
1.75,0.0,0.00019212193734145558,38.58971868399,0.007413931515030117
1.76,0.0,0.00019308062730947502,38.58585594925174,0.0074501812719547575
1.77,0.0,0.00019404530900425245,38.58199363098269,0.00748665487612433
1.78,0.0,0.00019501580305102988,38.578131721530085,0.0075233453378827945
1.79,0.0,0.00019599216863377839,38.574270222447026,0.00756025487436297
1.8,0.0,0.00019697450012479205,38.5704091366424,0.007597387059299045
1.81,0.0,0.00019796296936326624,38.56654847001094,0.007634748453215897
1.82,0.0,0.00019895783410732034,38.56268823175789,0.0076723489279466
1.83,0.0,0.00019995860743412733,38.558828402363886,0.00771016963162836
1.84,0.0,0.00020096535612935043,38.55496898366868,0.007748213072359237
1.85,0.0,0.0002019783424849838,38.55110998504864,0.0077864892957366354
1.86,0.0,0.00020299753794908798,38.54725140466179,0.007824997129851071
1.87,0.0,0.00020402268050781234,38.54339323166546,0.007863726402991263
1.8800000000000001,0.0,0.0002050540054796042,38.539535474391045,0.007902686118347386
1.8900000000000001,0.0,0.00020609163721918648,38.53567813688856,0.00794188099858318
1.9000000000000001,0.0,0.00020713537296627158,38.531821210598316,0.007981303157527184
1.9100000000000001,0.0,0.00020818519082197522,38.52796469393255,0.00802095168178888
1.92,0.0,0.00020924125175010417,38.52410859234909,0.008060832704420276
1.93,0.0,0.0002103034714131206,38.52025290185143,0.008100942904970898
1.94,0.0,0.00021137198492452653,38.51639762689773,0.008141287418539908
1.95,0.0,0.00021244657858357458,38.512542758506726,0.008181857941598588
1.96,0.0,0.00021352731523976108,38.50868829835139,0.00822265682575199
1.97,0.0,0.00021461431101097562,38.504834250154445,0.008263688473188927
1.98,0.0,0.00021570742657365334,38.500980607799185,0.00830494744747071
1.99,0.0,0.00021680683888644381,38.49712737734875,0.008346440492891972
2.0,0.0,0.00021791297500726878,38.49327457449202,0.008388183980299432
2.0100000000000002,0.0,0.0002190257485322529,38.48942219514336,0.008430174506865402
2.02,0.0,0.00022014478639896827,38.485570224182965,0.008472397636445472
2.0300000000000002,0.0,0.0002212701844931754,38.48171866454585,0.008514856988518754
2.04,0.0,0.00022240183714496552,38.47786751140759,0.008557548423957853
2.05,0.0,0.00022353967236766307,38.47401676124072,0.008600469101475952
2.06,0.0,0.00022468400962069422,38.47016642558053,0.008643631243275069
2.07,0.0,0.00022583468485374325,38.4663164973535,0.0086870284636644
2.08,0.0,0.00022699174285097383,38.462466977521956,0.008730662413575964
2.09,0.0,0.00022815528331127945,38.45861786915915,0.008774536855698468
2.1,0.0,0.00022932547186057874,38.454769177871796,0.00881865808700532
2.11,0.0,0.0002305020422704845,38.45092089265428,0.008863015792937884
2.12,0.0,0.00023168506697187266,38.44707301552768,0.00890761268647524
2.13,0.0,0.00023287440614425461,38.44322554034964,0.008952443317978797
2.14,0.0,0.00023407017258713267,38.43937847069196,0.008997511952777214
2.15,0.0,0.00023527229823849775,38.435531803170825,0.009042815901351108
2.16,0.0,0.00023648087156594478,38.43168554041972,0.00908835849234701
2.17,0.0,0.00023769591171352692,38.427839682405434,0.009134140388490846
2.18,0.0,0.00023891768880017147,38.423994238739404,0.009180171897990962
2.19,0.0,0.00024014578837133809,38.42014919272048,0.009226437017230528
2.2,0.0,0.00024138026124800145,38.41630454553147,0.009272937627383413
2.21,0.0,0.00024262109205031333,38.41246029581008,0.009319673065308986
2.22,0.0,0.0002438683378740101,38.40861644497781,0.009366645452477354
2.23,0.0,0.000245122061116759,38.40477299465821,0.009413857113172112
2.24,0.0,0.00024638217990877507,38.400929940931704,0.009461304829371148
2.25,0.0,0.00024764873236735074,38.3970872844875,0.009508989992602098
2.2600000000000002,0.0,0.0002489218445607102,38.39324502939096,0.009556917371387565
2.27,0.0,0.00025020154147310255,38.38940317582329,0.009605087850823656
2.2800000000000002,0.0,0.0002514879064472967,38.3855617262052,0.009653504556327078
2.29,0.0,0.00025278084991140447,38.3817206763169,0.009702163973621766
2.3000000000000003,0.0,0.00025408039923668663,38.37788002642843,0.009751067078972851
2.31,0.0,0.00025538646936998713,38.37403977249328,0.00980021053296078
2.32,0.0,0.00025669909212663183,38.37019991495094,0.00984959548288553
2.33,0.0,0.00025801861120391424,38.366360466208484,0.009899235044440131
2.34,0.0,0.0002593448388092863,38.36252141827245,0.009949121933539922
2.35,0.0,0.00026067767266619137,38.358682766432594,0.009999252150094652
2.36,0.0,0.00026201728088033523,38.35484451635264,0.010049632068763019
2.37,0.0,0.00026336352583025105,38.35100666196499,0.01010025633363481
2.38,0.0,0.0002647164933886334,38.347169205776,0.010151128163533873
2.39,0.0,0.0002660761768995893,38.343332146741176,0.01020224722719628
2.4,0.0,0.0002674426153154916,38.33949548556443,0.010253614942536102
2.41,0.0,0.0002688158620871933,38.335659223504315,0.010305233282847444
2.42,0.0,0.00027019611121682394,38.331823367206844,0.010357109609669742
2.43,0.0,0.0002715832164298664,38.32798791026872,0.010409238235956086
2.44,0.0,0.00027297714572124295,38.32415285066854,0.010461617857360408
2.45,0.0,0.0002743778846605139,38.32031818705835,0.010514247843683164
2.46,0.0,0.00027578553397901673,38.31648392250344,0.010567131978766296
2.47,0.0,0.00027720018278842173,38.312650059621554,0.010620273599636208
2.48,0.0,0.0002786216593115286,38.30881659103123,0.010673666044854417
2.49,0.0,0.00028005021563064334,38.30498352559336,0.010727318896070941
2.5,0.0,0.000281485793060619,38.30115086025813,0.010781229825034452
2.5100000000000002,0.0,0.0002829282880221661,38.297318590256154,0.010835394784580933
2.52,0.0,0.0002843777110511911,38.29348671518993,0.010889814100235191
2.5300000000000002,0.0,0.00028583406282141615,38.28965523428337,0.010944487719646805
2.54,0.0,0.0002872973478124556,38.285824146905426,0.010999415736220286
2.5500000000000003,0.0,0.0002887676504030989,38.281993455483786,0.01105460130288715
2.56,0.0,0.0002902449400210604,38.278163158042815,0.011110043169922791
2.57,0.0,0.00029172926671954577,38.274333255693364,0.011165743174863242
2.58,0.0,0.00029322074899896746,38.27050375216509,0.011221705774777936
2.59,0.0,0.00029471922812232066,38.266674640573115,0.011277924812877985
2.6,0.0,0.00029622486168409933,38.26284592614151,0.011334406242111569
2.61,0.0,0.00029773776664171334,38.259017612536084,0.011391154457862767
2.62,0.0,0.0002992579127549427,38.25518969778744,0.011448168221004557
2.63,0.0,0.0003007851604288629,38.251362175741704,0.011505442108653306
2.64,0.0,0.0003023195839547834,38.247535048429455,0.011562978883137492
2.65,0.0,0.0003038611992969625,38.243708315648156,0.011620779074356371
2.66,0.0,0.0003054100582218615,38.23988197856383,0.011678844581470598
2.67,0.0,0.0003069660508644143,38.23605603215895,0.011737171120822606
2.68,0.0,0.00030852932943939014,38.23223048143997,0.011795764433411194
2.69,0.0,0.0003101000488214977,38.228405331512036,0.011854630359670194
2.7,0.0,0.0003116781313743762,38.2245805785869,0.01191376584730355
2.71,0.0,0.00031326356027985326,38.220756221201995,0.011973170170442402
2.72,0.0,0.0003148563027855481,38.216932257285215,0.012032841994334891
2.73,0.0,0.0003164563057958948,38.213108683986604,0.012092779207111746
2.74,0.0,0.00031806360120631427,38.20928550170485,0.012152982946192775
2.75,0.0,0.00031967820981204474,38.20546271041317,0.012213453924306034
2.7600000000000002,0.0,0.00032130027631405313,38.201640314818825,0.012274197588801682
2.77,0.0,0.00032293001647530937,38.197818322341405,0.012335222100154907
2.7800000000000002,0.0,0.0003245671080360104,38.19399671984074,0.012396515059695903
2.79,0.0,0.0003262116418634725,38.19017550996337,0.012458079856159656
2.8000000000000003,0.0,0.00032786386488207174,38.18635470131496,0.012519925838131121
2.81,0.0,0.00032952365200873153,38.18253428828797,0.012582048141625595
2.82,0.0,0.00033119087525815066,38.17871426516521,0.01264444179371124
2.83,0.0,0.0003328655780585766,38.17489463277663,0.012707108369264778
2.84,0.0,0.00033454787962207107,38.17107539484461,0.012770052336239807
2.85,0.0,0.00033623787743175564,38.16725655425941,0.012833277331197785
2.86,0.0,0.00033793546220761456,38.16343810601576,0.012896779095788465
2.87,0.0,0.00033964092204827247,38.15962006027832,0.012960568542285025
2.88,0.0,0.0003413540634089658,38.15580240882301,0.01302463819488168
2.89,0.0,0.0003430747392463587,38.151985145202715,0.013088982355421715
2.9,0.0,0.00034480300126169916,38.1481682705563,0.01315360291232448
2.91,0.0,0.0003465388572544391,38.14435178434593,0.013218500078058911
2.92,0.0,0.00034828236610359996,38.140535687981966,0.013283676013869504
2.93,0.0,0.000350033601806473,38.136719983449964,0.013349133456892238
2.94,0.0,0.0003517925546408359,38.13290466954015,0.013414871949573344
2.95,0.0,0.00035355930352753474,38.12908974842334,0.013480894415591775
2.96,0.0,0.000355333803876006,38.12527521755793,0.013547199066874837
2.97,0.0,0.0003571160506142632,38.12146107590941,0.013613785623074488
2.98,0.0,0.0003589060065753175,38.11764732121887,0.013680652580105371
2.99,0.0,0.00036070384401726475,38.11383395921223,0.013747806419323978
3.0,0.0,0.0003625095287865116,38.110020987742956,0.01381524575031113
3.0100000000000002,0.0,0.00036432308951804006,38.10620840705797,0.013882971576678036
3.02,0.0,0.0003661445371102229,38.102396216727016,0.013950984225564188
3.0300000000000002,0.0,0.00036797389443033623,38.09858441677525,0.01401928448012408
3.04,0.0,0.00036981112804816945,38.09477300508145,0.014087870977748496
3.0500000000000003,0.0,0.0003716562271199898,38.0909619803849,0.014156743217001198
3.06,0.0,0.00037350925242732135,38.08715134415348,0.014225903425641388
3.0700000000000003,0.0,0.00037537021715586396,38.083341096040265,0.014295352017241848
3.08,0.0,0.00037723929638503996,38.079531241864665,0.014365095572353551
3.09,0.0,0.00037911631916787614,38.075721774262675,0.014435127488718998
3.1,0.0,0.0003810012882562528,38.0719126924878,0.014505447782217816
3.11,0.0,0.0003828942857087563,38.068103998813115,0.01457605948891258
3.12,0.0,0.0003847954296652859,38.0642956968838,0.014646967017589281
3.13,0.0,0.0003867047123823845,38.06048778554967,0.01471816998224463
3.14,0.0,0.00038862210817001286,38.05668026297674,0.01478966731375053
3.15,0.0,0.00039054760632758876,38.052873127901485,0.01486145851398974
3.16,0.0,0.0003924812291043248,38.04906638031413,0.014933544339218126
3.17,0.0,0.00039442305859614023,38.045260022481756,0.015005927823153109
3.18,0.0,0.00039637313003173077,38.04145405488603,0.015078610214693849
3.19,0.0,0.00039833152965818805,38.03764847994889,0.015151594703618893
3.2,0.0,0.000400298252840419,38.03384329663243,0.015224881020448645
3.21,0.0,0.00040227317968047306,38.03003849951303,0.015298464510570316
3.22,0.0,0.0004042562802383631,38.02623408659039,0.015372343943318685
3.23,0.0,0.00040624763938551,38.0224300602313,0.015446522455670028
3.24,0.0,0.00040824735228890625,38.01862642319226,0.0155210035749297
3.25,0.0,0.00041025541101595466,38.0148231743069,0.015595786906074525
3.2600000000000002,0.0,0.0004122717826252089,38.01102031145734,0.015670871103207952
3.27,0.0,0.0004142965159493742,38.00721783563495,0.015746257930232887
3.2800000000000002,0.0,0.0004163296315170465,38.0034157467537,0.01582194807423551
3.29,0.0,0.00041837126412447756,37.99961404907065,0.015897946565952364
3.3000000000000003,0.0,0.0004204213089285858,37.99581273773114,0.01597424932500278
3.31,0.0,0.0004224797905756665,37.992011812803185,0.01605085719422176
3.3200000000000003,0.0,0.0004245467027728601,37.988211273178024,0.01612776984026695
3.33,0.0,0.0004266220749125782,37.98441111910252,0.01620498828596435
3.34,0.0,0.000428705942297241,37.980611351047095,0.016282513778276362
3.35,0.0,0.00043079827354178897,37.97681196694743,0.016360345029982536
3.36,0.0,0.0004328991248274609,37.973012968065724,0.01643848408093791
3.37,0.0,0.0004350084671116483,37.969214352425496,0.016516929732882647
3.38,0.0,0.00043712638966049287,37.96541612254377,0.016595685281606265
3.39,0.0,0.0004392529095194022,37.96161827819289,0.016674751278761585
3.4,0.0,0.00044138798994764595,37.95782081710185,0.016754126233253938
3.41,0.0,0.00044353182119356214,37.954023745618684,0.016833817273518403
3.42,0.0,0.00044568449084806625,37.950227066190436,0.016913827627564035
3.43,0.0,0.0004478457823151849,37.94643076971431,0.016994148974132157
3.44,0.0,0.0004500157562684787,37.9426348576153,0.017074783520268942
3.45,0.0,0.0004521944551071795,37.93883933062338,0.017155732778510523
3.46,0.0,0.00045438185771220363,37.93504418705663,0.01723699585010978
3.47,0.0,0.0004565779736293022,37.931249426396676,0.017318573000332283
3.48,0.0,0.00045878286676480026,37.927455050187135,0.017400466557018414
3.49,0.0,0.0004609965336594978,37.923661057414265,0.017482676291146124
3.5,0.0,0.0004632190776057478,37.91986745111372,0.017565206023637578
3.5100000000000002,0.0,0.0004654504451131978,37.91607422837178,0.017648053626541156
3.52,0.0,0.00046769071371224955,37.91228139124459,0.017731221942331288
3.5300000000000002,0.0,0.0004699398928683688,37.90848893920522,0.017814711230892316
3.54,0.0,0.0004721979520002589,37.904696870207395,0.017898520233303027
3.5500000000000003,0.0,0.0004744650210531248,37.90090518829179,0.017982653778095825
3.56,0.0,0.00047674121439614833,37.89711389690605,0.018067116101320616
3.5700000000000003,0.0,0.00047902646413920284,37.89332299258595,0.018151904527623684
3.58,0.0,0.00048132077147156294,37.889532474486415,0.01823701900131712
3.59,0.0,0.00048362420518561583,37.88574234432424,0.018322462029141326
3.6,0.0,0.0004859366741889528,37.881952597755074,0.018408230057137147
3.61,0.0,0.00048825824524218055,37.87816323641751,0.018494325514810575
3.62,0.0,0.000490588876374781,37.87437425782851,0.01858074671054651
3.63,0.0,0.0004929287060332026,37.87058566634103,0.018667498789229527
3.64,0.0,0.0004952776963152351,37.866797459624465,0.0187545802126389
3.65,0.0,0.0004976358134767071,37.86300963550575,0.0188419896006418
3.66,0.0,0.0005000030745499413,37.85922219373522,0.01892972749693748
3.67,0.0,0.0005023796729693239,37.85543514074355,0.0190178011261187
3.68,0.0,0.000504765466731372,37.851648470254844,0.019106205006640516
3.69,0.0,0.000507160514050831,37.847862183576495,0.019194941240748168
3.7,0.0,0.0005095649958698841,37.84407628666143,0.01928401657671272
3.71,0.0,0.0005119787039796392,37.8402907707263,0.019373423027009666
3.72,0.0,0.0005144018523842584,37.836505642973684,0.019463168590493622
3.73,0.0,0.0005168344371178703,37.83272090235184,0.019553253012205014
3.74,0.0,0.0005192765167348813,37.828936550174944,0.0196436784035602
3.75,0.0,0.0005217281238300844,37.82515258677343,0.019734445892684485
3.7600000000000002,0.0,0.0005241891398682207,37.821369006757806,0.019825550888291483
3.77,0.0,0.0005266596453146376,37.81758581226961,0.019916996330546312
3.7800000000000002,0.0,0.0005291396512768271,37.81380300282465,0.020008782534365804
3.79,0.0,0.0005316291153277959,37.810020575912894,0.020100907789298864
3.8000000000000003,0.0,0.0005341280683551512,37.806238531797746,0.020193373158763753
3.81,0.0,0.0005366365415921012,37.80245687075477,0.02028617971880694
3.8200000000000003,0.0,0.0005391545603188856,37.7986755928335,0.020379328319890876
3.83,0.0,0.0005416820816627307,37.7948946955054,0.020472817234885605
3.84,0.0,0.0005442191599216327,37.79111417991635,0.02056664841149712
3.85,0.0,0.0005467658157963707,37.787334045940725,0.0206608225263993
3.86,0.0,0.0005493220353016191,37.78355429214092,0.020755338944688628
3.87,0.0,0.0005518878697964025,37.779774919549126,0.02085019950173807
3.88,0.0,0.0005544633742346468,37.77599592933224,0.02094540616805239
3.89,0.0,0.0005570485564009587,37.77221732087324,0.021040959130656282
3.9,0.0,0.0005596434252519268,37.76843909359886,0.021136858620761007
3.91,0.0,0.0005622480920493874,37.76466125080097,0.02123310873515484
3.92,0.0,0.0005648625869288306,37.760883792704256,0.021329710503866443
3.93,0.0,0.0005674868171491604,37.75710671489044,0.021426660314394934
3.94,0.0,0.0005701208089951202,37.7533300174384,0.021523959051802308
3.95,0.0,0.0005727646638454622,37.74955370326259,0.021621610437165997
3.96,0.0,0.0005754183219311141,37.74577776918943,0.02171961210393231
3.97,0.0,0.0005780818256017641,37.74200221590216,0.021817965542835126
3.98,0.0,0.0005807552673353397,37.738227045975904,0.021916674136848065
3.99,0.0,0.0005834387038488873,37.7344522606338,0.022015739917392484
4.0,0.0,0.0005861320672959319,37.73067785639512,0.0221151602124463
4.01,0.0,0.000588835355883357,37.726903832273194,0.02221493484445436
4.0200000000000005,0.0,0.0005915486109445228,37.723130188908826,0.022315065263729006
4.03,0.0,0.0005942718155727866,37.71935692474375,0.02241555072190602
4.04,0.0,0.0005970050303487281,37.71558404114374,0.022516393395103626
4.05,0.0,0.0005997482508429551,37.711811537020225,0.022617593005447655
4.0600000000000005,0.0,0.0006025015114247147,37.70803941274818,0.022719150739044094
4.07,0.0,0.0006052648280529696,37.704267668007155,0.022821067086940098
4.08,0.0,0.0006080382190188032,37.70049630256404,0.022923342627936622
4.09,0.0,0.0006108217145817577,37.69672531663654,0.023025978392026095
4.1,0.0,0.0006136153254098658,37.69295470970262,0.02312897466985412
4.11,0.0,0.000616419087525949,37.68918448219593,0.02323233270811299
4.12,0.0,0.0006192330181124301,37.68541463383871,0.023336053042530905
4.13,0.0,0.0006220571820907722,37.68164516615267,0.02344013800860192
4.14,0.0,0.0006248916068960113,37.67787607924484,0.02354458852758872
4.15,0.0,0.000627736287595564,37.67410737200136,0.02364940430017743
4.16,0.0,0.0006305912558279482,37.67033904468653,0.0237545864056541
4.17,0.0,0.000633456517837477,37.66657109660677,0.02386013496573492
4.18,0.0,0.0006363321610201776,37.66280353012637,0.023966053160404323
4.19,0.0,0.0006392181415364981,37.6590363426626,0.02407233922301287
4.2,0.0,0.0006421145646179346,37.65526953725001,0.024178997004482908
4.21,0.0,0.0006450214424091203,37.65150311341405,0.02428602684708646
4.22,0.0,0.0006479387581523417,37.6477370695909,0.02439342800411726
4.23,0.0,0.0006508664986969108,37.643971404352484,0.024501199864998182
4.24,0.0,0.0006538046751764494,37.640206117185244,0.024609342734021558
4.25,0.0,0.0006567533268002491,37.6364412086325,0.02471785797269204
4.26,0.0,0.0006597124866234543,37.632676679004874,0.024826746710203445
4.2700000000000005,0.0,0.0006626822261512513,37.62891253006,0.02493601152307154
4.28,0.0,0.0006656626319603819,37.62514876412158,0.02504565555422675
4.29,0.0,0.0006686536088573287,37.62138537666867,0.025155675102322507
4.3,0.0,0.0006716551786925344,37.6176223675873,0.0252660708732908
4.3100000000000005,0.0,0.0006746673584820578,37.61385973658088,0.02537684339079433
4.32,0.0,0.000677690162393582,37.61009748324503,0.02548799307105945
4.33,0.0,0.0006807236269355482,37.6063356080156,0.025599521170844516
4.34,0.0,0.0006837679625276932,37.602574117871555,0.02571143549037429
4.3500000000000005,0.0,0.0006868230333148976,37.598813006760025,0.025823730798343235
4.36,0.0,0.0006898888320073534,37.595052273466536,0.025936406702197913
4.37,0.0,0.0006929653737629768,37.59129191762087,0.02604946365392801
4.38,0.0,0.000696052682318598,37.58753193917494,0.026162902427999384
4.39,0.0,0.0006991508223687648,37.58377233962044,0.026276725338966765
4.4,0.0,0.0007022597918654506,37.58001311793787,0.026390932190504653
4.41,0.0,0.00070537966927749,37.57625427613512,0.026505525813987765
4.42,0.0,0.0007085104678703118,37.57249581376703,0.026620506588068117
4.43,0.0,0.0007116522921493404,37.56873773381818,0.02673587832142984
4.44,0.0,0.0007148050959138226,37.56498003360602,0.026851639155923295
4.45,0.0,0.0007179688565302393,37.56122271133421,0.026967788119935
4.46,0.0,0.0007211435754726821,37.55746576611255,0.027084325148267984
4.47,0.0,0.0007243292766496133,37.5537091978936,0.02720125101882093
4.48,0.0,0.0007275260131669873,37.54995300772651,0.02731856760631972
4.49,0.0,0.000730733800324456,37.54619719523879,0.027436275364209006
4.5,0.0,0.0007339526851946939,37.542441761251226,0.027554375939436486
4.51,0.0,0.0007371826697619779,37.53868670488977,0.027672869284469846
4.5200000000000005,0.0,0.0007404237660299846,37.5349320256565,0.027791755728116808
4.53,0.0,0.0007436760016256104,37.53117772363978,0.027911036185817355
4.54,0.0,0.0007469394172091978,37.52742379941681,0.02803071206209972
4.55,0.0,0.0007502140426483697,37.52367025315864,0.02815078435562727
4.5600000000000005,0.0,0.0007534999161635351,37.51991708534928,0.028271254378274224
4.57,0.0,0.0007567970622671229,37.51616429595722,0.028392122926711904
4.58,0.0,0.000760105475405112,37.51241188382164,0.028513389668545386
4.59,0.0,0.0007634251760881628,37.50865984875993,0.028635055249871318
4.6000000000000005,0.0,0.0007667562200834774,37.504908191912264,0.028757121639809265
4.61,0.0,0.0007700986454652022,37.50115691375369,0.02887959014266049
4.62,0.0,0.0007734524572828505,37.497406013519196,0.02900246082288993
4.63,0.0,0.0007768176648241885,37.49365549060245,0.029125733903933186
4.64,0.0,0.000780194262500604,37.48990534383863,0.029249409050954415
4.65,0.0,0.0007835822754570081,37.486155573215704,0.029373487082196552
4.66,0.0,0.0007869817927335626,37.48240618111788,0.029497971212384504
4.67,0.0,0.0007903928675916968,37.47865716858584,0.02962286331296546
4.68,0.0,0.0007938154488141688,37.474908532740855,0.0297481613361884
4.69,0.0,0.0007972495814605633,37.47116027431512,0.02987386684554021
4.7,0.0,0.000800695304568837,37.46741239381419,0.029999981178072076
4.71,0.0,0.0008041526449230239,37.46366489128341,0.030126505210836187
4.72,0.0,0.000807621645883462,37.4599177673889,0.030253440441958573
4.73,0.0,0.0008111023003570124,37.45617102090466,0.03038078647762225
4.74,0.0,0.0008145946385623905,37.452424652003096,0.030508544322684444
4.75,0.0,0.0008180986344102865,37.44867865874559,0.030636712871190228
4.76,0.0,0.0008216143275868908,37.44493304165865,0.030765293482559346
4.7700000000000005,0.0,0.0008251417296586894,37.441187800214315,0.03089428646194549
4.78,0.0,0.0008286808710840043,37.4374429345921,0.031023692822196313
4.79,0.0,0.0008322318016103049,37.433698445693494,0.031153514298397203
4.8,0.0,0.0008357945270478451,37.42995433277318,0.031283750978983435
4.8100000000000005,0.0,0.0008393690774641346,37.42621059599413,0.03141440386093885
4.82,0.0,0.0008429555186579756,37.42246723685697,0.031545475279106706
4.83,0.0,0.0008465539153819453,37.41872425682201,0.03167696752821089
4.84,0.0,0.0008501641978312308,37.414981652309685,0.03180887786330693
4.8500000000000005,0.0,0.0008537864191167191,37.41123942434358,0.031941208142829386
4.86,0.0,0.0008574206317880623,37.407497573925326,0.03207396020344632
4.87,0.0,0.0008610668420009761,37.403756100318816,0.03220713414427713
4.88,0.0,0.0008647250375898114,37.40001500210184,0.03234072937855289
4.89,0.0,0.0008683952827047379,37.39627428070858,0.032474748176100715
4.9,0.0,0.0008720776145537505,37.39253393656382,0.032609191797519615
4.91,0.0,0.0008757720358467853,37.388793968800655,0.03274406021191344
4.92,0.0,0.0008794785569126985,37.38505437683702,0.032879353673444266
4.93,0.0,0.0008831972094352044,37.38131516088955,0.03301507323511643
4.94,0.0,0.0008869280071708154,37.37757632050354,0.03315121927882016
4.95,0.0,0.0008906709575512985,37.37383785498737,0.033287791949669465
4.96,0.0,0.0008944261278895052,37.37009976588888,0.03342479363244939
4.97,0.0,0.0008981935960238408,37.36636205514844,0.033562227104643474
4.98,0.0,0.0009019733167019514,37.362624720102005,0.03370009053948163
4.99,0.0,0.0009057653446618433,37.35888776182492,0.033838385849773375
5.0,0.0,0.0009095698306246628,37.35515118498033,0.033977118536282144
5.01,0.0,0.0009133866366124568,37.35141498343586,0.03411628330443752
5.0200000000000005,0.0,0.0009172158400401561,37.347679159112815,0.03425588291347681
5.03,0.0,0.0009210574067016552,37.34394370975898,0.03439591594932412
5.04,0.0,0.0009249113676538162,37.34020863556172,0.03453638343759716
5.05,0.0,0.0009287777379594804,37.336473936110046,0.03467728580576432
5.0600000000000005,0.0,0.0009326565419003453,37.332739611337146,0.034818623825576676
5.07,0.0,0.0009365477974683362,37.32900566094066,0.034960398033437964
5.08,0.0,0.0009404515329592897,37.325272085002844,0.03510260935046445
5.09,0.0,0.0009443677650537919,37.321538883171456,0.03524525826346977
5.1000000000000005,0.0,0.0009482965188349677,37.31780605540777,0.035388345572902616
5.11,0.0,0.0009522378619908952,37.314073603263864,0.035531873670143835
5.12,0.0,0.0009561917892210269,37.31034152556482,0.03567584221977836
5.13,0.0,0.0009601583295547623,37.30660982241773,0.03582025216844485
5.14,0.0,0.0009641375023899118,37.30287849356941,0.03596510410274533
5.15,0.0,0.0009681293428460562,37.29914753935335,0.03611039919599322
5.16,0.0,0.0009721339336905386,37.29541696188113,0.03625614039978332
5.17,0.0,0.0009761513462933979,37.291686762837614,0.0364023302390966
5.18,0.0,0.0009801815129771817,37.28795693871663,0.03654896604802025
5.19,0.0,0.000984224434456364,37.28422748856535,0.03669604771407664
5.2,0.0,0.0009882801496950365,37.280498412858165,0.03684357655216603
5.21,0.0,0.000992348699342952,37.27676971213174,0.03699155393954167
5.22,0.0,0.0009964301156558442,37.273041386608824,0.0371399809397047
5.23,0.0,0.0010005243784353248,37.26931343455476,0.0372888566588202
5.24,0.0,0.001004631524960339,37.26558585637916,0.03743818234743564
5.25,0.0,0.0010087515967964456,37.26185865265087,0.037587959415466034
5.26,0.0,0.00101288465695801,37.25813182473803,0.03773819007219711
5.2700000000000005,0.0,0.0010170308218013869,37.254405375996996,0.03788887851527325
5.28,0.0,0.0010211899721632835,37.25067930100017,0.038040020158452786
5.29,0.0,0.0010253621507760765,37.24695360035789,0.03819161645352072
5.3,0.0,0.0010295473914556982,37.24322827434735,0.03834366851924445
5.3100000000000005,0.0,0.0010337458151390784,37.239503326492894,0.03849618072162085
5.32,0.0,0.001037957363225777,37.23577875362492,0.038649150732771975
5.33,0.0,0.001042182042389858,37.23205455500738,0.03880257865850925
5.34,0.0,0.0010464198830650482,37.228330730789565,0.038956465490020804
5.3500000000000005,0.0,0.0010506709322203958,37.2246072817364,0.039110812834241164
5.36,0.0,0.0010549351799723967,37.22088420649375,0.039265620179110276
5.37,0.0,0.0010592126541457564,37.2171615051124,0.03942088841760244
5.38,0.0,0.001063503367278901,37.213439177073276,0.039576617872847074
5.39,0.0,0.0010678073437557596,37.20971722229825,0.0397328093090463
5.4,0.0,0.0010721246398672994,37.20599564189723,0.03988946467847446
5.41,0.0,0.0010764553320694876,37.20227443773021,0.040046586683608165
5.42,0.0,0.0010807993674519182,37.19855360683866,0.04020417320839857
5.43,0.0,0.0010851567800112198,37.19483314950067,0.0403622253735678
5.44,0.0,0.0010895276054872424,37.19111306605879,0.04052074436426942
5.45,0.0,0.0010939118469968211,37.18739335564045,0.04067973015066706
5.46,0.0,0.0010983095514590928,37.18367401900356,0.040839184333414026
5.47,0.0,0.0011027207101525914,37.179955054834295,0.040999106441509406
5.48,0.0,0.0011071453467447147,37.17623646302436,0.04115949720951972
5.49,0.0,0.0011115835013959822,37.172518244078844,0.041320357985460306
5.5,0.0,0.0011160351930735836,37.16880039771361,0.04148168932817692
5.51,0.0,0.0011205004746725003,37.16508292490661,0.04164349305860182
5.5200000000000005,0.0,0.0011249793371942872,37.161365824332336,0.04180576869429295
5.53,0.0,0.0011294718780923308,37.157649098625356,0.041968519712921315
5.54,0.0,0.0011339781511524147,37.153932748794574,0.04213174796652036
5.55,0.0,0.0011384980885600473,37.150216771325475,0.04229545078374661
5.5600000000000005,0.0,0.0011430317321078642,37.146501166780695,0.042459629570413285
5.57,0.0,0.001147579105567544,37.142785935052096,0.04262428506163499
5.58,0.0,0.0011521402253954443,37.13907107575922,0.04278941772020381
5.59,0.0,0.001156715113701996,37.13535658873157,0.04295502821889996
5.6000000000000005,0.0,0.0011613037922059075,37.13164247378373,0.04312111721564015
5.61,0.0,0.0011659062804584754,37.12792873064946,0.043287685287480046
5.62,0.0,0.0011705226092492119,37.12421535947986,0.04345473342890921
5.63,0.0,0.0011751528158983277,37.12050236066838,0.04362226287670115
5.64,0.0,0.0011797969209864261,37.11678973398584,0.04379027424505827
5.65,0.0,0.0011844549622989167,37.11307747984205,0.04395876878718427
5.66,0.0,0.0011891269494110211,37.10936559759818,0.044127746707651405
5.67,0.0,0.0011938129132349953,37.10565408740794,0.04429720900357968
5.68,0.0,0.0011985128744556044,37.10194294904471,0.04446715629174862
5.69,0.0,0.0012032268583491983,37.09823218245215,0.04463758935920223
5.7,0.0,0.001207954888714362,37.09452178751863,0.04480850893775576
5.71,0.0,0.0012126971314455458,37.0908117694091,0.044979921035750325
5.72,0.0,0.0012174535635159035,37.08710212627109,0.045151824644108204
5.73,0.0,0.0012222241149574538,37.08339285450959,0.04532421701122377
5.74,0.0,0.0012270088286217568,37.07968395471908,0.04549709957494604
5.75,0.0,0.001231807728351627,37.07597542678781,0.045670473066893466
5.76,0.0,0.0012366208893150878,37.07226727250881,0.045844340123457714
5.7700000000000005,0.0,0.0012414483216646242,37.06855949126106,0.04601870096695257
5.78,0.0,0.0012462900058671919,37.064852081321774,0.046193554717898364
5.79,0.0,0.0012511459678557523,37.06114504265558,0.04636890218423699
5.8,0.0,0.001256016228727959,37.05743837504742,0.04654474399414706
5.8100000000000005,0.0,0.0012609008214617757,37.053732078722675,0.046721081216287236
5.82,0.0,0.0012657997762626867,37.050026153803515,0.04689791481601245
5.83,0.0,0.0012707131371394315,37.04632060092369,0.047075246270274165
5.84,0.0,0.0012756408999792877,37.042615418931604,0.04725307527059383
5.8500000000000005,0.0,0.0012805831011413625,37.03891060817667,0.04743140300951787
5.86,0.0,0.0012855397759361678,37.03520616896899,0.04761023064020746
5.87,0.0,0.0012905110697734412,37.03150210570061,0.047789563397746426
5.88,0.0,0.0012954969357096056,37.02779841562994,0.047969399383522876
5.89,0.0,0.001300497352289429,37.024095096961005,0.04814973764451112
5.9,0.0,0.001305512438328504,37.0203921530979,0.04833058242766956
5.91,0.0,0.0013105421286800205,37.016689580624444,0.0485119311596804
5.92,0.0,0.0013155864334721808,37.01298737891528,0.048693784057979306
5.93,0.0,0.001320645379764873,37.00928554797247,0.04887614196733005
5.94,0.0,0.0013257189878732364,37.005584087547774,0.04905900548220311
5.95,0.0,0.0013308072835747696,37.0018829975952,0.04924237539918246
5.96,0.0,0.0013359103038506183,36.99818227848348,0.04942625292957077
5.97,0.0,0.0013410280670110492,36.99448192988929,0.049610638592515965
5.98,0.0,0.0013461605955099678,36.99078195164259,0.04979553306040391
5.99,0.0,0.001351307915272266,36.98708234370167,0.0499809371338725
6.0,0.0,0.0013564701711218919,36.98338311042782,0.05016685601646988
6.01,0.0,0.001361647331545547,36.97968424965056,0.05035328837993494
6.0200000000000005,0.0,0.0013668393687691419,36.975985759338414,0.050540233034912264
6.03,0.0,0.0013720463017966465,36.97228763919226,0.050727690524316985
6.04,0.0,0.001377268164982975,36.96858988948109,0.050915661959095165
6.05,0.0,0.0013825049904578536,36.96489251039111,0.05110414836735523
6.0600000000000005,0.0,0.0013877568100732116,36.96119550209795,0.05129315076648518
6.07,0.0,0.001393023647503753,36.95749886447419,0.05148266987080704
6.08,0.0,0.001398305550455863,36.953802598281555,0.05167270728362879
6.09,0.0,0.0014036025051385606,36.95010670200564,0.05186326233207364
6.1000000000000005,0.0,0.001408914537563432,36.94641117560501,0.052054335816107355
6.11,0.0,0.001414241687474567,36.94271601954594,0.052245929043377784
6.12,0.0,0.0014195839807053762,36.939021233779776,0.052438042806410935
6.13,0.0,0.0014249414296785762,36.93532681776152,0.05263067740134798
6.140000000000001,0.0,0.0014303141435280443,36.93163277452295,0.05282383670098548
6.15,0.0,0.0014357021018908626,36.927939102305544,0.05301751978767928
6.16,0.0,0.0014411052945235963,36.92424579972531,0.05321172611827625
6.17,0.0,0.0014465237496995111,36.9205528668227,0.053406456573896866
6.18,0.0,0.0014519575059619104,36.916860304017575,0.05360171241496707
6.19,0.0,0.001457406619926478,36.91316811239746,0.05379749556946849
6.2,0.0,0.0014628710823612137,36.90947629061525,0.05399380553063935
6.21,0.0,0.0014683509227854477,36.90578483875637,0.05419064322411057
6.22,0.0,0.001473846153597766,36.90209375627323,0.05438800894238892
6.23,0.0,0.0014793568194334816,36.89840304380945,0.05458590416906613
6.24,0.0,0.001484882927828299,36.8947127006374,0.05478432901630788
6.25,0.0,0.0014904245048335206,36.891022726713494,0.05498328428026561
6.26,0.0,0.0014959815847051395,36.887333122297065,0.055182771059841845
6.2700000000000005,0.0,0.0015015541939967143,36.8836438873626,0.0553827901689521
6.28,0.0,0.001507142385765338,36.87995502286329,0.055583343400078054
6.29,0.0,0.0015127462031305013,36.87626652938471,0.05578443217795662
6.3,0.0,0.001518365621445678,36.87257840500948,0.05598605542422822
6.3100000000000005,0.0,0.0015240006765830038,36.86889065005539,0.05618821429555072
6.32,0.0,0.0015296514102825052,36.86520326505655,0.0563909101647465
6.33,0.0,0.001535317874890816,36.861516250938216,0.056594144795645285
6.34,0.0,0.0015410000506765615,36.857829605964326,0.05679791729062064
6.3500000000000005,0.0,0.0015466979641668265,36.85414333010674,0.05700222845979007
6.36,0.0,0.0015524116436635579,36.85045742340262,0.05720707917841997
6.37,0.0,0.001558141125466683,36.84677188618406,0.05741247061655452
6.38,0.0,0.0015638864326965232,36.84308671829646,0.057618403457406875
6.390000000000001,0.0,0.0015696475905378022,36.83940191966129,0.057824878460051604
6.4,0.0,0.001575424609597373,36.83571748966199,0.05803189584539144
6.41,0.0,0.0015812175160774757,36.83203342825734,0.0582394564095132
6.42,0.0,0.0015870264256767279,36.8283497387072,0.05844756424939454
6.43,0.0,0.0015928514378303086,36.824666423670166,0.05865622286056611
6.44,0.0,0.0015986924233113485,36.82098347737055,0.05886542730414625
6.45,0.0,0.001604549405026599,36.81730089964486,0.05907517825321204
6.46,0.0,0.0016104224897890232,36.81361869342331,0.059285479474408105
6.47,0.0,0.0016163116385844332,36.80993685625825,0.059496329356329904
6.48,0.0,0.0016222168625043584,36.806255387549975,0.059707728135327084
6.49,0.0,0.0016281381860008058,36.80257428719135,0.059919676540109254
6.5,0.0,0.001634075667696076,36.79889355633454,0.06013217655854583
6.51,0.0,0.0016400293561187197,36.79521319575913,0.06034522980569351
6.5200000000000005,0.0,0.0016459992264448756,36.791533203541036,0.060558835192751154
6.53,0.0,0.0016519853004884487,36.787853579475225,0.06077299334981609
6.54,0.0,0.001657987619975526,36.78417432409029,0.06098770564036497
6.55,0.0,0.0016640061966957669,36.780495436811535,0.061202972324396435
6.5600000000000005,0.0,0.0016700410695637826,36.77681691806353,0.06141879466099591
6.57,0.0,0.0016760922527109048,36.773138767357665,0.06163517299583289
6.58,0.0,0.001682159785651216,36.76946098514023,0.061852108609275924
6.59,0.0,0.0016882437216868293,36.76578357236493,0.06206960328894355
6.6000000000000005,0.0,0.0016943440478952069,36.76210652754634,0.06228765638303936
6.61,0.0,0.001700460796872269,36.7584298508754,0.06250626891599469
6.62,0.0,0.0017065939999548712,36.75475354249656,0.06272544186544639
6.63,0.0,0.0017127438764983644,36.7510776094757,0.06294518313034737
6.640000000000001,0.0,0.001718910262708962,36.747402044772016,0.06316548650265263
6.65,0.0,0.0017250931690256691,36.74372684776017,0.06338635218961788
6.66,0.0,0.0017312926217722883,36.74005201839957,0.06360778098298697
6.67,0.0,0.001737508665657092,36.73637755732602,0.06382977435070641
6.68,0.0,0.0017437413192222515,36.73270346421215,0.06405233279728681
6.69,0.0,0.0017499906016766739,36.72902973875509,0.06427545685152622
6.7,0.0,0.0017562565833675273,36.72535638253332,0.06449914892334455
6.71,0.0,0.0017625392663451916,36.72168339461223,0.064723408909302
6.72,0.0,0.0017688386885918598,36.718010775379085,0.06494823802762509
6.73,0.0,0.0017751549347321737,36.71433852693639,0.06517363921152047
6.74,0.0,0.001781487951484725,36.71066664631404,0.0653996103213824
6.75,0.0,0.0017878377700150372,36.70699513364832,0.06562615232369642
6.76,0.0,0.0017942044150033622,36.70332398883686,0.0658532659460717
6.7700000000000005,0.0,0.001800587942716837,36.699653212938514,0.06608095307710812
6.78,0.0,0.0018069884387910578,36.695982808091316,0.06630921668429823
6.79,0.0,0.0018134058762626993,36.69231277229336,0.06653805559494749
6.8,0.0,0.0018198402381632143,36.68864310391071,0.06676746900410785
6.8100000000000005,0.0,0.0018262915431062673,36.68497380261769,0.06699745741479748
6.82,0.0,0.001832759825426063,36.68130486866633,0.06722802190749894
6.83,0.0,0.0018392451615504817,36.677636303855216,0.06745916510897584
6.84,0.0,0.0018457475245097902,36.673968106183146,0.0676908858459404
6.8500000000000005,0.0,0.001852266982763101,36.67030027715546,0.06792318645138551
6.86,0.0,0.0018588035920000438,36.66663281780776,0.06815606878828961
6.87,0.0,0.0018653573390253898,36.6629657266449,0.06838953218863526
6.88,0.0,0.0018719282398624235,36.659299003245394,0.06862357705773732
6.890000000000001,0.0,0.0018785162973184541,36.655632646702415,0.06885820331535075
6.9,0.0,0.001885121538521336,36.651966657002504,0.06909341177428316
6.91,0.0,0.0018917439883234298,36.64830103404855,0.06932920316343058
6.92,0.0,0.0018983836722224964,36.64463577776711,0.0695655782350553
6.93,0.0,0.0019050406298507805,36.64097088860356,0.06980253825997135
6.94,0.0,0.0019117149314678502,36.637306368127284,0.070040085632713
6.95,0.0,0.001918406553063634,36.63364221444696,0.07027821928678554
6.96,0.0,0.0019251155426306481,36.62997842831439,0.07051694079857532
6.97,0.0,0.00193184191275558,36.62631500918175,0.07075625044452802
6.98,0.0,0.001938585677388211,36.622651956551394,0.07099614855094581
6.99,0.0,0.0019453468794938902,36.61898927099034,0.07123663650854326
7.0,0.0,0.0019521255294815858,36.61532695187098,0.07147771451306448
7.01,0.0,0.001958921659130124,36.61166499934977,0.0717193835440445
7.0200000000000005,0.0,0.0019657352873150417,36.608003413109756,0.0719616441073013
7.03,0.0,0.0019725664406505124,36.604342193117894,0.07220449699223391
7.04,0.0,0.0019794151529743615,36.600681339605984,0.07244794325280401
7.05,0.0,0.0019862814631592396,36.59702085299033,0.07269198412714883
7.0600000000000005,0.0,0.0019931653772154684,36.5933607324821,0.07293661964794138
7.07,0.0,0.002000066921570847,36.58970097804122,0.07318185059635073
7.08,0.0,0.0020069861300858784,36.586041589900134,0.07342767802567668
7.09,0.0,0.0020139230305367636,36.58238256806807,0.07367410276574093
7.1000000000000005,0.0,0.0020208776643062653,36.57872391305297,0.07392112614471624
7.11,0.0,0.002027850042303608,36.57506562424568,0.07416874837338587
7.12,0.0,0.0020348401886084067,36.57140770151992,0.07441697014503776
7.13,0.0,0.0020418481313939194,36.56775014489936,0.07466579230264453
7.140000000000001,0.0,0.0020488738893206762,36.56409295405915,0.07491521534026796
7.15,0.0,0.0020559174954211164,36.56043612920101,0.07516524027825269
7.16,0.0,0.0020629789894184947,36.556779670771704,0.07541586838160524
7.17,0.0,0.0020700583802828127,36.553123578091316,0.07566709978834328
7.18,0.0,0.002077155697750538,36.54946785124072,0.07591893539695686
7.19,0.0,0.0020842709638223397,36.54581249001749,0.07617137582224134
7.2,0.0,0.0020914042087147883,36.54215749452007,0.07642442197956001
7.21,0.0,0.002098555453620346,36.53850286451644,0.0766780744534557
7.22,0.0,0.0021057247269508153,36.53484860003898,0.07693233409250856
7.23,0.0,0.002112912064425593,36.53119470138755,0.07718720201244417
7.24,0.0,0.002120117507734871,36.52754116908045,0.07744267954707587
7.25,0.0,0.002127341074307455,36.52388800274777,0.07769876714165275
7.26,0.0,0.002134582773304328,36.52023520171717,0.07795546493860991
7.2700000000000005,0.0,0.002141842631158397,36.51658276594857,0.0782127737123348
7.28,0.0,0.002149120693020997,36.5129306960869,0.07847069492180406
7.29,0.0,0.0021564171402601675,36.5092789977607,0.07872923500931389
7.3,0.0,0.0021637319238591414,36.50562766816793,0.07898839198613267
7.3100000000000005,0.0,0.00217106500027644,36.501976704707836,0.0792481640644993
7.32,0.0,0.0021784163820304067,36.49832610683118,0.0795085515078113
7.33,0.0,0.002185786100084835,36.49467587466361,0.07976955525394328
7.34,0.0,0.0021931742187829457,36.49102600955146,0.08003117746108837
7.3500000000000005,0.0,0.0022005807406701105,36.487376510580745,0.08029341802676518
7.36,0.0,0.002208005667231888,36.48372737679908,0.08055627680971778
7.37,0.0,0.0022154490184029736,36.480078607929016,0.08081975434320188
7.38,0.0,0.0022229108206174037,36.476430203930775,0.08108385139781543
7.390000000000001,0.0,0.002230391108950751,36.47278216508053,0.08134856905969538
7.4,0.0,0.0022378899127471798,36.46913449144489,0.08161390820502701
7.41,0.0,0.0022454073100150393,36.46548718486902,0.08187987148816689
7.42,0.0,0.0022529432735076188,36.46184024335095,0.08214645771596918
7.43,0.0,0.0022604978227503407,36.45819366659862,0.0824136674047587
7.44,0.0,0.002268070988728122,36.45454745473876,0.08268150148930785
7.45,0.0,0.0022756628036334674,36.45090160794224,0.08294996094809978
7.46,0.0,0.0022832732864467562,36.44725612589726,0.0832190462765464
7.47,0.0,0.002290902472257842,36.443611008880595,0.08348875855824994
7.48,0.0,0.002298550395877483,36.43996625715877,0.08375909886615672
7.49,0.0,0.0023062171146064387,36.43632187181961,0.0840300690941016
7.5,0.0,0.0023139026066542603,36.432677851062394,0.08430166824697052
7.51,0.0,0.00232160690173774,36.429034194967834,0.08457389721067979
7.5200000000000005,0.0,0.0023293300355761498,36.42539090383583,0.08484675708990942
7.53,0.0,0.002337072046755543,36.421747978070876,0.085120249093527
7.54,0.0,0.0023448329320196874,36.41810541654998,0.0853943729024933
7.55,0.0,0.0023526127220878353,36.41446321939071,0.0856691294379405
7.5600000000000005,0.0,0.002360411491689851,36.41082138831696,0.08594452122685232
7.57,0.0,0.002368229221731174,36.407179921628,0.08622054737122628
7.58,0.0,0.0023760660235256233,36.40353882238248,0.08649721173196137
7.59,0.0,0.0023839218849456326,36.39989808913395,0.08677451366447952
7.6000000000000005,0.0,0.0023917967825441665,36.396257720023605,0.08705245211140314
7.61,0.0,0.0023996907608809922,36.392617715674305,0.08733102849657995
7.62,0.0,0.002407603843497225,36.38897807594207,0.0876102434765768
7.63,0.0,0.0024155360432530975,36.38533880029344,0.08789009731808664
7.640000000000001,0.0,0.002423487392879725,36.381699888919954,0.08817059101233363
7.65,0.0,0.0024314579281803487,36.37806134212519,0.08845172566214379
7.66,0.0,0.0024394476613862418,36.37442315935317,0.0887335015103601
7.67,0.0,0.0024474566233415812,36.370785340726826,0.08901591947829922
7.68,0.0,0.002455484874335517,36.36714788744263,0.08929898156034069
7.69,0.0,0.0024635324054602045,36.36351079817419,0.08958268722760665
7.7,0.0,0.002471599237260192,36.35987407266928,0.08986703702488849
7.71,0.0,0.002479685397703684,36.3562377109464,0.09015203176728029
7.72,0.0,0.002487790910039293,36.35260171285216,0.09043767209751494
7.73,0.0,0.002495915815801018,36.34896607889961,0.09072395932434274
7.74,0.0,0.0025040601258465344,36.34533080848399,0.09101089363822885
7.75,0.0,0.002512223865438693,36.341695901525725,0.09129847575433098
7.76,0.0,0.002520407090905185,36.338061359076974,0.09158670751916784
7.7700000000000005,0.0,0.0025286099082466947,36.33442718399911,0.09187559258793074
7.78,0.0,0.0025368322395099858,36.330793372452355,0.0921651279142154
7.79,0.0,0.002545074108273018,36.32715992429617,0.09245531415042195
7.8,0.0,0.0025533355801391168,36.32352684092063,0.09274615347906341
7.8100000000000005,0.0,0.0025616166692123145,36.31989412184015,0.09303764620653465
7.82,0.0,0.0025699173753167366,36.316261766049514,0.0933297921191241
7.83,0.0,0.0025782377335742323,36.31262977382906,0.0936225922881998
7.84,0.0,0.0025865778452617842,36.30899814786737,0.0939160501929275
7.8500000000000005,0.0,0.0025949376532721077,36.30536688508706,0.09421016354597331
7.86,0.0,0.0026033171816594288,36.30173598536595,0.09450493301477017
7.87,0.0,0.0026117164701434724,36.298105449152175,0.09480035983655788
7.88,0.0,0.002620135565951751,36.29447527716701,0.09509644552126445
7.890000000000001,0.0,0.0026285744651542296,36.29084546827018,0.09539318971675571
7.9,0.0,0.002637033202264891,36.287216022720656,0.09569059346967555
7.91,0.0,0.0026455118220286293,36.283586941149665,0.09598865819841768
7.92,0.0,0.002654010445877191,36.27995822697794,0.09628738811039025
7.930000000000001,0.0,0.0026625290268797097,36.27632987750121,0.0965867812875133
7.94,0.0,0.0026710675397714372,36.272701890804335,0.09688683660033617
7.95,0.0,0.0026796260246579697,36.269074267350305,0.09718755529704726
7.96,0.0,0.0026882044976025226,36.265447006727825,0.09748893775105437
7.97,0.0,0.002696803015044424,36.26182010999399,0.09779098580363302
7.98,0.0,0.0027054216503988636,36.25819357882281,0.098093701912503
7.99,0.0,0.002714060411765589,36.25456741251345,0.09839708615999228
8.0,0.0,0.0027227193367354674,36.25094161143745,0.09870113970033186
8.01,0.0,0.002731398378628305,36.24731617290341,0.09900586062429864
8.02,0.0,0.0027400975637147345,36.24369109687237,0.09931124967457214
8.03,0.0,0.0027488169182604636,36.240066383305326,0.09961730759331472
8.040000000000001,0.0,0.0027575564687559243,36.23644203217164,0.09992403513051673
8.05,0.0,0.0027663162526901297,36.23281804384045,0.1002314334354428
8.06,0.0,0.002775096308643277,36.22919441872061,0.10053950369651396
8.07,0.0,0.002783896706757306,36.22557115836749,0.10084824824818447
8.08,0.0,0.002792717417803835,36.22194826072658,0.10115766581452323
8.09,0.0,0.0028015584563590317,36.21832572533532,0.10146775671098184
8.1,0.0,0.0028104198487110387,36.21470355215682,0.1017785216781705
8.11,0.0,0.0028193016293747127,36.211081741453114,0.1020899617551025
8.120000000000001,0.0,0.0028282038352356207,36.2074602935724,0.10240207806642576
8.13,0.0,0.00283712647634139,36.203839207888535,0.10271487076190991
8.14,0.0,0.0028460695895519343,36.20021848474918,0.1030283409645833
8.15,0.0,0.002855033189920145,36.19659812371043,0.10334248900539739
8.16,0.0,0.0028640173129121926,36.192978125069686,0.10365731595605472
8.17,0.0,0.0028730220079047214,36.18935848962927,0.10397282339266134
8.18,0.0,0.0028820473012189187,36.185739217354765,0.10428901205399178
8.19,0.0,0.002891093197172787,36.182120307413456,0.10460588188005329
8.2,0.0,0.0029001597102102706,36.178501759340605,0.10492343317821393
8.21,0.0,0.0029092468696959458,36.17488357321312,0.10524166679698849
8.22,0.0,0.002918354701132152,36.171265748968004,0.1055605834444041
8.23,0.0,0.002927483230640203,36.16764828656489,0.10588018385061453
8.24,0.0,0.0029366324807586584,36.164031185833736,0.10620046861549134
8.25,0.0,0.0029458024776357924,36.16041444673566,0.10652143846953395
8.26,0.0,0.0029549932502034313,36.15679806933292,0.1068430942438502
8.27,0.0,0.0029642048538075587,36.1531820546458,0.10716543772697237
8.28,0.0,0.0029734372827947314,36.1495664014827,0.10748846849503542
8.290000000000001,0.0,0.0029826905816624353,36.14595111047089,0.10781218794243536
8.3,0.0,0.002991964837219783,36.142336183771434,0.10813659899682336
8.31,0.0,0.0030012600340899383,36.13872161984084,0.10846170088073331
8.32,0.0,0.0030105761650289615,36.135107417431186,0.10878749311168258
8.33,0.0,0.0030199132554681084,36.13149357647937,0.1091139763914739
8.34,0.0,0.0030292713497128607,36.12788009760655,0.10944115210554403
8.35,0.0,0.003038650464075459,36.124266980419506,0.10976902062444056
8.36,0.0,0.003048050635378649,36.12065422526855,0.11009758306162534
8.370000000000001,0.0,0.0030574719158687758,36.11704183306284,0.11042684108885044
8.38,0.0,0.003066914363728742,36.11342980492651,0.11075679659224186
8.39,0.0,0.003076377928985445,36.10981813806595,0.11108744753962746
8.4,0.0,0.0030858626370812428,36.10620683242018,0.111418794630896
8.41,0.0,0.0030953685181780524,36.10259588809946,0.11175083873653056
8.42,0.0,0.003104895590421992,36.09898530477908,0.11208358029151996
8.43,0.0,0.0031144438798470873,36.09537508242031,0.1124170200162321
8.44,0.0,0.00312401341295093,36.09176522100148,0.11275115864748765
8.45,0.0,0.0031336042257017523,36.088155720844036,0.11308599726462287
8.46,0.0,0.003143216346713075,36.084546582003284,0.11342153668028529
8.47,0.0,0.0031528498284273112,36.08093780539727,0.11375777856924643
8.48,0.0,0.0031625046614495852,36.07732938970598,0.11409472236760045
8.49,0.0,0.0031721808840367073,36.07372133533455,0.11443236923601854
8.5,0.0,0.003181878512639717,36.070113641899184,0.11477071954563493
8.51,0.0,0.0031915975774329543,36.06650630951303,0.11510977416391535
8.52,0.0,0.0032013381104260357,36.062899338355834,0.1154495340243396
8.53,0.0,0.003211100176355305,36.059292729791466,0.11579000124388417
8.540000000000001,0.0,0.003220883758116931,36.05568648222321,0.11613117497835215
8.55,0.0,0.0032306888720432907,36.05208059526456,0.11647305559313231
8.56,0.0,0.003240515547903068,36.04847506901535,0.11681564393934363
8.57,0.0,0.003250363815703973,36.044869903584285,0.11715894087637077
8.58,0.0,0.0032602336906432518,36.041265098544756,0.11750294672768366
8.59,0.0,0.0032701251986353838,36.03766065385811,0.11784766220405558
8.6,0.0,0.0032800383830346724,36.034056570116434,0.11819308864642791
8.61,0.0,0.003289973271591568,36.03045284734786,0.11853922683111806
8.620000000000001,0.0,0.003299929874573754,36.02684948494882,0.11888607690215798
8.63,0.0,0.003309908226304986,36.0232464831857,0.11923363987291183
8.64,0.0,0.0033199083580166696,36.019643842213355,0.11958191664455112
8.65,0.0,0.0033299302812237154,36.016041561474324,0.11993090740536855
8.66,0.0,0.0033399740231047715,36.0124396409777,0.1202806129094974
8.67,0.0,0.0033500396058128087,36.0088380805512,0.12063103372915035
8.68,0.0,0.003360127054680588,36.00523688013783,0.12098217055113777
8.69,0.0,0.0033702364073411105,36.001636040125206,0.1213340245062772
8.700000000000001,0.0,0.0033803676914678136,35.99803556054137,0.12168659636516686
8.71,0.0,0.0033905209271788434,35.99443544114177,0.1220398866251824
8.72,0.0,0.003400696154269664,35.99083568239288,0.12239389649406826
8.73,0.0,0.003410893413931038,35.98723628481167,0.12274862722944761
8.74,0.0,0.0034211126999722447,35.98363724720444,0.12310407837760884
8.75,0.0,0.003431354044202791,35.98003856975016,0.12346025085688804
8.76,0.0,0.00344161746562537,35.97644025216572,0.1238171451228846
8.77,0.0,0.003451902991224003,35.97284229445653,0.12417476191906726
8.78,0.0,0.003462210641105134,35.96924469638006,0.12453310174032492
8.790000000000001,0.0,0.0034725404410133067,35.96564745789766,0.12489216528478053
8.8,0.0,0.0034828924166838086,35.9620505789707,0.1252519532499001
8.81,0.0,0.0034932665943651336,35.95845405957937,0.12561246635134543
8.82,0.0,0.003503663199873549,35.95485790690485,0.12597371250510853
8.83,0.0,0.003514082088525496,35.951262114759196,0.12633568625736405
8.84,0.0,0.003524523290339789,35.947666683259314,0.12669838845852266
8.85,0.0,0.0035349868225162933,35.94407161206,0.12706181949621762
8.86,0.0,0.0035454726859821153,35.940476900229584,0.1274259791709387
8.870000000000001,0.0,0.0035559809456949115,35.93688254914634,0.12779086959244393
8.88,0.0,0.003566511634548144,35.93328855903205,0.1281564917133671
8.89,0.0,0.0035770647635721114,35.929694929320405,0.12852284569757116
8.9,0.0,0.0035876403407963395,35.92610165933747,0.128889931600593
8.91,0.0,0.0035982383889424504,35.92250874893952,0.12925775000755882
8.92,0.0,0.003608858925930945,35.918916197810155,0.1296263013302364
8.93,0.0,0.003619501975717066,35.91532400585099,0.12999558619769985
8.94,0.0,0.0036301675965828193,35.911732174201205,0.13036560647594952
8.950000000000001,0.0,0.003640855784082596,35.90814070173927,0.13073636176958275
8.96,0.0,0.0036515665661287604,35.90454958851046,0.1311078528493206
8.97,0.0,0.0036622999675652236,35.9009588344498,0.1314800803749696
8.98,0.0,0.003673056027975016,35.89736844002376,0.13185304553707305
8.99,0.0,0.003683834754046986,35.893778404513895,0.13222674834061315
9.0,0.0,0.003694636196227526,35.89018872877871,0.1326011903667867
9.01,0.0,0.0037054603698008994,35.88659941241016,0.13297637192960982
9.02,0.0,0.003716307296964654,35.88301045524973,0.13335229359190728
9.03,0.0,0.003727176991233623,35.87942185682663,0.1337289556035327
9.040000000000001,0.0,0.003738069481082048,35.87583361720928,0.13410635875287114
9.05,0.0,0.0037489847959417816,35.87224573650092,0.1344845038624331
9.06,0.0,0.0037599229563314673,35.86865821448421,0.13486339143345022
9.07,0.0,0.003770884013539508,35.865071052049984,0.13524302307463765
9.08,0.0,0.003781868051600639,35.86148425126792,0.13562340157285338
9.09,0.0,0.0037928750559485754,35.857897810658244,0.1360045261648025
9.1,0.0,0.0038039050063532363,35.854311728538235,0.13638639588353996
9.11,0.0,0.003814957928252481,35.85072600486963,0.1367690114058886
9.120000000000001,0.0,0.0038260338470732496,35.84714063961418,0.1371523734079627
9.13,0.0,0.0038371327918891164,35.84355563286525,0.13753648269677293
9.14,0.0,0.003848254784657131,35.839970984460464,0.1379213398229266
9.15,0.0,0.003859399854854167,35.83638669450845,0.13830694560728757
9.16,0.0,0.0038705680732796163,35.83280276460462,0.1386933023568081
9.17,0.0,0.0038817594188093043,35.82921919303782,0.13908040907116156
9.18,0.0,0.0038929739341544475,35.82563598039379,0.13946826704618265
9.19,0.0,0.0039042116463882167,35.82205312669605,0.13985687701478805
9.200000000000001,0.0,0.003915472574151812,35.81847063166528,0.14024623940635145
9.21,0.0,0.0039267567511851635,35.814888495565555,0.14063635519290982
9.22,0.0,0.003938064218555495,35.81130671892471,0.14102722560951733
9.23,0.0,0.003949395011772847,35.80772530207099,0.1414188516909355
9.24,0.0,0.003960749113946166,35.80414424344929,0.14181123258784645
9.25,0.0,0.003972126546340483,35.80056354287689,0.14220436882261453
9.26,0.0,0.003983527341443075,35.796983200574886,0.1425982613206725
9.27,0.0,0.0039949515313707695,35.79340321675137,0.14299291099373632
9.28,0.0,0.004006399124313163,35.789823590755006,0.14338831789332745
9.290000000000001,0.0,0.004017870146713972,35.78624432259093,0.1437844827267545
9.3,0.0,0.004029364623888535,35.782665412224176,0.14418140616046
9.31,0.0,0.004040882582778632,35.779086859678614,0.14457908891900317
9.32,0.0,0.004052424047346799,35.775508664871495,0.1449775316195931
9.33,0.0,0.004063989040981231,35.7719308276999,0.1453767348585151
9.34,0.0,0.0040755776262657905,35.76835334946905,0.1457767006394692
9.35,0.0,0.004087189809349525,35.76477622945747,0.14617742893870878
9.36,0.0,0.0040988256141862595,35.761199467583694,0.14657892037176018
9.370000000000001,0.0,0.00411048506200005,35.75762306366869,0.14698117545584272
9.38,0.0,0.004122168199077919,35.754047018433724,0.1473841956077283
9.39,0.0,0.004133875021912908,35.7504713308127,0.14778798045606428
9.4,0.0,0.0041456056041081985,35.74689600250821,0.14819253239747515
9.41,0.0,0.004157359990186969,35.74332103417896,0.1485978527839081
9.42,0.0,0.004169138145067642,35.739746423626855,0.14900394010979173
9.43,0.0,0.0041809400927092025,35.73617217077376,0.14941079498875107
9.44,0.0,0.004192765866958195,35.73259827589681,0.14981841838891358
9.450000000000001,0.0,0.004204615520506245,35.72902473994964,0.15022681195414805
9.46,0.0,0.004216489055873247,35.72545156208594,0.15063597552766939
9.47,0.0,0.004228386476298077,35.721878741485966,0.15104590897846326
9.48,0.0,0.004240307809383448,35.71830627820465,0.15145661304942526
9.49,0.0,0.004252253080808469,35.71473417222835,0.15186808841411778
9.5,0.0,0.0042642223087502595,35.7111624232748,0.15228033547673664
9.51,0.0,0.004276215518181689,35.707591031305995,0.15269335488496028
9.52,0.0,0.004288232734062681,35.70401999628392,0.15310714728569752
9.53,0.0,0.004300273981340166,35.700449318170556,0.1535217133250864
9.540000000000001,0.0,0.004312339284948027,35.696878996927886,0.15393705364849256
9.55,0.0,0.004324428669807053,35.69330903251789,0.1543531689005077
9.56,0.0,0.004336542226325978,35.68973942725043,0.15477006207284694
9.57,0.0,0.004348679980283106,35.68617018111854,0.1551877338396105
9.58,0.0,0.004360841909709727,35.68260129240451,0.15560618316338443
9.59,0.0,0.004373028021549347,35.67903276042779,0.15602541004313222
9.6,0.0,0.0043852383408546775,35.6754645851574,0.15644541512663984
9.61,0.0,0.004397472970256191,35.671896769342425,0.15686620184095687
9.620000000000001,0.0,0.004409731906644942,35.66832931194321,0.15728776982359943
9.63,0.0,0.00442201514260819,35.66476221176673,0.15771011855795725
9.64,0.0,0.004434322697118313,35.661195468565964,0.1581332484726392
9.65,0.0,0.004446654589693871,35.65762908211403,0.15855716001558848
9.66,0.0,0.004459010840392077,35.65406305220387,0.15898185365380416
9.67,0.0,0.004471391483454788,35.65049737913692,0.15940733036200455
9.68,0.0,0.0044837965717898715,35.64693206388341,0.15983359178287138
9.69,0.0,0.0044962261186292166,35.64336710599309,0.16026063813786012
9.700000000000001,0.0,0.0045086801964150875,35.639802507136174,0.16068847176807416
9.71,0.0,0.004521158800053493,35.6362382662071,0.1611170922380698
9.72,0.0,0.004533661912006108,35.63267438165576,0.16154649866703308
9.73,0.0,0.004546189561157438,35.62911085359461,0.16197669183593755
9.74,0.0,0.0045587418135979805,35.6255476834681,0.16240767385695926
9.75,0.0,0.0045713186496744605,35.62198486965228,0.1628394437730675
9.76,0.0,0.004583920095295793,35.61842241215458,0.16327200225781402
9.77,0.0,0.004596546192034929,35.61486031154337,0.1637053505448852
9.78,0.0,0.004609197076110403,35.61129857177337,0.164139493253517
9.790000000000001,0.0,0.004621872641811878,35.607737188143865,0.16457442634671415
9.8,0.0,0.004634572918334193,35.60417616078182,0.16501015061436394
9.81,0.0,0.004647297974155987,35.600615491219756,0.16544666825105647
9.82,0.0,0.0046600478018915155,35.59705517827689,0.16588397873734487
9.83,0.0,0.004672822437796049,35.593495222334056,0.1663220831145137
9.84,0.0,0.00468562189948845,35.589935623106,0.1667609817570143
9.85,0.0,0.00469844625106736,35.58637638196997,0.16720067670094355
9.86,0.0,0.004711295488680199,35.58281749787387,0.1676411675522687
9.870000000000001,0.0,0.0047241696054200295,35.5792589696573,0.16808245380782771
9.88,0.0,0.004737068636030661,35.57570079764961,0.16852453645336168
9.89,0.0,0.004749992633519449,35.572142982833256,0.16896741712696328
9.9,0.0,0.004762941579787597,35.568585523649645,0.16941109492482687
9.91,0.0,0.004775915499591931,35.565028420072736,0.1698555704748577
9.92,0.0,0.004788914423617822,35.56147167228882,0.17030084461650533
9.93,0.0,0.004801938373597802,35.557915280164764,0.17074691786896765
9.94,0.0,0.004814987372357101,35.55435924360707,0.17119379079022082
9.950000000000001,0.0,0.004828061450452715,35.55080356279894,0.17164146421417142
9.96,0.0,0.00484116063894087,35.54724823794191,0.17208993899218944
9.97,0.0,0.00485428497087738,35.54369326930937,0.17253921604668881
9.98,0.0,0.004867434495834376,35.54013865776501,0.17298929688954712
9.99,0.0,0.004880609189572902,35.53658440153688,0.1734401803961788
10.0,0.0,0.004893809076260982,35.53303050058268,0.17389186717081473
10.01,0.0,0.0049070342289553575,35.5294769566062,0.1743443595629522
10.02,0.0,0.004920284649587412,35.52592376877191,0.17479765738190595
10.03,0.0,0.004933560345666093,35.52237093644419,0.17525176063608772
10.040000000000001,0.0,0.004946861333545743,35.518818459303894,0.1757066696495662
10.05,0.0,0.00496018764095329,35.515266337438476,0.1761623851521317
10.06,0.0,0.004973539290942175,35.5117145707691,0.17661890770644884
10.07,0.0,0.004986916303843727,35.508163159120315,0.1770762377777653
10.08,0.0,0.0050003187342351815,35.50461210353929,0.17753437705308567
10.09,0.0,0.005013746580534962,35.501061403069656,0.17799332521500721
10.1,0.0,0.005027199865341177,35.49751105761853,0.17845308280881184
10.11,0.0,0.005040678609826649,35.49396106704279,0.17891365032866752
10.120000000000001,0.0,0.005054182838112477,35.49041143130506,0.17937502837365799
10.13,0.0,0.005067712581712941,35.486862150632234,0.17983721780627682
10.14,0.0,0.005081267863874885,35.48331322495682,0.1803002191937849
10.15,0.0,0.005094848726373683,35.47976465487263,0.18076403376392097
10.16,0.0,0.0051084551695112935,35.47621643949499,0.18122866126504483
10.17,0.0,0.005122087240125267,35.4726685795993,0.1816941031047632
10.18,0.0,0.0051357449456514315,35.4691210745565,0.18216035928535734
10.19,0.0,0.005149428306090698,35.46557392418622,0.18262743025696182
10.200000000000001,0.0,0.0051631373501827785,35.462027128620235,0.18309531678097926
10.21,0.0,0.005176872137855241,35.45848068910246,0.1835640207300978
10.22,0.0,0.005190632654509143,35.45493460422082,0.18403354132015995
10.23,0.0,0.005204418919503974,35.45138887377445,0.18450387897736964
10.24,0.0,0.0052182309586900205,35.44784349779442,0.18497503435899482
10.25,0.0,0.005232068794110829,35.44429847617674,0.18544700798635955
10.26,0.0,0.00524593245368918,35.440753809027456,0.1859198005899908
10.27,0.0,0.005259821969161283,35.437209496589006,0.18639341303593496
10.28,0.0,0.005273737357042611,35.43366553856214,0.18686784564767384
10.290000000000001,0.0,0.005287678636574748,35.430121934745365,0.18734309884559674
10.3,0.0,0.005301645831589632,35.42657868510134,0.18781917321335495
10.31,0.0,0.005315639037465223,35.423035792141235,0.1882960718822391
10.32,0.0,0.005329658242546217,35.41949325456452,0.18877379417100526
10.33,0.0,0.005343703434979656,35.4159510710647,0.1892523393915252
10.34,0.0,0.0053577746385332055,35.41240924160448,0.18973170812403276
10.35,0.0,0.005371871876957773,35.40886776614657,0.19021190094788476
10.36,0.0,0.0053859951762725315,35.405326644735055,0.19069291852290174
10.370000000000001,0.0,0.005400144583054497,35.40178587814627,0.1911747622403322
10.38,0.0,0.005414320098774771,35.398245465551526,0.19165743188550394
10.39,0.0,0.005428521781830664,35.39470540814892,0.19214092926962145
10.4,0.0,0.005442749651138674,35.39116570573177,0.1926252547982681
10.41,0.0,0.0054570036976940755,35.387626357100594,0.19311040788331973
10.42,0.0,0.005471283945130907,35.38408736221814,0.19359638909801902
10.43,0.0,0.005485590418348135,35.380548721092765,0.19408319906033134
10.44,0.0,0.005499923142837406,35.377010433754535,0.19457083840901246
10.450000000000001,0.0,0.005514282143332074,35.37347250020706,0.19505930775554547
10.46,0.0,0.005528667462669191,35.36993492109852,0.1955486083550097
10.47,0.0,0.005543079135605846,35.36639769679004,0.19603874117462108
10.48,0.0,0.005557517154537273,35.36286082613687,0.19652970567477535
10.49,0.0,0.005571981555351668,35.35932430954172,0.1970215028624699
10.5,0.0,0.005586472359416812,35.35578814689153,0.19751413322801165
10.51,0.0,0.005600989618666815,35.35225233916053,0.19800759834813336
10.52,0.0,0.005615533361345345,35.34871688648107,0.19850189895679163
10.53,0.0,0.005630103572939434,35.3451817874663,0.19899703426781346
10.540000000000001,0.0,0.005644700310097307,35.34164704325965,0.19949300602444298
10.55,0.0,0.0056593235590894665,35.3381126525036,0.19998981346807684
10.56,0.0,0.005673973344445542,35.33457861520131,0.20048745719987338
10.57,0.0,0.0056886497072409165,35.33104493194447,0.20098593840862727
10.58,0.0,0.005703352658995874,35.32751160227507,0.2014852572325488
10.59,0.0,0.00571808221686101,35.323978625935915,0.20198541400974832
10.6,0.0,0.005732838402803606,35.32044600284162,0.20248640924924732
10.61,0.0,0.005747621236407411,35.31691373282279,0.20298824337514654
10.620000000000001,0.0,0.005762430740961926,35.313381815842334,0.20349091694294152
10.63,0.0,0.00577726694165296,35.30985025193112,0.2039944305752039
10.64,0.0,0.005792129867329486,35.30631904125073,0.2044987850242979
10.65,0.0,0.005807019535114956,35.302788183546966,0.20500398062588848
10.66,0.0,0.005821935966812204,35.299257678732474,0.20551001788159032
10.67,0.0,0.005836879187353753,35.29572752683167,0.20601689740387857
10.68,0.0,0.0058518492277619865,35.29219772808578,0.20652462002112798
10.69,0.0,0.005866846133180126,35.288668283237854,0.20703318706259605
10.700000000000001,0.0,0.005881869919734552,35.28513919200137,0.20754259882708548
10.71,0.0,0.0058969205993165,35.28161045394022,0.20805285546290636
10.72,0.0,0.0059119981830437415,35.27808206859166,0.20856395709078782
10.73,0.0,0.0059271027091647695,35.27455403645645,0.20907590479406601
10.74,0.0,0.005942234193185937,35.271026357228905,0.20958869884869397
10.75,0.0,0.005957392660010843,35.26749903093746,0.2101023398638523
10.76,0.0,0.005972578123231773,35.26397205720991,0.21061682804715445
10.77,0.0,0.005987790610980371,35.26044543619058,0.21113216412181363
10.78,0.0,0.00600303015981897,35.25691916832342,0.21164834910975105
10.790000000000001,0.0,0.006018296781728364,35.25339325318106,0.21216538316063
10.8,0.0,0.00603359049112426,35.24986769042324,0.21268326651033198
10.81,0.0,0.006048911310950668,35.2463424800129,0.2132019996969971
10.82,0.0,0.00606425926413286,35.24281762191299,0.21372158325783674
10.83,0.0,0.006079634374886206,35.23929311613284,0.21424201777553817
10.84,0.0,0.006095036754447053,35.235768965767505,0.2147633069175639
10.85,0.0,0.006110466345981844,35.232245167953735,0.21528544839216887
10.86,0.0,0.006125923164275258,35.228721722368505,0.2158084424468703
10.870000000000001,0.0,0.00614140723356776,35.22519862902466,0.21633228966415935
10.88,0.0,0.006156918579422579,35.221675887982606,0.21685699067312655
10.89,0.0,0.00617245728187944,35.21815350123384,0.2173825480330449
10.9,0.0,0.006188023344336982,35.21463146805418,0.21790896158654913
10.91,0.0,0.006203616746554207,35.211109786882766,0.21843623033867088
10.92,0.0,0.006219237513870707,35.20758845777473,0.21896435490952015
10.93,0.0,0.006234885666995837,35.20406748062186,0.21949333575488972
10.94,0.0,0.006250561228091033,35.200546855368046,0.22002317338177152
10.950000000000001,0.0,0.006266264219838971,35.197026581976345,0.22055386831536583
10.96,0.0,0.006281994692988624,35.193506661404506,0.22108542207460918
10.97,0.0,0.006297752734625335,35.189987095897365,0.22161783746462418
10.98,0.0,0.006313538353827244,35.18646788493747,0.22215111452726963
10.99,0.0,0.006329351525774756,35.182949026807975,0.22268525210408885
11.0,0.0,0.006345192249412571,35.179430520634654,0.2232202498782854
11.01,0.0,0.006361060547836582,35.17591236639921,0.2237561083880653
11.02,0.0,0.006376956441013058,35.172394563973256,0.2242928280605883
11.03,0.0,0.006392879946694217,35.16887711315077,0.22483040924442116
11.040000000000001,0.0,0.006408831088976719,35.16536001395099,0.2253688525124743
11.05,0.0,0.006424809901431365,35.161843266729136,0.22590815877266557
11.06,0.0,0.006440816401443228,35.15832687126822,0.226448328359773
11.07,0.0,0.006456850604315034,35.15481082727836,0.22698936153469945
11.08,0.0,0.006472912554732477,35.15129513551,0.22753125959775578
11.09,0.0,0.006489002280412292,35.147779796113696,0.22807402324841736
11.1,0.0,0.006505119776644648,35.14426480809361,0.2286176520387728
11.11,0.0,0.006521265069169269,35.14075017153193,0.2291621465980217
11.120000000000001,0.0,0.006537438187608242,35.13723588664884,0.2297075076923834
11.13,0.0,0.006553639154109696,35.13372195340081,0.23025373582341752
11.14,0.0,0.006569867980515334,35.13020837138054,0.23080083112797134
11.15,0.0,0.006586124707953768,35.12669514121718,0.23134879477833667
11.16,0.0,0.0066024093569768336,35.12318226281279,0.23189762721880453
11.17,0.0,0.006618721932428286,35.11966973551483,0.23244732833809656
11.18,0.0,0.006635062466514755,35.11615755963899,0.2329978989921857
11.19,0.0,0.006651430974866109,35.11264573491558,0.2335493394507245
11.200000000000001,0.0,0.0066678274761175155,35.10913426118193,0.23410165008941436
11.21,0.0,0.006684251997207839,35.1056231385696,0.23465483157721628
11.22,0.0,0.0067007045558022844,35.102112366883055,0.2352088842550637
11.23,0.0,0.006717185173752188,35.09860194607549,0.2357638086116147
11.24,0.0,0.006733693877118793,35.09509187624954,0.2363196052840298
11.25,0.0,0.006750230687411977,35.09158215734773,0.236876274748374
11.26,0.0,0.0067667956300245455,35.08807278945046,0.2374338176176433
11.27,0.0,0.0067833887614942275,35.08456377373899,0.23799223560471539
11.28,0.0,0.006800010103078651,35.08105511014878,0.23855152917567746
11.290000000000001,0.0,0.006816659648675985,35.0775467976497,0.2391116978300891
11.3,0.0,0.006833337408209817,35.07403883577862,0.2396727416335368
11.31,0.0,0.006850043409123312,35.07053122469196,0.24023466127016135
11.32,0.0,0.006866777682840083,35.06702396468734,0.24079745756434026
11.33,0.0,0.006883540238609041,35.063517055280045,0.24136113055718147
11.34,0.0,0.006900331098667531,35.06001049644484,0.24192568074823528
11.35,0.0,0.006917150284097278,35.05650428811637,0.24249110859600853
11.36,0.0,0.006933997819992381,35.0529984303717,0.24305741470040068
11.370000000000001,0.0,0.006950873732420279,35.04949292332289,0.24362459969538247
11.38,0.0,0.00696777807407448,35.045987768022364,0.24419266515431565
11.39,0.0,0.0069847108731547055,35.04248296465862,0.24476161178559658
11.4,0.0,0.0070016721052406335,35.03897851156401,0.24533143844055072
11.41,0.0,0.007018661792100169,35.03547440870186,0.24590214560046603
11.42,0.0,0.0070356799793766375,35.03197065687853,0.24647373458871713
11.43,0.0,0.007052726674153227,35.02846725554056,0.24704620536786087
11.44,0.0,0.007069801892302272,35.02496420444545,0.24761955821041487
11.450000000000001,0.0,0.007086905772200561,35.0214615076724,0.2481937977096304
11.46,0.0,0.007104038252808169,35.01795916226685,0.24876892142402512
11.47,0.0,0.007121199361613611,35.01445716839797,0.2493449300348499
11.48,0.0,0.007138389160382237,35.01095552744431,0.24992182543174019
11.49,0.0,0.007155607609409506,35.007454237206865,0.25049960592581966
11.5,0.0,0.00717285472271238,35.00395329738217,0.25107827172273844
11.51,0.0,0.007190130526423333,35.0004527080947,0.2516578234551151
11.52,0.0,0.007207435025712599,34.9969524687307,0.25223826101633584
11.53,0.0,0.007224768242695752,34.99345257927464,0.2528195848970304
11.540000000000001,0.0,0.007242130221233508,34.98995304047813,0.2534017963539952
11.55,0.0,0.00725952098643068,34.98645385243231,0.25398489598252816
11.56,0.0,0.0072769405320563234,34.98295501412474,0.2545688832733946
11.57,0.0,0.007294388879546326,34.97945652551897,0.25515375869232704
11.58,0.0,0.007311866050753071,34.97595838659396,0.25573952271949585
11.59,0.0,0.007329372069621599,34.97246059740314,0.25632617590855583
11.6,0.0,0.0073469069633335556,34.96896315811473,0.25691371892691506
11.61,0.0,0.007364470748827677,34.96546606853679,0.25750215208087324
11.620000000000001,0.0,0.0073820634437802846,34.961969328504196,0.2580914757025258
11.63,0.0,0.007399685069641304,34.95847293798553,0.25868169025667853
11.64,0.0,0.007417335648764518,34.95497689698195,0.25927279623973176
11.65,0.0,0.007435015236687465,34.9514812066639,0.25986479531634915
11.66,0.0,0.007452723878710353,34.947985867841695,0.2604576887901032
11.67,0.0,0.00747046153617865,34.94449087837036,0.26105147500821896
11.68,0.0,0.007488228230291688,34.940996238213444,0.2616461544255131
11.69,0.0,0.007506023999549309,34.93750194794433,0.2622417281055784
11.700000000000001,0.0,0.007523848856303122,34.93400800721653,0.26283819619118776
11.71,0.0,0.007541702813250501,34.930514415696656,0.2634355588371542
11.72,0.0,0.007559585891503538,34.92702117334828,0.2640338164942966
11.73,0.0,0.0075774981146263095,34.923528280222065,0.2646329696994889
11.74,0.0,0.007595439506457475,34.92003573637907,0.26523301899900803
11.75,0.0,0.007613410083601057,34.91654354162653,0.2658339646843224
11.76,0.0,0.007631409866302059,34.91305169590065,0.2664358071748177
11.77,0.0,0.007649438877967526,34.909560199249604,0.26703854700089535
11.78,0.0,0.007667497138110001,34.90606905158537,0.2676421845557086
11.790000000000001,0.0,0.0076855846824146765,34.90257825338952,0.2682467208010378
11.8,0.0,0.007703701521393679,34.89908780425895,0.268852155812929
11.81,0.0,0.0077218476740394636,34.89559770408963,0.2694584899655491
11.82,0.0,0.007740023157934291,34.89210795272879,0.27006572358327186
11.83,0.0,0.007758228113625374,34.8886185543481,0.27067386131390303
11.84,0.0,0.007776462463184266,34.885129505437305,0.2712829001223629
11.85,0.0,0.007794726240790923,34.88164080642939,0.2718928409157264
11.86,0.0,0.00781301946188241,34.878152457099056,0.27250368394182456
11.870000000000001,0.0,0.007831342144136246,34.874664457300625,0.2731154295270767
11.88,0.0,0.007849694340365304,34.87117680812414,0.27372807923261777
11.89,0.0,0.007868076051787411,34.86768950884682,0.2743416328057247
11.9,0.0,0.00788648726624158,34.864202558276716,0.27495608952352435
11.91,0.0,0.00790492800024582,34.86071595623083,0.2755714496710332
11.92,0.0,0.007923398274472191,34.85722970267291,0.27618771367904726
11.93,0.0,0.007941898109570104,34.853743797566736,0.27680488197734393
11.94,0.0,0.007960427526166314,34.85025824087607,0.2774229549946823
11.950000000000001,0.0,0.007978986544864859,34.8467730325647,0.2780419331588013
11.96,0.0,0.007997575186247056,34.84328817259637,0.2786618168964202
11.97,0.0,0.008016193470871454,34.83980366093485,0.27928260663323734
11.98,0.0,0.008034841472597361,34.83631949941655,0.2799043046665723
11.99,0.0,0.008053519197618387,34.83283568750194,0.2805269109167918
12.0,0.0,0.00807222664966015,34.82935222456582,0.2811504252175483
12.01,0.0,0.00809096382788355,34.82586910982367,0.2817748472421985
12.02,0.0,0.008109730755720471,34.82238634334415,0.2824001775162067
12.030000000000001,0.0,0.008128527453331655,34.818903925081834,0.28302641644995313
12.040000000000001,0.0,0.008147353947233692,34.8154218552152,0.2836535646767019
12.05,0.0,0.0081662102788017,34.811940134444974,0.2842816233509422
12.06,0.0,0.008185096443701457,34.80845876186828,0.28491059202250507
12.07,0.0,0.00820401245678776,34.80497773725669,0.2855404709146828
12.08,0.0,0.008222958339042042,34.801497060597654,0.2861712604655968
12.09,0.0,0.008241934112747836,34.7980167319251,0.28680296115883175
12.1,0.0,0.00826093980143574,34.79453675131751,0.28743557352148574
12.11,0.0,0.008279975465281643,34.7910571201397,0.28806909936597724
12.120000000000001,0.0,0.008299041078826766,34.7875778367529,0.28870353750010425
12.13,0.0,0.008318136662982424,34.78409890114615,0.2893388883584388
12.14,0.0,0.008337262275985,34.78062031461838,0.2899751536844337
12.15,0.0,0.008356417920107119,34.77714207650628,0.29061233325823677
12.16,0.0,0.008375603595530714,34.77366418607421,0.2912504267866691
12.17,0.0,0.008394819322218172,34.77018664328118,0.29188943467015743
12.18,0.0,0.008414065119689132,34.76670944807149,0.2925293572933933
12.19,0.0,0.008433341008598536,34.76323260043009,0.293170195080665
12.200000000000001,0.0,0.008452647008324005,34.75975610029794,0.29381194841126396
12.21,0.0,0.008471983194249242,34.75627994958005,0.29445461962747255
12.22,0.0,0.008491349584744876,34.75280414818327,0.2950982090724046
12.23,0.0,0.008510746152549398,34.749328694416,0.2957427154896839
12.24,0.0,0.008530172913794803,34.745853588108744,0.2963881391439737
12.25,0.0,0.008549629886732472,34.742378829167095,0.29703448037403707
12.26,0.0,0.008569117090658697,34.738904417534144,0.29768173955505933
12.27,0.0,0.008588634545442035,34.73543035317384,0.29832991708207324
12.280000000000001,0.0,0.008608182270927356,34.73195663605014,0.2989790133490732
12.290000000000001,0.0,0.008627760286935838,34.728483266127014,0.2996290287490151
12.3,0.0,0.008647368613264934,34.72501024336839,0.3002799636738158
12.31,0.0,0.008667007283925198,34.721537568236904,0.30093181901300037
12.32,0.0,0.008686676318234648,34.71806524068124,0.30158459514115993
12.33,0.0,0.008706375730155628,34.7145932604634,0.30223829224513143
12.34,0.0,0.008726105542875683,34.711121627669314,0.302892910834646
12.35,0.0,0.008745865769461023,34.70765034203132,0.30354845106480266
12.36,0.0,0.008765656428298404,34.704179403468935,0.3042049132768473
12.370000000000001,0.0,0.008785477543361142,34.700708812098114,0.3048622980074109
12.38,0.0,0.008805329163611705,34.69723856891035,0.305520606667628
12.39,0.0,0.008825211276321285,34.69376867273831,0.3061798385087411
12.4,0.0,0.008845123896473956,34.69029912338576,0.3068399937520978
12.41,0.0,0.00886506704360634,34.68682992081675,0.30750107277821975
12.42,0.0,0.00888504074190415,34.68336106515879,0.30816307613011684
12.43,0.0,0.008905045006709772,34.6798925562308,0.3088260040411034
12.44,0.0,0.008925079856952766,34.67642439397807,0.30948985686984815
12.450000000000001,0.0,0.008945145312073351,34.67295657836459,0.31015463499268986
12.46,0.0,0.008965241391487572,34.6694891093544,0.31082033878492066
12.47,0.0,0.008985368114587276,34.66602198691149,0.31148696862078495
12.48,0.0,0.009005525500740082,34.662555210999884,0.3121545248734795
12.49,0.0,0.009025713569289362,34.65908878158357,0.31282300791515255
12.5,0.0,0.009045932347348592,34.65562269889914,0.3134924183894889
12.51,0.0,0.009066181856504093,34.652156962990674,0.3141627567466071
12.52,0.0,0.009086462114690797,34.6486915737754,0.3148340233087255
12.530000000000001,0.0,0.009106773205250674,34.64522653345826,0.31550622068474654
12.540000000000001,0.0,0.009127115077569446,34.64176183956113,0.3161793467994374
12.55,0.0,0.009147487750830048,34.638297492047485,0.31685340201812073
12.56,0.0,0.009167891242791411,34.634833490831866,0.31752838665614536
12.57,0.0,0.009188325575937325,34.63136983599485,0.3182043011938251
12.58,0.0,0.009208790788419038,34.6279065281654,0.31888114665881423
12.59,0.0,0.00922928688639058,34.6244435668549,0.31955892296015387
12.6,0.0,0.009249813921657262,34.620980953171,0.3202376316020813
12.61,0.0,0.00927037187921859,34.617518685887546,0.32091727175398527
12.620000000000001,0.0,0.009290960771355744,34.61405676473282,0.32159784353862286
12.63,0.0,0.009311580616071494,34.610595189635916,0.3222793472785204
12.64,0.0,0.009332231431271015,34.60713396052336,0.32296178329261205
12.65,0.0,0.009352913236462234,34.6036730773786,0.32364515195563553
12.66,0.0,0.009373626059469462,34.60021254047636,0.3243294539326007
12.67,0.0,0.00939436992023699,34.59675234981694,0.3250146896130181
12.68,0.0,0.00941514482721822,34.59329250500019,0.3257008589849088
12.69,0.0,0.00943595079927009,34.58983300599025,0.3263879623995021
12.700000000000001,0.0,0.009456787855224759,34.58637385275123,0.3270760002069705
12.71,0.0,0.009477656028668931,34.58291504576326,0.3277649732724331
12.72,0.0,0.009498555328170144,34.57945658463374,0.3284548815872105
12.73,0.0,0.009519485768062575,34.57599846917232,0.3291457253438488
12.74,0.0,0.00954044736707953,34.57254069934314,0.32983750488830776
12.75,0.0,0.009561440143929418,34.569083275110344,0.33053022056548864
12.76,0.0,0.009582464117295677,34.56562619643809,0.33122387271923304
12.77,0.0,0.009603519305836817,34.56216946329047,0.3319184616923234
12.780000000000001,0.0,0.009624605730933454,34.558713075727525,0.33261398792234165
12.790000000000001,0.0,0.00964572340969853,34.555257033661164,0.333310451697745
12.8,0.0,0.009666872376286731,34.55180133759878,0.33400785390139026
12.81,0.0,0.009688052645101862,34.548345987359426,0.33470619472674146
12.82,0.0,0.009709264224678648,34.544890982558364,0.33540547416238764
12.83,0.0,0.009730507134368361,34.541436323189075,0.3361056925741315
12.84,0.0,0.00975178139301965,34.53798200922844,0.33680685031005114
12.85,0.0,0.009773087015384116,34.534528040511304,0.3375089475751495
12.86,0.0,0.009794424019895213,34.53107441700181,0.33821198470268143
12.870000000000001,0.0,0.00981579242496118,34.52762113866412,0.33891596202483854
12.88,0.0,0.009837192272002452,34.524168206265614,0.3396208806759987
12.89,0.0,0.009858623566075645,34.52071561930653,0.34032674052230083
12.9,0.0,0.009880086315929702,34.51726337741685,0.34103354155856763
12.91,0.0,0.00990158053987242,34.51381148056074,0.34174128411275545
12.92,0.0,0.009923106256186273,34.51035992870236,0.34244996851175635
12.93,0.0,0.009944663483128379,34.506908721805885,0.3431595950813971
12.94,0.0,0.0099662522398654,34.503457859868064,0.3438701641790215
12.950000000000001,0.0,0.00998787254559034,34.50000734288744,0.34458167616270063
12.96,0.0,0.010009524416555303,34.49655717076095,0.3452941312878377
12.97,0.0,0.010031207889089715,34.49310734408599,0.34600753050922384
12.98,0.0,0.01005292297164432,34.489657862489345,0.3467218738099823
12.99,0.0,0.010074669675690276,34.48620872570402,0.34743716127838575
13.0,0.0,0.010096448028213056,34.48275993400442,0.3481533935430332
13.01,0.0,0.010118258045487143,34.479311487292634,0.3488705708591661
13.02,0.0,0.010140099739278907,34.47586338531468,0.34958869332485476
13.030000000000001,0.0,0.010161973138389825,34.47241562841079,0.35030776163133026
13.040000000000001,0.0,0.01018387826870897,34.46896821682054,0.3510277763681091
13.05,0.0,0.010205815150921758,34.465521150603124,0.3517487379432499
13.06,0.0,0.010227783808253463,34.462074429907034,0.3524706468530391
13.07,0.0,0.010249784308863358,34.45862805644599,0.353193505157929
13.08,0.0,0.01027181659158644,34.455182027431924,0.35391731041551644
13.09,0.0,0.010293880707904173,34.451736343999755,0.3546420641053104
13.1,0.0,0.010315976665695671,34.44829100576726,0.35536776618859944
13.11,0.0,0.010338104490047417,34.444846012952084,0.35609441722550217
13.120000000000001,0.0,0.010360264168137446,34.44140136445342,0.3568220164565973
13.13,0.0,0.010382455717716229,34.43795706023561,0.3575505641865196
13.14,0.0,0.010404679156508445,34.43451310026296,0.35828006071883345
13.15,0.0,0.010426934506587854,34.431069484652,0.35901050650825245
13.16,0.0,0.010449221821837221,34.42762621462681,0.3597419031159441
13.17,0.0,0.010471541082811807,34.424183288860995,0.36047424955156204
13.18,0.0,0.010493892318761182,34.42074070772336,0.361207546518859
13.19,0.0,0.010516275579128355,34.41729847228585,0.3619417954236819
13.200000000000001,0.0,0.010538690879316286,34.413856582437056,0.3626769964874387
13.21,0.0,0.010561138237566731,34.41041503816522,0.36341315003011854
13.22,0.0,0.010583617655426826,34.406973838878926,0.36415025579097854
13.23,0.0,0.010606129136110832,34.40353298404578,0.3648883135672486
13.24,0.0,0.010628672686162922,34.400092473250275,0.3656273232719246
13.25,0.0,0.01065124833007947,34.396652306702016,0.3663672854420946
13.26,0.0,0.010673856075223706,34.39321248401586,0.36710820001898326
13.27,0.0,0.010696495938721745,34.38977300514701,0.3678500672831284
13.280000000000001,0.0,0.010719167943443887,34.38633387025129,0.36859288771456716
13.290000000000001,0.0,0.010741872107675843,34.38289507932596,0.3693366616337673
13.3,0.0,0.010764608481695245,34.3794566334811,0.37008139047285527
13.31,0.0,0.010787377059640146,34.376018531876355,0.3708270737125383
13.32,0.0,0.010810177881391634,34.372580775262094,0.3715737124230964
13.33,0.0,0.010833010936577944,34.36914336264323,0.37232130592834023
13.34,0.0,0.01085587623261883,34.36570629364406,0.3730698541703408
13.35,0.0,0.01087877378558192,34.36226956819028,0.37381935739153865
13.36,0.0,0.010901703634434597,34.358833187004024,0.37456981662970473
13.370000000000001,0.0,0.01092466583541471,34.35539715140798,0.3753212335221015
13.38,0.0,0.010947660361807244,34.351961459844205,0.3760736068242775
13.39,0.0,0.0109706872912658,34.34852611438078,0.37682693891675967
13.4,0.0,0.010993746564822496,34.34509111234167,0.3775812274348329
13.41,0.0,0.011016838198506733,34.34165645365674,0.3783364726186519
13.42,0.0,0.011039962209321111,34.3382221382906,0.3790926747420128
13.43,0.0,0.011063118621356048,34.33478816645484,0.37984983432463293
13.44,0.0,0.011086307510329692,34.33135454015422,0.38060795367831424
13.450000000000001,0.0,0.011109528830657963,34.327921257182965,0.38136703090324164
13.46,0.0,0.011132782598858767,34.32448831749248,0.38212706625572246
13.47,0.0,0.011156068829127543,34.3210557209545,0.38288805991130115
13.48,0.0,0.011179387540915521,34.31762346762411,0.38365001222779826
13.49,0.0,0.011202738749462978,34.31419155741115,0.38441292341671646
13.5,0.0,0.011226122470529974,34.31075999024442,0.38517679370745495
13.51,0.0,0.011249538720882414,34.30732876608859,0.38594162336416793
13.52,0.0,0.011272987517259669,34.303897884908295,0.38670741264993286
13.530000000000001,0.0,0.011296468876374529,34.300467346668185,0.3874741618267493
13.540000000000001,0.0,0.011319982814913214,34.2970371513329,0.3882418711555399
13.55,0.0,0.011343529349535314,34.2936072988671,0.3890105408961488
13.56,0.0,0.011367108499402234,34.290177789323124,0.38978017139503995
13.57,0.0,0.011390720302870142,34.28674862341992,0.39055076366420555
13.58,0.0,0.01141436475992036,34.28331980054632,0.39132231738444734
13.59,0.0,0.011438041912136257,34.27989132153489,0.39209483367920345
13.6,0.0,0.011461751757831302,34.27646318571851,0.3928683121711606
13.61,0.0,0.011485494306968373,34.27303539283507,0.3936427528869443
13.620000000000001,0.0,0.011509269597344683,34.269607943588426,0.3944181568180756
13.63,0.0,0.01153307761878306,34.26618083702011,0.39519452329262117
13.64,0.0,0.011556918386019589,34.26275407303636,0.39597185250235306
13.65,0.0,0.01158079191910015,34.25932765172847,0.396750144822953
13.66,0.0,0.01160469823966568,34.255901573243875,0.3975294006851956
13.67,0.0,0.01162863735467429,34.25247583722203,0.3983096200108103
13.68,0.0,0.011652609280440332,34.24905044362768,0.39909080304569666
13.69,0.0,0.011676614033251312,34.24562539242554,0.3998729500346752
13.700000000000001,0.0,0.01170065163000177,34.24220068360229,0.4006560612434506
13.71,0.0,0.01172472209201301,34.238776317298914,0.4014401370909382
13.72,0.0,0.011748825434001154,34.235352293428434,0.4022251777670335
13.73,0.0,0.011772961667966637,34.23192861181079,0.4030111833674306
13.74,0.0,0.011797130810062678,34.228505272410665,0.4037981541315605
13.75,0.0,0.011821332876415512,34.22508227519283,0.4045860902977747
13.76,0.0,0.01184556788312442,34.221659620122,0.4053749921033448
13.77,0.0,0.011869835846261683,34.21823730716291,0.40616485978446304
13.780000000000001,0.0,0.011894136781872587,34.214815336280274,0.4069556935762414
13.790000000000001,0.0,0.011918470705975388,34.21139370743884,0.40774749371271246
13.8,0.0,0.011942837637545374,34.20797242070664,0.40854026053014136
13.81,0.0,0.011967237598962741,34.204551476270495,0.4093339944824928
13.82,0.0,0.01199167059820831,34.20113087381966,0.4101286955250697
13.83,0.0,0.012016136649738583,34.19771061326853,0.41092436383726205
13.84,0.0,0.012040635769436505,34.194290694581824,0.4117209996477038
13.85,0.0,0.012065167973157888,34.1908711177243,0.41251860318394834
13.86,0.0,0.01208973327673142,34.18745188266067,0.41331717467246903
13.870000000000001,0.0,0.012114331699206575,34.18403298946805,0.41411671445104825
13.88,0.0,0.012138963257936846,34.180614438165804,0.41491722279861254
13.89,0.0,0.01216362797973845,34.177196229101575,0.4157187003213235
13.9,0.0,0.012188325884762798,34.17377836239329,0.4165211473945172
13.91,0.0,0.012213056968514779,34.17036083730716,0.4173245635407509
13.92,0.0,0.012237821246660542,34.166943653807934,0.41812894898003655
13.93,0.0,0.012262618737419392,34.16352681194962,0.41893430402055554
13.94,0.0,0.012287449456255125,34.16011031169183,0.41974062887502517
13.950000000000001,0.0,0.012312313419812003,34.15669415303595,0.420547923796851
13.96,0.0,0.012337210647929673,34.1532783360948,0.42135618914978695
13.97,0.0,0.012362141149062348,34.149862860588414,0.42216542490372844
13.98,0.0,0.012387104939655114,34.146447726514126,0.42297563130479066
13.99,0.0,0.012412102038341746,34.143032933945875,0.4237868086746114
