step,peak_series,chi_series,norm_series,symmetry_error_series
0,1.00018859533164,0.012,16.00301752530624,0.19934836854101262
1,1.0011486069427107,0.012,16.01837771108337,0.19876783857615854
2,1.0003413124800582,0.012,16.00546099968093,0.19826431709263137
3,1.0022961862165694,0.012,16.03673897946511,0.19793644138157016
4,1.001233005948344,0.012,16.019728095173505,0.19694481494025634
5,1.0002940253349086,0.012,16.004704405358538,0.19634521273406053
6,0.9968055088893452,0.012,15.948888142229523,0.19566757523488076
7,0.9949471842891308,0.012,15.919154948626092,0.19483589502846974
8,0.9941474701066906,0.012,15.90635952170705,0.194129004981559
9,0.9947842292598997,0.012,15.916547668158396,0.1938297589923918
10,0.994608639308926,0.012,15.913738228942815,0.1936276980335567
11,0.9936286387889767,0.012,15.898058220623627,0.1931211510545846
12,0.9950048695534507,0.012,15.920077912855211,0.19253735474391287
13,0.9939061046098936,0.012,15.902497673758297,0.19164883713103534
14,0.99323962572618,0.012,15.89183401161888,0.19110289566807634
15,0.9917475076859754,0.012,15.867960122975607,0.19042814299561484
16,0.9915359033957399,0.012,15.864574454331839,0.18997839667102057
17,0.9918858235982936,0.012,15.870173177572697,0.18947300848373255
18,0.9909318574662916,0.012,15.854909719460666,0.18882212439362472
19,0.9921377455417448,0.012,15.874203928667917,0.18865815373719094
20,0.9902750926833009,0.012,15.844401482932815,0.18850033086961265
21,0.9923259980131195,0.012,15.877215968209912,0.18812272428982277
22,0.9927480056651701,0.012,15.883968090642721,0.18741654744546185
23,0.9949589682717805,0.012,15.919343492348489,0.18739262494039685
24,0.9976780559812828,0.012,15.962848895700525,0.18717515606981716
25,0.998221789012533,0.012,15.971548624200528,0.1862006604801325
26,0.9982209759091115,0.012,15.971535614545784,0.1857856029606554
27,0.9962943044929872,0.012,15.940708871887795,0.18529213957871002
28,0.9969513288303936,0.012,15.951221261286298,0.18488895239589886
29,0.9951852124951176,0.012,15.922963399921882,0.18407844162428716
30,0.9945464484231689,0.012,15.912743174770702,0.1831155010519553
31,0.9971734969590675,0.012,15.95477595134508,0.18235472783342263
32,0.997676278863293,0.012,15.962820461812688,0.18166515606978045
33,1.0000591564612473,0.012,16.000946503379957,0.181449264365905
34,1.0010089901791626,0.012,16.0161438428666,0.180176211401711
35,1.0010837039729612,0.012,16.01733926356738,0.17976931725894396
36,1.0025860701136138,0.012,16.04137712181782,0.1789719451455317
37,1.0053105531272313,0.012,16.0849688500357,0.1779638158545277
38,1.0043007362691887,0.012,16.06881178030702,0.1776323308509619
39,1.0043601257602384,0.012,16.069762012163814,0.17762104862605546
40,1.0046285161339983,0.012,16.074056258143973,0.1768190903989978
41,1.0040468967729068,0.012,16.06475034836651,0.17587974656371202
42,1.0021170217639763,0.012,16.03387234822362,0.17545687001094248
43,1.0029817843107744,0.012,16.04770854897239,0.17523323765677482
44,1.001840035735659,0.012,16.029440571770543,0.17512796989250792
45,1.0014028820560184,0.012,16.022446112896294,0.1749882923761613
46,1.0007490737744595,0.012,16.011985180391353,0.1741556473884586
47,1.0011212798883418,0.012,16.01794047821347,0.17385308331391944
48,1.0013590940297832,0.012,16.02174550447653,0.17306542466668243
49,0.9993427794483699,0.012,15.989484471173919,0.1720329686022072
50,1.0000989725510026,0.012,16.00158356081604,0.17171788251219294
51,0.9998522040526462,0.012,15.997635264842339,0.1707835730547244
52,1.001162255008205,0.012,16.01859608013128,0.16978745487131003
53,1.0000888174240892,0.012,16.001421078785427,0.16936176022737207
54,0.9967133125662276,0.012,15.947413001059642,0.16886567110664197
55,0.9958516973801448,0.012,15.933627158082317,0.16828645501588532
56,0.9957518344894591,0.012,15.932029351831346,0.1677350893343985
57,0.9968071113407044,0.012,15.948913781451271,0.166895578409129
58,0.9989491209067479,0.012,15.983185934507967,0.16650140654581333
59,1.0002181878012104,0.012,16.003491004819367,0.16623886574014662
60,1.0013988501140252,0.012,16.022381601824403,0.1658800893443202
61,1.0015076243247634,0.012,16.024121989196214,0.16484005718902328
62,1.0013000815144362,0.012,16.02080130423098,0.16399720279697028
63,0.9991616785926655,0.012,15.986586857482648,0.16346273863424418
64,0.9983116208720882,0.012,15.972985933953412,0.16254179730284074
65,0.996752690903103,0.012,15.948043054449649,0.16201032242675342
66,0.9973014149468783,0.012,15.956822639150053,0.16179505966768348
67,0.9972894482747675,0.012,15.95663117239628,0.16149561159544734
68,0.9994017903356195,0.012,15.990428645369912,0.16122866128629224
69,0.9958558085680965,0.012,15.933692937089544,0.16098526640205327
70,0.9963789144121947,0.012,15.942062630595116,0.16050039780790928
71,0.9969477051212389,0.012,15.951163281939822,0.1600032249559905
72,0.9974368990247173,0.012,15.958990384395477,0.15928355096342892
73,0.9945929043103717,0.012,15.913486468965948,0.15863887654505668
74,0.9934051499533665,0.012,15.894482399253864,0.15835092556881805
75,0.9929937631995273,0.012,15.887900211192436,0.15776396817565017
76,0.9917424748475536,0.012,15.867879597560858,0.15699878143528073
77,0.9917524250880269,0.012,15.86803880140843,0.15594116888000167
78,0.9922306697566783,0.012,15.875690716106853,0.15529734720396735
79,0.9904777288389734,0.012,15.847643661423575,0.15396587734434802
80,0.9912787305346253,0.012,15.860459688554005,0.15326460213266502
81,0.9905124981040337,0.012,15.84819996966454,0.15258175574370914
82,0.9932685207716121,0.012,15.892296332345794,0.15195481545299125
83,0.9934206635475485,0.012,15.894730616760777,0.15089669359208863
84,0.9959133839573758,0.012,15.934614143318013,0.15055993998712192
85,0.9975272720908243,0.012,15.960436353453188,0.14996224180648543
86,0.9989104142761613,0.012,15.982566628418581,0.14946152585701375
87,0.9998337935258385,0.012,15.997340696413415,0.14880386796949127
88,0.9976235100851403,0.012,15.961976161362244,0.14850052427383223
89,0.9947289130469448,0.012,15.915662608751116,0.1478165432724548
90,0.9944395239012903,0.012,15.911032382420645,0.14689168523015944
91,0.995377558176921,0.012,15.926040930830736,0.14621958631973658
92,0.9947375097465412,0.012,15.915800155944659,0.14576353883902987
93,0.99404000740354,0.012,15.90464011845664,0.14556823283148138
94,0.9945868579933893,0.012,15.913389727894229,0.14481393293543104
95,0.9916883238980329,0.012,15.867013182368526,0.1438096069763607
96,0.9933459986063219,0.012,15.89353597770115,0.1431824257574273
97,0.9929432692124017,0.012,15.887092307398428,0.1430634012417001
98,0.9910425825578899,0.012,15.856681320926238,0.1422757039017477
99,0.9903632605203112,0.012,15.84581216832498,0.1418396050862071
100,0.9893997589631381,0.012,15.83039614341021,0.1410435797316229
101,0.9870270156632321,0.012,15.792432250611714,0.14065038455282827
102,0.9882790355493161,0.012,15.812464568789057,0.13989547152860793
103,0.9885627246503154,0.012,15.817003594405046,0.13889567769178013
104,0.987892747926858,0.012,15.806283966829728,0.13869706297759687
105,0.9881362979598001,0.012,15.810180767356801,0.13877817202363563
106,0.986994659063297,0.012,15.791914545012752,0.1383402573486529
107,0.9867443179466384,0.012,15.787909087146215,0.13789800270270133
108,0.9867772446579264,0.012,15.788435914526822,0.1371176432695786
109,0.9855194546040726,0.012,15.768311273665162,0.13742545429129327
110,0.9854512228142929,0.012,15.767219565028686,0.1362084560842233
111,0.9845263328671507,0.012,15.752421325874412,0.1357998680023605
112,0.983827383318912,0.012,15.741238133102591,0.13559600186310608
113,0.9853843503632255,0.012,15.766149605811608,0.1349383002723588
114,0.9847242580928628,0.012,15.755588129485805,0.13402485997025052
115,0.9837247182276864,0.012,15.739595491642982,0.13297091704785083
116,0.9855850210948346,0.012,15.769360337517353,0.13283612728398864
117,0.9837483834206301,0.012,15.739974134730081,0.1318696223912827
118,0.9811492459697116,0.012,15.698387935515386,0.13096846612206303
119,0.9765519482560867,0.012,15.624831172097387,0.13001378243507344
120,0.9785746999265424,0.012,15.65719519882468,0.1292980806762341
121,0.979927279769065,0.012,15.67883647630504,0.1285393899570815
122,0.9826345206913168,0.012,15.72215233106107,0.12798715535198565
123,0.9821188233348203,0.012,15.713901173357124,0.12814088255959696
124,0.9816911234333872,0.012,15.707057974934195,0.1271625155546791
125,0.9820544077289972,0.012,15.712870523663955,0.12653886504311168
126,0.983713115013241,0.012,15.739409840211856,0.12565037486576233
127,0.9849739371309165,0.012,15.759582994094664,0.12529419940693462
128,0.9840219922004819,0.012,15.74435187520771,0.12473117260865142
129,0.9828285916909387,0.012,15.72525746705502,0.12482291503080362
130,0.9818290479949384,0.012,15.709264767919015,0.124074992697703
131,0.98029025510361,0.012,15.68464408165776,0.12335915631515104
132,0.9803464832217227,0.012,15.685543731547563,0.12297749305575445
133,0.9794956098579926,0.012,15.67192975772788,0.12230976086815297
134,0.9774385402958401,0.012,15.639016644733442,0.12144954020012312
135,0.9816467044502777,0.012,15.706347271204443,0.12114991315763156
136,0.9805351342630758,0.012,15.688562148209213,0.12013669398517307
137,0.9791359940741082,0.012,15.666175905185732,0.11951818672731895
138,0.9792569369762025,0.012,15.66811099161924,0.1186828785470397
139,0.9773955273840746,0.012,15.638328438145194,0.11849759209861423
140,0.9781476503206499,0.012,15.650362405130398,0.11777322169274385
141,0.9778887712628676,0.012,15.64622034020588,0.11700236255500614
142,0.9735576701486743,0.012,15.57692272237879,0.11642506110313393
143,0.9720391132226401,0.012,15.552625811562242,0.11551225581342409
144,0.9711709905409199,0.012,15.538735848654719,0.11511994632783748
145,0.9695103300595234,0.012,15.512165280952374,0.11407766188993525
146,0.9705707240830855,0.012,15.529131585329369,0.11369197256132711
147,0.96922944013192,0.012,15.50767104211072,0.113248691864515
148,0.9688935343338626,0.012,15.502296549341802,0.11272707951748107
149,0.9671047452504626,0.012,15.473675924007402,0.11236494785228932
150,0.9690181880223109,0.012,15.504291008356974,0.11194406982297717
151,0.96995793794438,0.012,15.51932700711008,0.11020038727614034
152,0.970448021372764,0.012,15.527168341964224,0.10958075368113258
153,0.9703249746419643,0.012,15.52519959427143,0.10877958028414128
154,0.9705059496880162,0.012,15.528095195008259,0.10829121550567979
155,0.9702075978132347,0.012,15.523321565011756,0.10754021826376682
156,0.97215054345686,0.012,15.55440869530976,0.10659660813158608
157,0.9737876794601882,0.012,15.580602871363011,0.10603765187070524
158,0.9726677216500459,0.012,15.562683546400734,0.10533865730188445
159,0.9713779277643824,0.012,15.542046844230118,0.10492917665740728
160,0.9719942332457155,0.012,15.551907731931449,0.10415013780486132
161,0.9704333248274233,0.012,15.526933197238773,0.10362865263291164
162,0.9719669732657558,0.012,15.551471572252092,0.10298250172809707
163,0.9726870110053126,0.012,15.562992176085002,0.10225769358293214
164,0.9728784976780092,0.012,15.566055962848147,0.10155830870951403
165,0.9734090618501342,0.012,15.574544989602147,0.10049337695560331
166,0.9744630977308133,0.012,15.591409563693013,0.09981239721112233
167,0.9750852816097756,0.012,15.60136450575641,0.09909830417288246
168,0.9756480419645245,0.012,15.610368671432392,0.09816453533164378
169,0.9775121350447742,0.012,15.640194160716387,0.09704147195535259
170,0.9760274867769577,0.012,15.616439788431324,0.09650017177621448
171,0.9783008594983706,0.012,15.65281375197393,0.09597160966675689
172,0.9780006039791074,0.012,15.648009663665718,0.0949320826237839
173,0.9777862869893311,0.012,15.644580591829298,0.09431411952047127
174,0.9803954452102754,0.012,15.686327123364407,0.093888757086953
175,0.9781665009286888,0.012,15.650664014859021,0.09388479081552596
176,0.977646036662376,0.012,15.642336586598017,0.09300895290111466
177,0.9799320387195206,0.012,15.67891261951233,0.09238202617302557
178,0.9794471590926791,0.012,15.671154545482866,0.09183566196970613
179,0.9807823166382369,0.012,15.69251706621179,0.09152166283104103
180,0.9787829313932516,0.012,15.660526902292025,0.09150920727212254
181,0.9802732401016473,0.012,15.684371841626357,0.0907834469535186
182,0.9791103486320297,0.012,15.665765578112476,0.08988074322429114
183,0.9793643521379083,0.012,15.669829634206533,0.08907433833603425
184,0.9782851388279235,0.012,15.652562221246775,0.08870571465751674
185,0.9789036488855308,0.012,15.662458382168493,0.08797534327998963
186,0.9800746382384866,0.012,15.681194211815786,0.08777355686788132
187,0.9784986474633551,0.012,15.655978359413682,0.08698056930263864
188,0.9799835346870559,0.012,15.679736554992894,0.08658425147238316
189,0.9803896373072456,0.012,15.68623419691593,0.0863209778286507
190,0.9788220339104531,0.012,15.66115254256725,0.08526523647851936
191,0.9775921601626333,0.012,15.641474562602133,0.08468999970718016
192,0.976471975871454,0.012,15.623551613943263,0.08393183426025276
193,0.9750871181724277,0.012,15.601393890758843,0.08313370551687428
194,0.9736621498539693,0.012,15.578594397663508,0.08263194537859797
195,0.9749414013614259,0.012,15.599062421782815,0.08187581159674251
196,0.9747131960437272,0.012,15.595411136699635,0.08108950182498893
197,0.9755935193202372,0.012,15.609496309123795,0.0805042186366107
198,0.9780652960569878,0.012,15.649044736911804,0.07956357702561943
199,0.9786814343287863,0.012,15.65890294926058,0.07908477444551343
200,0.9782111253390149,0.012,15.651378005424238,0.07864783468372825
201,0.9761252446519105,0.012,15.618003914430568,0.07867147559294704
202,0.9741909646646296,0.012,15.587055434634074,0.07833541777111654
203,0.9725944504628274,0.012,15.561511207405239,0.07806868268048606
204,0.9721077277363867,0.012,15.553723643782186,0.07750420955263472
205,0.9722797878684166,0.012,15.556476605894666,0.07722242978114216
206,0.9718889433932364,0.012,15.550223094291782,0.07572027466814697
207,0.970841621694942,0.012,15.533465947119073,0.07516338836507365
208,0.9702771420360433,0.012,15.524434272576693,0.07478233462046989
209,0.9718982179612861,0.012,15.550371487380577,0.07412600307749995
210,0.96975648575044,0.012,15.51610377200704,0.07392925261050172
211,0.9714808695976238,0.012,15.543693913561981,0.07322749527022161
212,0.9747374153450408,0.012,15.595798645520652,0.07251083263219381
213,0.9731151022937745,0.012,15.569841636700392,0.07185207060206851
214,0.9748205730294637,0.012,15.597129168471419,0.07095883456930575
215,0.9778305027550817,0.012,15.645288044081306,0.07007787670493414
216,0.9793352955105618,0.012,15.669364728168988,0.06962921541719509
217,0.9791724034460026,0.012,15.666758455136042,0.06934137531081042
218,0.9769914363313285,0.012,15.631862981301255,0.06913664684689037
219,0.9769718385479798,0.012,15.631549416767676,0.06836191627193132
220,0.9781715925528316,0.012,15.650745480845305,0.06806788597601109
221,0.9793983194433427,0.012,15.670373111093483,0.06805573712232459
222,0.9810873941032547,0.012,15.697398305652076,0.0678287891120507
223,0.9803400097969492,0.012,15.685440156751188,0.06724874624516931
224,0.9812493616381076,0.012,15.699989786209722,0.06663142357415833
225,0.9817636915944616,0.012,15.708219065511386,0.06614725500399869
226,0.9830902372887222,0.012,15.729443796619556,0.06550477233676769
227,0.9826213406825817,0.012,15.721941450921307,0.06464427764170272
228,0.9813410917691157,0.012,15.70145746830585,0.06438401300990662
229,0.9812758839342739,0.012,15.700414142948382,0.06400809632423378
230,0.9793916277477767,0.012,15.670266043964427,0.06281464589188203
231,0.977885998529709,0.012,15.646175976475345,0.06254663398213488
232,0.9795610908943096,0.012,15.672977454308954,0.062034245564490505
233,0.9784252840691186,0.012,15.654804545105897,0.061383004772020744
234,0.9780498399119921,0.012,15.648797438591874,0.06066751276819215
235,0.9743631706843091,0.012,15.589810730948946,0.05979813485240349
236,0.9741626089075276,0.012,15.586601742520442,0.059641063189347115
237,0.9744889868868303,0.012,15.591823790189284,0.059449329675225954
238,0.9739826128669645,0.012,15.583721805871432,0.05876152310085161
239,0.968219337649422,0.012,15.491509402390752,0.05828852220261371
240,0.969144857327188,0.012,15.506317717235008,0.058205649923481526
241,0.9685165374818191,0.012,15.496264599709106,0.057621896170340636
242,0.9675621409760474,0.012,15.480994255616759,0.05665701905086455
243,0.9665995239607211,0.012,15.465592383371538,0.05594151949363881
244,0.9687429025746556,0.012,15.499886441194489,0.05533018297441082
245,0.9676602337816573,0.012,15.482563740506517,0.05476074632288334
246,0.9680933120435179,0.012,15.489492992696286,0.05394587670609085
247,0.9699134545537187,0.012,15.518615272859499,0.052767372038797854
248,0.9696924232115669,0.012,15.51507877138507,0.05235489185848662
249,0.9677847894357534,0.012,15.484556630972055,0.05185126798307963
250,0.9698304392059061,0.012,15.517287027294497,0.05137536936235672
251,0.9673947588420612,0.012,15.478316141472979,0.05054491085412614
252,0.9693508112416388,0.012,15.50961297986622,0.05002241142764573
253,0.9694371651568064,0.012,15.510994642508903,0.049542771606060375
254,0.9706195959367978,0.012,15.529913534988765,0.04871823203508097
255,0.9702809511500969,0.012,15.524495218401551,0.048149106129981016
256,0.9695630874286206,0.012,15.51300939885793,0.04749707066241984
257,0.9716103368818791,0.012,15.545765390110066,0.04659472470301222
258,0.9745940168338717,0.012,15.593504269341947,0.046546528016226815
259,0.9721076974213735,0.012,15.553723158741976,0.045892221216692904
260,0.9727137793743514,0.012,15.563420469989623,0.045051959890440973
261,0.971692203146889,0.012,15.547075250350224,0.04436873518142061
262,0.9728943860071716,0.012,15.566310176114746,0.04360333502973648
263,0.9757238752507781,0.012,15.61158200401245,0.043078327230438036
264,0.9756501235363255,0.012,15.610401976581208,0.042901105135977474
265,0.9766698999212462,0.012,15.62671839873994,0.04239989116868374
266,0.9762501786773519,0.012,15.62000285883763,0.042332086852851565
267,0.9775462854723266,0.012,15.640740567557225,0.04165906345206815
268,0.9752545840042438,0.012,15.604073344067901,0.041158948914596725
269,0.9736206337388774,0.012,15.577930139822039,0.04003216512906923
270,0.9732889583893374,0.012,15.572623334229398,0.039504606459846416
271,0.9753008266771772,0.012,15.604813226834835,0.03897734200743199
272,0.9765913632398987,0.012,15.62546181183838,0.037997577195865044
273,0.9766348134750057,0.012,15.626157015600091,0.037422840591656396
274,0.9780052878674681,0.012,15.64808460587949,0.0368456587936857
275,0.9792839888546853,0.012,15.668543821674964,0.036082399019352555
276,0.9798892840507846,0.012,15.678228544812553,0.03559485893972888
277,0.978080985826537,0.012,15.649295773224592,0.03503552052829917
278,0.9776727747828824,0.012,15.642764396526118,0.03385229414371436
279,0.979184064646311,0.012,15.666945034340976,0.03313173653962306
280,0.9779741721457894,0.012,15.64758675433263,0.03240654151651492
281,0.9782541578324309,0.012,15.652066525318894,0.032246914361819055
282,0.9780770193070746,0.012,15.649232308913193,0.03177663661090661
283,0.9802097342087079,0.012,15.683355747339327,0.031324701770288746
284,0.9818778883219473,0.012,15.710046213151157,0.030569748812603457
285,0.9830942652801958,0.012,15.729508244483133,0.029940356012582547
286,0.984761671061005,0.012,15.75618673697608,0.029027288140984903
287,0.9836426209166396,0.012,15.738281934666233,0.028795907612796517
288,0.9834024743087606,0.012,15.73443958894017,0.028076219418785176
289,0.9835736047725671,0.012,15.737177676361073,0.027257370181579317
290,0.9856257239296135,0.012,15.770011582873815,0.026270621386076543
291,0.9854472620431051,0.012,15.767156192689681,0.02576270722178725
292,0.985338615474763,0.012,15.765417847596208,0.024910020958176887
293,0.9840844142485674,0.012,15.745350627977079,0.02442563928592313
294,0.9825912150062971,0.012,15.721459440100753,0.024007512097637643
295,0.9803624414513084,0.012,15.685799063220934,0.023229017168622634
296,0.9804817044280737,0.012,15.68770727084918,0.022241371585589247
297,0.981524131098751,0.012,15.704386097580016,0.021623809941596395
298,0.9800309909437408,0.012,15.680495855099853,0.020556143472671276
299,0.9777485046165675,0.012,15.64397607386508,0.019959453656210373
300,0.9760866893907331,0.012,15.617387030251729,0.018937989775990635
301,0.9758187644125054,0.012,15.613100230600086,0.019009239933446543
302,0.9763148730317943,0.012,15.621037968508709,0.018626115583496722
303,0.9767121114701923,0.012,15.627393783523077,0.018249010233329296
304,0.9747743285266433,0.012,15.596389256426292,0.01750785664227152
305,0.9752495995109204,0.012,15.603993592174726,0.016890481597455025
306,0.9750432860023662,0.012,15.60069257603786,0.016078718773532143
307,0.9747380685045022,0.012,15.595809096072035,0.015234459426364744
308,0.9711886833561477,0.012,15.539018933698364,0.014264106893853068
309,0.9719972401093842,0.012,15.551955841750146,0.014119230280554557
310,0.9748100194740088,0.012,15.59696031158414,0.01353625580366117
311,0.9762332218449108,0.012,15.619731549518573,0.013196649176874386
312,0.9752732634370205,0.012,15.604372214992328,0.012075267227736206
313,0.9754011926467104,0.012,15.606419082347367,0.010934606928564045
314,0.9750024742915441,0.012,15.600039588664705,0.010505042054600856
315,0.972954861894232,0.012,15.567277790307712,0.009902730669780348
316,0.9749041380229446,0.012,15.598466208367114,0.009399184411986637
317,0.9757704369185933,0.012,15.612326990697493,0.00905920653613166
318,0.9784498390849588,0.012,15.65519742535934,0.008492633460648616
319,0.9803652059081281,0.012,15.68584329453005,0.007861382695747389
320,0.979610747505481,0.012,15.673771960087697,0.0073438289866326585
321,0.9787693127667254,0.012,15.660309004267607,0.0065598902219026894
322,0.9779277630889318,0.012,15.646844209422909,0.00525926296324274
323,0.9781588506872292,0.012,15.650541610995667,0.0042681123556641
324,0.9780700227989589,0.012,15.649120364783343,0.004091102989809548
325,0.9773608912390614,0.012,15.637774259824983,0.0033165002422753044
326,0.9794814643747252,0.012,15.671703429995603,0.002868391971914594
327,0.9810139661883176,0.012,15.696223459013082,0.0021498046017184957
328,0.9821987449192026,0.012,15.715179918707241,0.0013319540249714548
329,0.9812434864725363,0.012,15.699895783560581,0.0008988273084329747
330,0.9804078232102679,0.012,15.686525171364286,0.0005169628714061609
331,0.9840600041968179,0.012,15.744960067149087,0.0
332,0.9829842996187866,0.012,15.727748793900586,0.0
333,0.9828228341758047,0.012,15.725165346812876,0.0
334,0.9813644224133252,0.012,15.701830758613204,0.0
335,0.9812000853426269,0.012,15.69920136548203,0.0
336,0.9817587990895793,0.012,15.708140785433269,0.0
337,0.9802077888245448,0.012,15.683324621192718,0.0
338,0.9807129236887953,0.012,15.691406779020724,0.0
339,0.9807104589567018,0.012,15.69136734330723,0.0
340,0.9790402093330365,0.012,15.664643349328584,0.0
341,0.9810661390130472,0.012,15.697058224208755,0.0
342,0.9824040720647851,0.012,15.718465153036561,0.0
343,0.9845272266975102,0.012,15.752435627160164,0.0
344,0.9853001555782837,0.012,15.764802489252538,0.0
345,0.984153151205817,0.012,15.746450419293073,0.0
346,0.9825932418062102,0.012,15.721491868899363,0.0
347,0.9846017100637304,0.012,15.753627361019687,0.0
348,0.9842000099299659,0.012,15.747200158879455,0.0
349,0.9839995350880666,0.012,15.743992561409065,0.0
350,0.9859506512611702,0.012,15.775210420178723,0.0
351,0.982222504539503,0.012,15.715560072632048,0.0
352,0.9824966755794492,0.012,15.719946809271187,0.0
353,0.9827826633340045,0.012,15.724522613344073,0.0
354,0.9826658419789573,0.012,15.722653471663318,0.0
355,0.9823210385720058,0.012,15.717136617152093,0.0
356,0.9842575050527154,0.012,15.748120080843446,0.0
357,0.9837852600793765,0.012,15.740564161270024,0.0
358,0.9846502236662916,0.012,15.754403578660666,0.0
359,0.9855236081770877,0.012,15.768377730833404,0.0
360,0.9862324403872488,0.012,15.77971904619598,0.0
361,0.9869887939344529,0.012,15.791820702951247,0.0
362,0.9888142227083638,0.012,15.821027563333821,0.0
363,0.9866576078856935,0.012,15.786521726171095,0.0
364,0.9894776919495979,0.012,15.831643071193566,0.0
365,0.9893599688717749,0.012,15.829759501948399,0.0
366,0.9888242060993068,0.012,15.821187297588908,0.0
367,0.9869983735400073,0.012,15.791973976640117,0.0
368,0.9848423278277517,0.012,15.757477245244027,0.0
369,0.9831132436649404,0.012,15.729811898639046,0.0
370,0.9805891039398588,0.012,15.68942566303774,0.0
371,0.9814167485239665,0.012,15.702667976383465,0.0
372,0.9805828318627656,0.012,15.68932530980425,0.0
373,0.9796104923253656,0.012,15.673767877205849,0.0
374,0.9808093562827446,0.012,15.692949700523913,0.0
375,0.9815749087712459,0.012,15.705198540339934,0.0
376,0.9836988795398072,0.012,15.739182072636915,0.0
377,0.9863605764044633,0.012,15.781769222471413,0.0
378,0.9872651854908319,0.012,15.79624296785331,0.00010307766877023497
379,0.987614678275603,0.012,15.801834852409648,0.0
380,0.9865479288653916,0.012,15.784766861846265,0.0
381,0.9868440596547194,0.012,15.789504954475511,0.0
382,0.9900628830553326,0.012,15.841006128885322,0.0
383,0.9901089675326628,0.012,15.841743480522604,0.0
384,0.9890081015699502,0.012,15.824129625119204,0.0
385,0.9901519892403685,0.012,15.842431827845896,0.0
386,0.9866436202837079,0.012,15.786297924539326,0.0
387,0.9861623388120371,0.012,15.778597420992593,0.0
388,0.9871129245325339,0.012,15.793806792520542,0.0
389,0.9855908413281544,0.012,15.769453461250471,0.00012973070364976963
390,0.9838239517277081,0.012,15.74118322764333,0.0
391,0.9821460755475592,0.012,15.714337208760947,0.0
392,0.9819412084096969,0.012,15.71105933455515,0.0
393,0.9819075658402449,0.012,15.710521053443918,0.0
394,0.9809318757529815,0.012,15.694910012047703,0.0
395,0.9820567338481977,0.012,15.712907741571163,0.0
396,0.9805333077835244,0.012,15.688532924536391,0.0
397,0.9817798587297124,0.012,15.708477739675399,0.0
398,0.9810861353078785,0.012,15.697378164926056,0.0
399,0.9792120082468366,0.012,15.667392131949386,0.0
400,0.9781764100626269,0.012,15.65082256100203,0.0
401,0.9782042950254973,0.012,15.651268720407957,0.0
402,0.9778377964829834,0.012,15.645404743727735,0.0
403,0.9777749220519294,0.012,15.64439875283087,0.0
404,0.9767894815673831,0.012,15.62863170507813,0.0
405,0.9779859685621755,0.012,15.647775496994807,0.0
406,0.9806288511986726,0.012,15.690061619178762,0.0
407,0.9814736706170186,0.012,15.703578729872298,0.0
408,0.9818867517594954,0.012,15.710188028151926,0.0
409,0.9836192105447361,0.012,15.737907368715778,0.0
410,0.9854616338992983,0.012,15.767386142388773,0.0
411,0.9847693376936294,0.012,15.75630940309807,0.0
412,0.9840216860813031,0.012,15.74434697730085,0.0
413,0.983893603115804,0.012,15.742297649852864,0.0
414,0.9838852769284769,0.012,15.742164430855631,0.0
415,0.984219593281446,0.012,15.747513492503137,0.0
416,0.9829182552746338,0.012,15.726692084394141,0.0
417,0.9828635186984637,0.012,15.725816299175419,0.0
418,0.9828242812095981,0.012,15.72518849935357,0.0
419,0.9813943174082642,0.012,15.702309078532227,0.0
420,0.9800728894268683,0.012,15.681166230829893,0.0
421,0.9799838204903298,0.012,15.679741127845277,0.0
422,0.9787130883320763,0.012,15.65940941331322,0.0
423,0.9798218060039786,0.012,15.677148896063658,0.0
424,0.9832294731655352,0.012,15.731671570648563,0.0
425,0.9850899201578007,0.012,15.761438722524812,0.0
426,0.9857302543650404,0.012,15.771684069840646,0.0
427,0.9861742321706735,0.012,15.778787714730775,0.0
428,0.9857639526340014,0.012,15.772223242144022,0.0
429,0.9866138960613219,0.012,15.78582233698115,0.0
430,0.9853945352008459,0.012,15.766312563213534,0.0
431,0.9847166049979614,0.012,15.755465679967383,0.0
432,0.9850295058412738,0.012,15.76047209346038,0.0
433,0.9868530936560158,0.012,15.789649498496253,0.0
434,0.986822576589524,0.012,15.789161225432384,0.0
435,0.9863470487647048,0.012,15.781552780235277,0.0
436,0.9860537042930391,0.012,15.776859268688625,0.0
437,0.9854081659534081,0.012,15.76653065525453,0.0
438,0.9851729984272148,0.012,15.762767974835437,0.0
439,0.9862299382448463,0.012,15.77967901191754,0.0
440,0.985617512896492,0.012,15.769880206343872,0.0
441,0.9853120028338173,0.012,15.764992045341076,0.0
442,0.9863644767719998,0.012,15.781831628351997,0.0
443,0.9867847176706287,0.012,15.78855548273006,0.0
444,0.9878511692569554,0.012,15.805618708111286,0.0
445,0.9871339812718148,0.012,15.794143700349037,0.0
446,0.9853492450676341,0.012,15.765587921082146,0.0
447,0.9825732305037431,0.012,15.72117168805989,0.0
448,0.9846340569755271,0.012,15.754144911608433,0.0
449,0.9858660758131619,0.012,15.77385721301059,0.0
450,0.984861894528341,0.012,15.757790312453457,0.0
451,0.9857851590492572,0.012,15.772562544788116,0.0
452,0.9873941713216747,0.012,15.798306741146796,0.0
453,0.9871688996364392,0.012,15.794702394183027,0.0
454,0.9867614625267401,0.012,15.788183400427842,0.0
455,0.9879470453411716,0.012,15.807152725458746,0.0
456,0.987278168856895,0.012,15.79645070171032,0.0
457,0.9864576528777698,0.012,15.783322446044316,0.0
458,0.9877020199903565,0.012,15.803232319845703,0.0
459,0.9863616747716559,0.012,15.781786796346495,0.0
460,0.9854882767922447,0.012,15.767812428675915,0.0
461,0.9838410817038272,0.012,15.741457307261236,0.0
462,0.9838522355752143,0.012,15.741635769203429,0.0
463,0.9821862096260074,0.012,15.71497935401612,0.0
464,0.9806892437226179,0.012,15.691027899561886,0.0
465,0.9805052790831476,0.012,15.68808446533036,0.0
466,0.9815735125617239,0.012,15.705176200987582,0.0001340648553818728
467,0.9823225548439063,0.012,15.7171608775025,0.0
468,0.9819741121416942,0.012,15.711585794267107,0.0
469,0.9814671729996882,0.012,15.703474767995012,0.0
470,0.9824124084780679,0.012,15.718598535649086,0.0
471,0.9829191660103203,0.012,15.726706656165124,0.0
472,0.9856081701401348,0.012,15.769730722242157,0.0
473,0.9843593631605534,0.012,15.749749810568854,0.0
474,0.9800188420032709,0.012,15.680301472052335,0.0
475,0.979678317370692,0.012,15.674853077931072,0.0
476,0.9773695690811248,0.012,15.637913105297997,0.0
477,0.9762793365730736,0.012,15.620469385169178,0.0
478,0.9749799025362483,0.012,15.599678440579973,0.0
479,0.9747130469702011,0.012,15.595408751523218,0.0
480,0.9709776370146502,0.012,15.535642192234404,0.0
481,0.9722128335364124,0.012,15.555405336582599,0.0
482,0.9700141257361603,0.012,15.520226011778565,0.0
483,0.9706181094805962,0.012,15.52988975168954,0.0
484,0.9689753761583727,0.012,15.503606018533963,0.0
485,0.9686071226536455,0.012,15.497713962458327,0.0
486,0.9658304516263589,0.012,15.453287226021743,0.0
487,0.9658505952342843,0.012,15.453609523748549,0.0
488,0.9658499290113035,0.012,15.453598864180856,0.0
489,0.9673074874961127,0.012,15.476919799937804,4.914723703546692e-05
490,0.9685130410475652,0.012,15.496208656761043,0.0
491,0.9646315305911547,0.012,15.434104489458475,0.0
492,0.9648553291930908,0.012,15.437685267089453,0.0
493,0.9653793548125567,0.012,15.446069677000906,0.0
494,0.9660976075408476,0.012,15.457561720653562,0.0
495,0.9668056793220499,0.012,15.468890869152798,0.0
496,0.9662575202676381,0.012,15.46012032428221,0.0
497,0.964231558363105,0.012,15.42770493380968,0.0
498,0.9635384341023635,0.012,15.416614945637816,0.0
499,0.9626622441331457,0.012,15.402595906130331,0.0
500,0.9645613115950713,0.012,15.43298098552114,0.0
501,0.9649663407922424,0.012,15.439461452675879,0.0
502,0.9630327150532667,0.012,15.408523440852267,0.0
503,0.9617200386127684,0.012,15.387520617804295,0.0
504,0.9610303652897411,0.012,15.376485844635857,0.0
505,0.9610430262393935,0.012,15.376688419830296,0.0
506,0.9611194635699363,0.012,15.37791141711898,0.0
507,0.9596667651468206,0.012,15.35466824234913,0.0
508,0.9614071723328016,0.012,15.382514757324826,0.0
509,0.9624149617049914,0.012,15.398639387279863,0.0
510,0.9607698459316052,0.012,15.372317534905683,0.0
511,0.9592866942822268,0.012,15.348587108515629,0.0
512,0.9601474079552514,0.012,15.362358527284023,0.0
513,0.9591056740952862,0.012,15.34569078552458,0.0
514,0.9609749805767042,0.012,15.375599689227267,0.0
515,0.9616469325128609,0.012,15.386350920205775,0.0
516,0.9604509551783634,0.012,15.367215282853815,0.0
517,0.961473855819045,0.012,15.38358169310472,0.0
518,0.9621709767676123,0.012,15.394735628281797,0.0
519,0.9604330925852751,0.012,15.366929481364402,0.0
520,0.9621985173844738,0.012,15.395176278151581,0.0
521,0.9614433159530088,0.012,15.38309305524814,0.0
522,0.9608273794392895,0.012,15.373238071028632,0.0
523,0.9625299722557409,0.012,15.400479556091854,0.0
524,0.9655141626337443,0.012,15.44822660213991,0.0
525,0.9659144546311276,0.012,15.454631274098041,0.0002503501444182395
526,0.9657691359119177,0.012,15.452306174590683,0.0
527,0.9662258947327622,0.012,15.459614315724195,0.0
528,0.9645896690638645,0.012,15.433434705021831,0.0
529,0.9653811888035184,0.012,15.446099020856295,0.0
530,0.9638564128934934,0.012,15.421702606295895,0.0
531,0.9630955768567153,0.012,15.409529229707445,0.0
532,0.9661057114407321,0.012,15.457691383051714,0.0
533,0.9654325142725377,0.012,15.446920228360604,0.0
534,0.965671303566405,0.012,15.45074085706248,0.0
535,0.9656631406467852,0.012,15.450610250348563,0.0
536,0.9656464376395011,0.012,15.450343002232017,0.0
537,0.9621914158635662,0.012,15.395062653817059,0.0
538,0.9602094991442448,0.012,15.363351986307917,0.0
539,0.9624128296568055,0.012,15.398605274508888,0.0
540,0.9628066709778694,0.012,15.40490673564591,0.0
541,0.9619117096398367,0.012,15.390587354237388,0.0
542,0.960465063559238,0.012,15.367441016947808,0.0
543,0.961166567563857,0.012,15.378665081021712,0.0
544,0.9607903980601507,0.012,15.37264636896241,0.0
545,0.9635008318066652,0.012,15.416013308906644,0.0
546,0.9645003944968903,0.012,15.432006311950245,0.0
547,0.9688917256361395,0.012,15.502267610178231,5.76527876392669e-05
548,0.967844457015377,0.012,15.485511312246032,0.0
549,0.9688535091553216,0.012,15.501656146485146,0.0
550,0.9691862610222923,0.012,15.506980176356677,0.0
551,0.9706939840769131,0.012,15.53110374523061,0.0
552,0.971300384501299,0.012,15.540806152020783,0.0
553,0.9718716735975858,0.012,15.549946777561372,0.0
554,0.9734498422195829,0.012,15.575197475513326,0.0
555,0.9753780191340589,0.012,15.606048306144942,0.0
556,0.9757709948518806,0.012,15.612335917630089,0.0
557,0.9762890443850247,0.012,15.620624710160396,0.0
558,0.9748312313762806,0.012,15.59729970202049,0.0
559,0.9747634225373752,0.012,15.596214760598004,0.0
560,0.9739062585669349,0.012,15.582500137070959,0.0
561,0.9742080261837485,0.012,15.587328418939975,0.0
562,0.9753033004326148,0.012,15.604852806921837,0.0
563,0.9746670084245211,0.012,15.594672134792338,0.0
564,0.9759926230249502,0.012,15.615881968399203,0.0
565,0.9742784703902122,0.012,15.588455526243395,0.0
566,0.9740424895257118,0.012,15.584679832411389,0.0
567,0.9730819169181611,0.012,15.569310670690578,0.0
568,0.971975858768092,0.012,15.551613740289472,0.0
569,0.9716212937240778,0.012,15.545940699585245,0.0
570,0.970865062589402,0.012,15.533841001430432,0.0
571,0.9683502558476057,0.012,15.493604093561691,0.0
572,0.9698972298839411,0.012,15.518355678143058,0.0
573,0.9679269370864623,0.012,15.486830993383396,0.0
574,0.9694541996886238,0.012,15.51126719501798,0.0
575,0.9691044704882731,0.012,15.50567152781237,0.0
576,0.967644204601163,0.012,15.482307273618607,0.0
577,0.9684628895960044,0.012,15.49540623353607,0.0
578,0.9676831235116048,0.012,15.482929976185677,0.0
579,0.9687965937059345,0.012,15.500745499294952,0.0
580,0.9662851814538778,0.012,15.460562903262044,0.0
581,0.9663748947169422,0.012,15.461998315471075,0.0
582,0.9679036473742402,0.012,15.486458357987843,0.0
583,0.9690799116592639,0.012,15.505278586548222,0.0
584,0.9703242215596786,0.012,15.525187544954857,0.0
585,0.9714102538926637,0.012,15.542564062282619,0.0
586,0.9742021766850257,0.012,15.587234826960412,0.0
587,0.9735932241104281,0.012,15.57749158576685,0.0
588,0.973526225271551,0.012,15.576419604344816,0.0
589,0.9755602676634157,0.012,15.608964282614652,0.0
590,0.9747268321847546,0.012,15.595629314956074,0.0
591,0.9739054394335586,0.012,15.582487030936937,0.0
592,0.9726317424950124,0.012,15.562107879920198,0.0
593,0.9726731666373425,0.012,15.56277066619748,0.0
594,0.9750309227632903,0.012,15.600494764212645,0.0
595,0.9776059136123926,0.012,15.641694617798281,0.0
596,0.976442668556567,0.012,15.623082696905072,0.0
597,0.9754002349242555,0.012,15.606403758788089,0.0
598,0.9765880077464509,0.012,15.625408123943215,0.0
599,0.9770659052633857,0.012,15.63305448421417,0.0
600,0.9751513400266271,0.012,15.602421440426033,0.0
601,0.9772550510704981,0.012,15.63608081712797,0.0
602,0.9754272699770801,0.012,15.606836319633281,0.0
603,0.9744873824142348,0.012,15.591798118627757,0.0
604,0.9742599647459692,0.012,15.588159435935507,0.0
605,0.9734307005960608,0.012,15.574891209536974,0.0
606,0.9739167994069263,0.012,15.582668790510821,0.0
607,0.9726679646068768,0.012,15.562687433710028,0.0
608,0.9734611658105684,0.012,15.575378652969095,0.0
609,0.9743745419877943,0.012,15.589992671804708,0.0
610,0.9719164904721944,0.012,15.55066384755511,0.0
611,0.9724352881435503,0.012,15.558964610296805,0.0
612,0.9729051805271508,0.012,15.566482888434413,0.0
613,0.9721213475011566,0.012,15.553941560018506,0.0
614,0.9725414459992208,0.012,15.560663135987532,0.0
615,0.9712231797454792,0.012,15.539570875927668,0.0
616,0.9726817638676823,0.012,15.562908221882918,0.0
617,0.9726395079792647,0.012,15.562232127668235,0.0
618,0.9738968836746851,0.012,15.582350138794961,0.0
619,0.9736338383725509,0.012,15.578141413960815,0.0
620,0.9740302854410119,0.012,15.58448456705619,0.0
621,0.9725930253830773,0.012,15.561488406129238,0.0
622,0.9726526208335002,0.012,15.562441933336004,0.0
623,0.9725840005001725,0.012,15.56134400800276,0.00021056820374616074
624,0.9742272552846591,0.012,15.587636084554546,0.0
625,0.9768124299679554,0.012,15.628998879487286,0.0
626,0.9779985243491025,0.012,15.64797638958564,0.0
627,0.9766643452362734,0.012,15.626629523780375,0.0
628,0.975588022772944,0.012,15.609408364367104,0.0
629,0.9770153337465322,0.012,15.632245339944514,0.0
630,0.974962305142547,0.012,15.599396882280752,0.0
631,0.9721051070985374,0.012,15.553681713576598,0.0
632,0.9716486910771114,0.012,15.546379057233782,0.0
633,0.9700661646144488,0.012,15.521058633831181,0.0
634,0.9706036258704043,0.012,15.529658013926468,0.0
635,0.9714948622540845,0.012,15.543917796065353,0.0
636,0.9696653024937452,0.012,15.514644839899923,0.0
637,0.9727303840168149,0.012,15.563686144269038,0.0
638,0.9740404514357105,0.012,15.584647222971368,0.0
639,0.9729291723117662,0.012,15.56686675698826,0.0
640,0.9739990934593805,0.012,15.583985495350088,0.0
641,0.9733868928637295,0.012,15.574190285819672,0.0
642,0.9737085754609577,0.012,15.579337207375323,0.0
643,0.973597555759365,0.012,15.57756089214984,0.0
644,0.9749146878839146,0.012,15.598635006142633,0.0
645,0.9783800659122056,0.012,15.65408105459529,0.0
646,0.9773322944310362,0.012,15.63731671089658,0.0
647,0.9808993239462973,0.012,15.694389183140757,0.0
648,0.9808961531634748,0.012,15.694338450615597,0.0
649,0.9835321696697786,0.012,15.736514714716458,0.0
650,0.9839494281321767,0.012,15.743190850114827,0.0
651,0.9826398719685574,0.012,15.722237951496918,0.0
652,0.9826886701368281,0.012,15.72301872218925,0.0
653,0.9829742384977402,0.012,15.727587815963844,4.581045416862455e-05
654,0.9837269348020462,0.012,15.73963095683274,0.0
655,0.9837833754510366,0.012,15.740534007216585,0.0
656,0.9856863072123627,0.012,15.770980915397804,0.0
657,0.9855451731109628,0.012,15.768722769775405,0.0
658,0.9857235685925817,0.012,15.771577097481307,0.0
659,0.9871514405783958,0.012,15.794423049254332,0.0
660,0.9881884373244373,0.012,15.811014997190997,0.0
661,0.9906101703832259,0.012,15.849762726131614,0.0
662,0.9912011771148992,0.012,15.859218833838387,0.0
663,0.9917105780375114,0.012,15.867369248600182,0.0
664,0.9892051903121624,0.012,15.827283044994598,0.0
665,0.9906769491342904,0.012,15.850831186148646,0.0
666,0.9926471419491742,0.012,15.882354271186788,0.0
667,0.9923288242453767,0.012,15.877261187926027,0.0
668,0.9935990297817413,0.012,15.89758447650786,0.0
669,0.9966812958933069,0.012,15.94690073429291,0.0
670,0.9955443227539383,0.012,15.928709164063013,0.0
671,0.9967441049913679,0.012,15.947905679861886,0.0
672,0.9983238210556931,0.012,15.973181136891089,0.0
673,0.9964147762262746,0.012,15.942636419620394,0.0
674,0.9967242665116605,0.012,15.947588264186567,0.0
675,0.9936559022011481,0.012,15.89849443521837,0.0
676,0.9962735514168415,0.012,15.940376822669464,0.0
677,0.9947590592574506,0.012,15.916144948119209,0.0
678,0.9915866072350236,0.012,15.865385715760377,0.0
679,0.9887045560664798,0.012,15.819272897063676,0.0
680,0.9904857005643951,0.012,15.847771209030322,0.0
681,0.9910330535246019,0.012,15.85652885639363,0.0
682,0.9909108807584044,0.012,15.85457409213447,0.0
683,0.991493413590472,0.012,15.863894617447553,0.0
684,0.9925145466490859,0.012,15.880232746385374,2.4484967300861227e-05
685,0.9935308249278272,0.012,15.896493198845235,0.0
686,0.9959971425338056,0.012,15.935954280540889,0.0
687,0.9964331472298756,0.012,15.94293035567801,0.0
688,0.9930050708065516,0.012,15.888081132904826,0.0
689,0.9934623140031409,0.012,15.895397024050254,0.0
690,0.9932719579040418,0.012,15.892351326464668,0.0
691,0.9934178554062155,0.012,15.894685686499448,0.0
692,0.9931736721313585,0.012,15.890778754101737,0.0
693,0.9922846056711099,0.012,15.876553690737758,0.0
694,0.9902772012390796,0.012,15.844435219825273,0.0
695,0.9904764041827107,0.012,15.84762246692337,0.0
696,0.9924747301802337,0.012,15.879595682883739,0.0
697,0.9901873606142747,0.012,15.842997769828395,0.0
698,0.9924068078257141,0.012,15.878508925211426,0.0
699,0.9935497156056969,0.012,15.896795449691151,0.0
700,0.9924067160846511,0.012,15.878507457354418,0.0
701,0.9938311317628208,0.012,15.901298108205133,0.0
702,0.9945932386240659,0.012,15.913491817985054,0.0
703,0.9956140178914966,0.012,15.929824286263946,0.0
704,0.9967524024510547,0.012,15.948038439216875,0.0
705,0.9967114218210426,0.012,15.94738274913668,0.0
706,0.9953724044631209,0.012,15.925958471409935,0.0
707,0.9969805069556547,0.012,15.951688111290474,5.464204169687613e-06
708,0.9953626815383623,0.012,15.925802904613796,0.0
709,0.9952716190349764,0.012,15.924345904559623,0.0
710,0.9961608375156245,0.012,15.938573400249991,0.0
711,0.9947227419381517,0.012,15.915563871010427,0.0
712,0.9960786469593724,0.012,15.937258351349959,0.0
713,0.9990588348097923,0.012,15.984941356956677,0.0
714,0.9981111503582281,0.012,15.969778405731649,0.0
715,0.9977309993358365,0.012,15.963695989373385,0.0
716,0.9976992518582438,0.012,15.963188029731901,0.0
717,1.0007106428032715,0.012,16.011370284852344,0.0
718,1.0020662095874835,0.012,16.033059353399736,0.0
719,1.0024852210403232,0.012,16.03976353664517,0.0
720,1.0037551271033236,0.012,16.060082033653178,0.0
721,1.0023496187553542,0.012,16.037593900085668,0.0
722,1.0022458378477905,0.012,16.03593340556465,0.0
723,1.0029931844212814,0.012,16.047890950740502,0.0
724,1.0044526846058883,0.012,16.071242953694213,0.0
725,1.0057931512462335,0.012,16.092690419939736,0.0
726,1.0074451367092563,0.012,16.1191221873481,0.0
727,1.0083664074847964,0.012,16.133862519756743,0.0
728,1.0087627753221458,0.012,16.140204405154332,0.0
729,1.0103767280886395,0.012,16.166027649418233,0.0
730,1.0064588644437016,0.012,16.103341831099225,0.0
731,1.008952710781016,0.012,16.143243372496254,0.0
732,1.0107422316641277,0.012,16.171875706626043,0.0
733,1.007307001354737,0.012,16.11691202167579,0.0
734,1.0077720929282556,0.012,16.12435348685209,0.0
735,1.0079018419458345,0.012,16.126429471133353,0.0
736,1.0082005993628478,0.012,16.131209589805565,0.0
737,1.0072714653252204,0.012,16.116343445203526,0.0
738,1.00671996064041,0.012,16.10751937024656,0.0
739,1.0050433546233686,0.012,16.080693673973897,0.0
740,1.0051500508362892,0.012,16.082400813380627,0.0
741,1.0050370122472514,0.012,16.080592195956022,0.0
742,1.0058220649171938,0.012,16.0931530386751,0.0
743,1.006822971921018,0.012,16.109167550736288,0.0
744,1.0061173484767971,0.012,16.097877575628754,0.0
745,1.0068702572123394,0.012,16.10992411539743,0.0
746,1.0073191126255676,0.012,16.117105802009082,0.0
747,1.0091288063524144,0.012,16.14606090163863,0.0
748,1.0105773179800872,0.012,16.169237087681395,0.0
749,1.0083334314943229,0.012,16.133334903909166,0.0
750,1.0101115587901672,0.012,16.161784940642676,0.0
751,1.0082622870509383,0.012,16.132196592815014,0.0
752,1.007007909065858,0.012,16.112126545053727,0.0
753,1.0076410895942811,0.012,16.122257433508498,0.0
754,1.0067882768728333,0.012,16.108612429965333,0.0
755,1.0061853350367738,0.012,16.09896536058838,0.0
756,1.0063500270476413,0.012,16.10160043276226,0.0
757,1.0070904102561422,0.012,16.113446564098275,0.0
758,1.007840755755922,0.012,16.12545209209475,0.0
759,1.007115340648566,0.012,16.113845450377056,0.0
760,1.007052469630591,0.012,16.112839514089455,0.0
761,1.0064259229339934,0.012,16.102814766943894,0.0
762,1.003843958948707,0.012,16.06150334317931,0.0
763,1.0040985810143606,0.012,16.06557729622977,4.2938606205612036e-05
764,1.0038170611829684,0.012,16.061072978927495,0.0
765,1.0055972704645435,0.012,16.089556327432696,0.0
766,1.0056940009771669,0.012,16.09110401563467,0.0
767,1.0083379495901186,0.012,16.133407193441897,0.0
768,1.0082509651335148,0.012,16.132015442136236,0.0
769,1.008062216853574,0.012,16.128995469657184,0.0
770,1.008384935493375,0.012,16.134158967894,0.0
771,1.0092084298167765,0.012,16.147334877068424,0.0
772,1.0103031786779277,0.012,16.164850858846844,0.0
773,1.008608853819722,0.012,16.13774166111555,0.0
774,1.009884981591485,0.012,16.15815970546376,0.0
775,1.0102042613147555,0.012,16.163268181036088,0.0
776,1.011598817854468,0.012,16.185581085671487,0.0
777,1.0097201251373324,0.012,16.15552200219732,0.0
778,1.0124760599180835,0.012,16.199616958689337,0.0
779,1.0120830082365364,0.012,16.193328131784583,0.0
780,1.0135897245571694,0.012,16.21743559291471,0.0
781,1.0134859761497006,0.012,16.21577561839521,0.0
782,1.0151138220716927,0.012,16.241821153147082,0.0
783,1.014672537827786,0.012,16.234760605244578,0.0
784,1.0121161976881758,0.012,16.193859163010814,0.0
785,1.0128384810687736,0.012,16.205415697100378,0.0
786,1.0131948273266085,0.012,16.211117237225736,0.0
787,1.0145474663901342,0.012,16.232759462242146,0.0
788,1.0126296318327288,0.012,16.20207410932366,0.0
789,1.0126661802352042,0.012,16.202658883763267,0.0
790,1.0150100313156858,0.012,16.240160501050973,0.0
791,1.0160874763540553,0.012,16.257399621664884,0.0
792,1.0195842312855976,0.012,16.31334770056956,0.0
793,1.0187005926448574,0.012,16.299209482317718,0.0
794,1.0206197850340355,0.012,16.329916560544568,0.0
795,1.0230386542426977,0.012,16.368618467883163,0.0
796,1.0242610456600378,0.012,16.388176730560605,0.0
797,1.0218467169259549,0.012,16.349547470815278,0.0
798,1.0196286152719918,0.012,16.31405784435187,0.0
799,1.0198684919415386,0.012,16.317895871064618,0.0
800,1.0212291343514452,0.012,16.339666149623124,0.0
801,1.0188362048776787,0.012,16.30137927804286,0.0
802,1.0168631828164074,0.012,16.26981092506252,0.0
803,1.018678911598643,0.012,16.298862585578288,0.0
804,1.019126535397737,0.012,16.306024566363792,0.0
805,1.0226171636104098,0.012,16.361874617766556,0.0
806,1.0261678959752438,0.012,16.4186863356039,0.0
807,1.0252297721977217,0.012,16.403676355163547,0.0001678984470801009
808,1.0235340229805856,0.012,16.37654436768937,0.0
809,1.0229490527930327,0.012,16.367184844688524,0.0
810,1.0261149403137426,0.012,16.417839045019882,0.0
811,1.0273749135131032,0.012,16.43799861620965,0.0
812,1.0257668741152968,0.012,16.41226998584475,0.0
813,1.0230108835848206,0.012,16.36817413735713,0.0
814,1.0232689446721195,0.012,16.37230311475391,0.0
815,1.022908587293452,0.012,16.366537396695232,0.0
816,1.0242940599929535,0.012,16.388704959887257,0.0
817,1.0247820209326894,0.012,16.39651233492303,0.0
818,1.0258665994320366,0.012,16.413865590912586,0.0
819,1.0246594869330947,0.012,16.394551790929516,0.0
820,1.0264210822638713,0.012,16.42273731622194,0.0
821,1.025539302593755,0.012,16.40862884150008,0.0
822,1.0263362184706855,0.012,16.421379495530967,0.0
823,1.0273480561909716,0.012,16.437568899055545,0.0
824,1.0306022053252755,0.012,16.489635285204407,0.0
825,1.0318554940993725,0.012,16.50968790558996,0.0
826,1.0275214338111984,0.012,16.440342940979175,0.0
827,1.0278235577147743,0.012,16.44517692343639,0.0
828,1.0269010227938333,0.012,16.430416364701333,0.0
829,1.024411506354841,0.012,16.390584101677454,0.0
830,1.0253963847730105,0.012,16.40634215636817,0.0
831,1.0245205247728333,0.012,16.392328396365333,0.0
832,1.0215967958167618,0.012,16.34554873306819,0.0
833,1.0227945505654878,0.012,16.364712809047806,0.0
834,1.0205856200916459,0.012,16.329369921466334,0.0
835,1.0225643215812785,0.012,16.361029145300456,2.6971818519859947e-05
836,1.022893505028952,0.012,16.366296080463233,0.0
837,1.0198395932717006,0.012,16.31743349234721,0.0
838,1.0196407912886238,0.012,16.31425266061798,0.0
839,1.019960936563991,0.012,16.319374985023856,0.0
840,1.0175802323161884,0.012,16.281283717059015,0.0
841,1.0177432040960313,0.012,16.2838912655365,0.0
842,1.0196419048348304,0.012,16.314270477357287,0.0
843,1.0221077334343813,0.012,16.3537237349501,0.0
844,1.022369561416095,0.012,16.35791298265752,0.0
845,1.0217797305386338,0.012,16.34847568861814,0.0
846,1.0209842643482296,0.012,16.335748229571674,0.0
847,1.0189938263632885,0.012,16.303901221812616,0.0
848,1.0186028364908453,0.012,16.297645383853524,0.0
849,1.0166021844933255,0.012,16.265634951893208,0.0
850,1.0158257786600917,0.012,16.253212458561467,0.0
851,1.0160177143240554,0.012,16.256283429184887,0.0
852,1.0165454682245447,0.012,16.264727491592716,0.0
853,1.0190110826126986,0.012,16.304177321803177,0.0
854,1.0145790858098378,0.012,16.233265372957405,0.0
855,1.0121661495408898,0.012,16.194658392654237,0.0
856,1.0132826120446696,0.012,16.212521792714714,0.0
857,1.0125961955299698,0.012,16.201539128479517,0.0
858,1.0102989611723017,0.012,16.164783378756827,0.0
859,1.011088112888698,0.012,16.177409806219167,0.0
860,1.0093066092994358,0.012,16.148905748790973,0.0
861,1.0104871657518022,0.012,16.167794652028835,0.0
862,1.0109290952434384,0.012,16.174865523895015,0.0
863,1.0110958167668518,0.012,16.17753306826963,0.0
864,1.0105955472919184,0.012,16.169528756670694,0.0
865,1.005888818182029,0.012,16.094221090912463,0.0
866,1.0063755217752162,0.012,16.10200834840346,0.0
867,1.0052349574034416,0.012,16.083759318455066,0.0
868,1.0058378344827705,0.012,16.09340535172433,0.0
869,1.0075690742909227,0.012,16.121105188654763,0.0
870,1.0063642392369416,0.012,16.101827827791066,0.0
871,1.006684606682703,0.012,16.10695370692325,0.0
872,1.0076825706939152,0.012,16.122921131102643,0.0
873,1.0078814607819386,0.012,16.126103372511018,0.0
874,1.0090884368492552,0.012,16.145414989588083,0.0
875,1.009962709046835,0.012,16.15940334474936,0.0
876,1.0106063815457342,0.012,16.169702104731748,0.0
877,1.0105708192587672,0.012,16.169133108140276,0.0
878,1.0128860216603601,0.012,16.206176346565762,0.0
879,1.012881670288509,0.012,16.206106724616145,0.0
880,1.0114300875497888,0.012,16.18288140079662,0.0
881,1.0137324989815562,0.012,16.2197199837049,0.0
882,1.0177263179595144,0.012,16.28362108735223,0.0
883,1.018908932919661,0.012,16.302542926714576,0.0
884,1.0194321418902312,0.012,16.3109142702437,0.0
885,1.0183795248015948,0.012,16.294072396825516,0.0
886,1.01733513995413,0.012,16.27736223926608,0.0
887,1.0187418632879,0.012,16.2998698126064,0.0
888,1.0168863853788184,0.012,16.270182166061094,0.0
889,1.01598437580031,0.012,16.25575001280496,0.0
890,1.0161296765450762,0.012,16.25807482472122,0.0
891,1.016580658906924,0.012,16.265290542510783,0.0
892,1.0162241203788596,0.012,16.259585926061753,0.0
893,1.0177054414037319,0.012,16.28328706245971,0.0
894,1.0174076070131632,0.012,16.278521712210612,0.0
895,1.0150832245068053,0.012,16.241331592108885,0.0
896,1.0132695159392822,0.012,16.212312255028515,0.0
897,1.0131469232133685,0.012,16.210350771413896,0.0
898,1.01524807516876,0.012,16.24396920270016,0.0
899,1.0170655120583805,0.012,16.273048192934088,0.0
900,1.0173751977602075,0.012,16.27800316416332,0.0
901,1.0196425739560009,0.012,16.314281183296014,0.0
902,1.018807315478135,0.012,16.30091704765016,0.0
903,1.0224799695061795,0.012,16.35967951209887,0.0
904,1.0217844342682947,0.012,16.348550948292715,0.0
905,1.0242782236599963,0.012,16.38845157855994,0.0
906,1.0213721942911649,0.012,16.341955108658638,0.0
907,1.022222487973063,0.012,16.35555980756901,0.0
908,1.0213123992093833,0.012,16.340998387350133,0.0
909,1.021592986292714,0.012,16.345487780683424,0.0
910,1.0233614715368626,0.012,16.373783544589802,0.0
911,1.024425148339,0.012,16.390802373424,0.0
912,1.0224272682638123,0.012,16.358836292220996,0.0
913,1.0235810423555478,0.012,16.377296677688765,0.0
914,1.0242804975271773,0.012,16.388487960434837,0.0
915,1.0233693668652728,0.012,16.373909869844365,0.0
916,1.0218089264363728,0.012,16.348942822981964,0.0
917,1.0231309459040243,0.012,16.37009513446439,0.0
918,1.0259839756827858,0.012,16.415743610924572,0.0
919,1.0279563892946624,0.012,16.447302228714598,0.0
920,1.0257807090537538,0.012,16.41249134486006,0.0
921,1.0265231331713438,0.012,16.4243701307415,0.0
922,1.0275176545844162,0.012,16.44028247335066,0.0
923,1.0265422156944857,0.012,16.42467545111177,0.0
924,1.0284822434326006,0.012,16.45571589492161,0.0
925,1.0291561134623044,0.012,16.46649781539687,0.0
926,1.0294812177772956,0.012,16.47169948443673,0.0
927,1.0275049076123355,0.012,16.440078521797368,0.0
928,1.0258487536165948,0.012,16.413580057865516,0.0
929,1.0267478586182954,0.012,16.427965737892727,0.0
930,1.0254655351219388,0.012,16.40744856195102,0.0
931,1.0251434526197807,0.012,16.40229524191649,0.0
932,1.0260302687122103,0.012,16.416484299395364,0.0
933,1.0264893498441856,0.012,16.42382959750697,0.0
934,1.0267039782785456,0.012,16.42726365245673,0.0
935,1.0255312974275639,0.012,16.408500758841022,0.0
936,1.0245107230152284,0.012,16.392171568243654,0.0
937,1.0216692620830838,0.012,16.34670819332934,0.0
938,1.018560268797928,0.012,16.29696430076685,0.0
939,1.0168745616040986,0.012,16.269992985665578,0.0
940,1.0156578250359394,0.012,16.25052520057503,0.0
941,1.0150961167400971,0.012,16.241537867841554,0.0
942,1.0121437543564267,0.012,16.194300069702827,0.0
943,1.0085147417300335,0.012,16.136235867680536,0.0
944,1.0079915457699695,0.012,16.127864732319512,0.0
945,1.0070643363912466,0.012,16.113029382259946,0.0
946,1.0080186462933143,0.012,16.12829834069303,0.0
947,1.0056707756390457,0.012,16.09073241022473,0.0
948,1.003586457670859,0.012,16.057383322733745,0.0
949,1.0056430316124667,0.012,16.090288505799467,0.0
950,1.0056271872048597,0.012,16.090034995277755,0.0
951,1.0051334393925928,0.012,16.082135030281485,0.0
952,1.005649109866831,0.012,16.090385757869296,0.0
953,1.0050579190763294,0.012,16.08092670522127,0.0
954,1.002013662846166,0.012,16.032218605538656,0.0
955,1.0029522185225435,0.012,16.047235496360695,0.0
956,1.0031150459683136,0.012,16.049840735493017,0.0
957,1.00229586380584,0.012,16.03673382089344,0.0
958,1.0039260787075415,0.012,16.062817259320664,0.0
959,1.0033815325431825,0.012,16.05410452069092,0.0
960,1.0033396990538361,0.012,16.053435184861378,0.0
961,1.0012185981706123,0.012,16.019497570729797,0.0
962,1.0035597411726862,0.012,16.05695585876298,0.0
963,1.004330886314915,0.012,16.06929418103864,0.0
964,1.0046817554519771,0.012,16.074908087231634,0.0
965,1.0042633447383018,0.012,16.06821351581283,0.0
966,1.0038169834205197,0.012,16.061071734728316,0.0
967,1.0066383635315574,0.012,16.10621381650492,0.0
968,1.0035685444813423,0.012,16.057096711701476,0.0
969,1.0016339884398304,0.012,16.026143815037287,0.0
970,1.0002146319826606,0.012,16.00343411172257,0.0
971,0.9985438722184996,0.012,15.976701955495994,0.0
972,0.9979790351419369,0.012,15.96766456227099,0.0
973,0.9969411368999016,0.012,15.951058190398426,0.0
974,0.9936921922271136,0.012,15.899075075633817,0.0
975,0.9949794706552477,0.012,15.919671530483964,0.0
976,0.9961807555793937,0.012,15.938892089270299,0.0
977,0.9963873861615622,0.012,15.942198178584995,0.0
978,0.9950962916464335,0.012,15.921540666342937,0.0
979,0.9923061292899503,0.012,15.876898068639205,0.0
980,0.9916549545051795,0.012,15.866479272082872,0.0
981,0.9928417440777131,0.012,15.88546790524341,0.0
982,0.9915644438050826,0.012,15.865031100881321,0.0
983,0.9900232435140013,0.012,15.84037189622402,0.0
984,0.9890312850693853,0.012,15.824500561110165,0.0
985,0.9863136142826776,0.012,15.781017828522842,0.0
986,0.9859937485594992,0.012,15.775899976951987,0.0
987,0.9846949470638922,0.012,15.755119153022275,0.0
988,0.9869510440223235,0.012,15.791216704357176,0.0
989,0.985595295289248,0.012,15.769524724627969,0.0
990,0.9864445104146629,0.012,15.783112166634606,0.0
991,0.9861032776429789,0.012,15.777652442287662,0.0
992,0.9866907668544234,0.012,15.787052269670774,0.0
993,0.9838623127953713,0.012,15.74179700472594,0.0
994,0.9867017333451384,0.012,15.787227733522215,0.0
995,0.9865341000492155,0.012,15.784545600787448,0.0
996,0.9891879884672109,0.012,15.827007815475374,0.0
997,0.9910982560163665,0.012,15.857572096261864,0.0
998,0.9902939081759593,0.012,15.844702530815349,0.0
999,0.9889617969365831,0.012,15.82338875098533,0.0
1000,0.9896271052580088,0.012,15.83403368412814,0.0
1001,0.9883747858715741,0.012,15.813996573945186,0.0
1002,0.9858926485621332,0.012,15.774282376994131,0.0
1003,0.9835771019367835,0.012,15.737233630988536,0.0
1004,0.9824343261925258,0.012,15.718949219080413,0.0
1005,0.9856803444571476,0.012,15.770885511314361,0.0
1006,0.9852122699428265,0.012,15.763396319085224,0.0
1007,0.9830505836330301,0.012,15.728809338128482,0.0
1008,0.9843782413358718,0.012,15.750051861373949,0.0
1009,0.9847737253928687,0.012,15.756379606285899,0.0
1010,0.9854183939434414,0.012,15.766694303095063,0.0
1011,0.9858677192975761,0.012,15.773883508761218,0.0
1012,0.9865837777353587,0.012,15.785340443765739,0.0
1013,0.9880527062379874,0.012,15.808843299807798,0.0
1014,0.9891885333571687,0.012,15.8270165337147,0.0
1015,0.988020883707062,0.012,15.808334139312992,0.0
1016,0.9909438149081184,0.012,15.855101038529895,0.0
1017,0.9924396344516669,0.012,15.879034151226671,0.0
1018,0.9947346186751087,0.012,15.91575389880174,0.0
1019,0.9915064106831043,0.012,15.864102570929669,0.0
1020,0.9897953651865733,0.012,15.836725842985173,0.0
1021,0.9896376850555763,0.012,15.83420296088922,0.0
1022,0.9898783164798447,0.012,15.838053063677515,0.0
1023,0.9901915938210657,0.012,15.843065501137051,0.0
1024,0.9914263624040449,0.012,15.862821798464719,0.0
1025,0.9919326936458096,0.012,15.870923098332954,0.0
1026,0.9906062830423807,0.012,15.849700528678092,0.0
1027,0.9913547510796997,0.012,15.861676017275196,0.0
1028,0.9912879071867495,0.012,15.860606514987992,0.0
1029,0.9907992366948407,0.012,15.852787787117451,0.0
1030,0.9903478411378474,0.012,15.845565458205558,0.0
1031,0.9902268806133941,0.012,15.843630089814306,0.0
1032,0.9884245445842262,0.012,15.81479271334762,0.0
1033,0.9884182744599783,0.012,15.814692391359653,0.0
1034,0.987345833561605,0.012,15.79753333698568,0.0
1035,0.9850945354280493,0.012,15.761512566848788,0.0
1036,0.9873480684194604,0.012,15.797569094711367,0.0
1037,0.9861048028177386,0.012,15.777676845083818,0.0
1038,0.987991729845659,0.012,15.807867677530544,0.0
1039,0.9885086820646659,0.012,15.816138913034655,0.0
1040,0.9878087927895369,0.012,15.80494068463259,0.0
1041,0.986837791663063,0.012,15.789404666609007,0.0
1042,0.9879195185138167,0.012,15.806712296221066,0.0
1043,0.991032726653934,0.012,15.856523626462945,0.0
1044,0.9920141112842177,0.012,15.872225780547483,0.0
1045,0.9897274499302104,0.012,15.835639198883367,0.0
1046,0.9874925949986355,0.012,15.799881519978168,0.0
1047,0.9867943550098973,0.012,15.788709680158357,0.0
1048,0.9884302182889345,0.012,15.814883492622952,0.0
1049,0.9859787488282421,0.012,15.775659981251874,0.0
1050,0.9875831007619928,0.012,15.801329612191886,0.0
1051,0.9854021488853483,0.012,15.766434382165572,0.0
1052,0.9879893807918996,0.012,15.807830092670393,0.0
1053,0.9873193866068563,0.012,15.7971101857097,0.0
1054,0.9882803512410996,0.012,15.812485619857593,0.0
1055,0.9875196423539605,0.012,15.800314277663368,0.0
1056,0.9881669058142193,0.012,15.810670493027509,0.0
1057,0.9861098745302502,0.012,15.777757992484004,0.0
1058,0.9851927009058035,0.012,15.763083214492855,0.0
1059,0.9834034697934101,0.012,15.734455516694561,0.0
1060,0.9856348238791717,0.012,15.770157182066747,0.0
1061,0.987291916586453,0.012,15.796670665383248,0.0
1062,0.98607586167355,0.012,15.7772137867768,0.0
1063,0.9857099785505776,0.012,15.771359656809242,0.0
1064,0.9849374353953154,0.012,15.758998966325047,0.0
1065,0.9864087509836162,0.012,15.78254001573786,0.0
1066,0.9868624392646345,0.012,15.789799028234151,0.0
1067,0.9876814829979172,0.012,15.802903727966676,0.0
1068,0.9889148708397542,0.012,15.822637933436067,0.0
1069,0.992283355943745,0.012,15.87653369509992,0.0
1070,0.9908458238710979,0.012,15.853533181937566,0.0
1071,0.9899800570296895,0.012,15.839680912475032,0.0
1072,0.9889423853185457,0.012,15.823078165096732,0.0
1073,0.9892793526953255,0.012,15.828469643125208,0.0
1074,0.9886203009562219,0.012,15.81792481529955,0.0
1075,0.988925254849497,0.012,15.822804077591952,0.0
1076,0.990884747977666,0.012,15.854155967642656,0.0
1077,0.9905589087868262,0.012,15.848942540589219,0.0
1078,0.9894673564152772,0.012,15.831477702644435,0.0
1079,0.9921904348351348,0.012,15.875046957362157,0.0
1080,0.9926569408149395,0.012,15.882511053039032,0.0
1081,0.9911898128355741,0.012,15.859037005369185,0.0
1082,0.9909787245450752,0.012,15.855659592721203,0.0
1083,0.9899826526298203,0.012,15.839722442077125,0.0
1084,0.9897077347239018,0.012,15.83532375558243,0.0
1085,0.991566762162029,0.012,15.865068194592464,0.0
1086,0.9927984573746188,0.012,15.8847753179939,0.0
1087,0.9921311701735852,0.012,15.874098722777363,1.4066744496909946e-06
1088,0.9918134326917515,0.012,15.869014923068024,0.0
1089,0.9915958137145287,0.012,15.865533019432458,0.0
1090,0.9893824592325311,0.012,15.830119347720498,0.0
1091,0.9919413525322257,0.012,15.871061640515611,0.0
1092,0.9901847331156172,0.012,15.842955729849875,0.0
1093,0.9915272664258022,0.012,15.864436262812836,0.0
1094,0.9906171987004728,0.012,15.849875179207565,0.0
1095,0.9887594666132983,0.012,15.820151465812772,0.0
1096,0.9885852260352043,0.012,15.817363616563268,0.0
1097,0.9877207203489392,0.012,15.803531525583027,0.0
1098,0.9878534489617918,0.012,15.80565518338867,0.0
1099,0.9880988313562942,0.012,15.809581301700707,0.0
1100,0.9874167725059603,0.012,15.798668360095364,0.0
1101,0.986720629816296,0.012,15.787530077060737,3.706737361340248e-05
1102,0.9849052968081143,0.012,15.75848474892983,0.0
1103,0.9854586974662822,0.012,15.767339159460516,0.0
1104,0.9894940986633155,0.012,15.831905578613048,0.0
1105,0.9882131132061829,0.012,15.811409811298926,0.0
1106,0.9885715232826684,0.012,15.817144372522694,0.0
1107,0.989697242850168,0.012,15.835155885602688,0.0
1108,0.9894362892742086,0.012,15.830980628387337,0.0
1109,0.9902221828084873,0.012,15.843554924935797,0.0
1110,0.9873681397400305,0.012,15.797890235840487,0.0
1111,0.9883355650454182,0.012,15.813369040726691,0.0
1112,0.9856217954482968,0.012,15.769948727172748,0.0
1113,0.9827637206207231,0.012,15.72421952993157,0.0
1114,0.981522560930655,0.012,15.70436097489048,0.0
1115,0.9814570041635448,0.012,15.703312066616716,0.0
1116,0.9816075291045171,0.012,15.705720465672274,0.0
1117,0.9852697668152934,0.012,15.764316269044695,0.0
1118,0.9850339280112281,0.012,15.76054284817965,0.0
1119,0.9839924163082718,0.012,15.74387866093235,0.0
1120,0.9827383744401784,0.012,15.723813991042855,0.0
1121,0.9846530964763877,0.012,15.754449543622203,5.5240727364596525e-05
1122,0.9866901485588665,0.012,15.787042376941864,0.0
1123,0.9857015810247317,0.012,15.771225296395707,0.0
1124,0.9865639547353361,0.012,15.785023275765377,0.0
1125,0.9894025862003241,0.012,15.830441379205185,0.0
1126,0.9883663509521284,0.012,15.813861615234055,0.0
1127,0.9914149426631956,0.012,15.86263908261113,0.0
1128,0.9901742130371686,0.012,15.842787408594697,0.0
1129,0.9891882116240833,0.012,15.827011385985333,5.728436255032516e-06
1130,0.9879916110277196,0.012,15.807865776443514,0.0
1131,0.9878989724954876,0.012,15.806383559927802,0.0
1132,0.9863850782391497,0.012,15.782161251826395,0.0
1133,0.9875933318318451,0.012,15.801493309309521,0.0
1134,0.9862562342600972,0.012,15.780099748161556,0.0
1135,0.9847340350451212,0.012,15.75574456072194,0.0
1136,0.983400447809853,0.012,15.734407164957648,0.0
1137,0.986405252941216,0.012,15.782484047059455,0.0
1138,0.9864416310509102,0.012,15.783066096814563,0.0
1139,0.9860423750338404,0.012,15.776678000541446,0.0
1140,0.9880067624353803,0.012,15.808108198966085,0.0
1141,0.9871020997123449,0.012,15.793633595397518,0.0
1142,0.9854081546878625,0.012,15.7665304750058,0.0
1143,0.982222331779931,0.012,15.715557308478896,0.0
1144,0.9824341491249132,0.012,15.718946385998612,0.0
1145,0.9803638049635215,0.012,15.685820879416344,0.0
1146,0.9800684551295881,0.012,15.681095282073409,0.0
1147,0.9798248002866522,0.012,15.677196804586435,0.0
1148,0.9815291522848312,0.012,15.704466436557299,0.0
1149,0.9817023961164816,0.012,15.707238337863705,0.0
1150,0.9835749333567081,0.012,15.73719893370733,0.0
1151,0.983873674168513,0.012,15.741978786696208,0.0
1152,0.9832071731435528,0.012,15.731314770296844,0.0
1153,0.9822103921275585,0.012,15.715366274040935,0.0
1154,0.9831006932010498,0.012,15.729611091216796,0.0
1155,0.9841112853671775,0.012,15.74578056587484,0.0
1156,0.9846148239299843,0.012,15.75383718287975,0.0
1157,0.9839458478112414,0.012,15.743133564979862,0.0
1158,0.9835518954310407,0.012,15.736830326896651,0.0
1159,0.9849573870984786,0.012,15.759318193575657,0.0
1160,0.9827259004491338,0.012,15.72361440718614,0.0
1161,0.9824632503383183,0.012,15.719412005413092,0.0
1162,0.9829196647594233,0.012,15.726714636150772,0.0
1163,0.9805374573313614,0.012,15.688599317301783,0.0
1164,0.9809781748291132,0.012,15.695650797265811,0.0
1165,0.9796187378162379,0.012,15.673899805059806,0.0
1166,0.9788072317559722,0.012,15.660915708095555,0.0
1167,0.9799280142672874,0.012,15.678848228276598,0.0
1168,0.9797646707386565,0.012,15.676234731818504,0.0
1169,0.978239792167966,0.012,15.651836674687456,0.0
1170,0.9757395394132862,0.012,15.611832630612579,0.0
1171,0.9753727612469559,0.012,15.605964179951295,0.0
1172,0.9776405580090657,0.012,15.642248928145051,0.0
1173,0.9769594718341434,0.012,15.631351549346295,0.0
1174,0.9765016637729649,0.012,15.624026620367438,0.0
1175,0.9768286125322369,0.012,15.62925780051579,0.0
1176,0.9776916370435711,0.012,15.643066192697137,0.0
1177,0.976980927308516,0.012,15.631694836936257,0.0
1178,0.976276008955807,0.012,15.620416143292912,0.0
1179,0.9756089937274188,0.012,15.609743899638701,0.0
1180,0.9780904528833868,0.012,15.649447246134189,0.0
1181,0.9759680638159961,0.012,15.615489021055938,0.0
1182,0.9764860358130134,0.012,15.623776573008215,0.0
1183,0.976189156996441,0.012,15.619026511943057,0.0
1184,0.9776744985443889,0.012,15.642791976710223,0.0
1185,0.9786910312354489,0.012,15.659056499767182,0.0
1186,0.9756862883660217,0.012,15.610980613856347,0.0
1187,0.9761931240751636,0.012,15.619089985202617,0.0
1188,0.9761528033436994,0.012,15.61844485349919,0.0
1189,0.977181439643312,0.012,15.634903034292993,0.0
1190,0.9788451180639678,0.012,15.661521889023485,0.0
1191,0.9790855523023932,0.012,15.665368836838292,0.0
1192,0.9800961329120992,0.012,15.681538126593587,0.00010178478257822558
1193,0.9775961490052758,0.012,15.641538384084413,0.0
1194,0.9801662207383766,0.012,15.682659531814025,0.0
1195,0.9797877777808062,0.012,15.676604444492899,0.0
1196,0.9803532162684047,0.012,15.685651460294475,0.0
1197,0.9794156142870665,0.012,15.670649828593064,0.0
1198,0.9799984998382707,0.012,15.679975997412331,0.0
1199,0.9810451759100902,0.012,15.696722814561443,0.0
1200,0.9833939010727896,0.012,15.734302417164633,0.0
1201,0.9827687585845885,0.012,15.724300137353415,0.0
1202,0.9807238514225181,0.012,15.691581622760289,0.0
1203,0.9792081828723928,0.012,15.667330925958284,0.0
1204,0.9806909552544558,0.012,15.691055284071293,0.0
1205,0.9798225387816011,0.012,15.677160620505617,0.0
1206,0.9797327439283265,0.012,15.675723902853225,0.0
1207,0.9782839895606349,0.012,15.652543832970158,0.0
1208,0.9781184570597586,0.012,15.649895312956138,0.0
1209,0.9779726487993,0.012,15.6475623807888,0.0
1210,0.9789860283010499,0.012,15.663776452816798,0.0
1211,0.9803994185056333,0.012,15.686390696090132,0.0
1212,0.9786433400129596,0.012,15.658293440207354,0.0
1213,0.978682939073117,0.012,15.658927025169872,0.0
1214,0.9773514707280865,0.012,15.637623531649384,0.0
1215,0.9792623296420819,0.012,15.66819727427331,0.0
1216,0.9794595172931246,0.012,15.671352276689994,0.0
1217,0.9784953895246623,0.012,15.655926232394597,0.0
1218,0.9766817382112897,0.012,15.626907811380635,0.0
1219,0.9760879782532729,0.012,15.617407652052366,0.0
1220,0.9777363879725097,0.012,15.643782207560156,0.0
1221,0.9775996898958654,0.012,15.641595038333847,0.0
1222,0.976523790160758,0.012,15.624380642572127,0.0
1223,0.9792705296916844,0.012,15.66832847506695,0.0
1224,0.9796466130547586,0.012,15.674345808876138,0.0
1225,0.9784500629020482,0.012,15.65520100643277,0.0
1226,0.9780489771344555,0.012,15.648783634151288,0.0
1227,0.9787278071745895,0.012,15.659644914793432,0.0
1228,0.9812816370862701,0.012,15.700506193380322,0.0
1229,0.9810281833670553,0.012,15.696450933872885,0.0
1230,0.9812449714342083,0.012,15.699919542947333,0.0
1231,0.9813927058075379,0.012,15.702283292920606,0.0
1232,0.9807049506271531,0.012,15.69127921003445,0.0
1233,0.9775640988144758,0.012,15.641025581031613,0.0
1234,0.9776509700953048,0.012,15.642415521524876,0.0
1235,0.9771389096621576,0.012,15.63422255459452,0.0
1236,0.9766901542110128,0.012,15.627042467376205,0.0
1237,0.9781777829739099,0.012,15.650844527582558,0.0
1238,0.9768137607569181,0.012,15.629020172110689,0.0
1239,0.9779065170852743,0.012,15.646504273364389,0.0
1240,0.9796392756746594,0.012,15.67422841079455,0.0
1241,0.9809497782235297,0.012,15.695196451576475,0.0
1242,0.9801776937248226,0.012,15.68284309959716,0.0
1243,0.9794315196229754,0.012,15.670904313967606,0.0
1244,0.9811250447165576,0.012,15.698000715464921,0.0
1245,0.9820419006604288,0.012,15.712670410566862,0.0
1246,0.9822763726122813,0.012,15.7164219617965,0.0
1247,0.9823050421107488,0.012,15.71688067377198,0.0
1248,0.9814755538888763,0.012,15.703608862222021,0.0
1249,0.9818575289031988,0.012,15.70972046245118,0.0
1250,0.9806297451662594,0.012,15.690075922660151,0.0
1251,0.9793541283792648,0.012,15.669666054068237,0.0
1252,0.9816411332343139,0.012,15.706258131749022,0.0
1253,0.9821764110443136,0.012,15.714822576709018,0.0
1254,0.9811413395573018,0.012,15.698261432916828,0.0
1255,0.9806454962648857,0.012,15.690327940238172,0.0
1256,0.9835861478806177,0.012,15.737378366089883,0.0
1257,0.9832179050284844,0.012,15.73148648045575,0.0
1258,0.9822962862706889,0.012,15.716740580331022,0.0
1259,0.9842632345568643,0.012,15.748211752909828,0.0
1260,0.9829537442990199,0.012,15.727259908784319,0.0
1261,0.9811443933879781,0.012,15.69831029420765,0.0
1262,0.9808217243085676,0.012,15.693147588937082,0.0
1263,0.9806749125365184,0.012,15.690798600584294,0.0
1264,0.9799144308323579,0.012,15.678630893317726,0.0
1265,0.9817266285200299,0.012,15.707626056320478,0.0
1266,0.9834142744294354,0.012,15.734628390870967,0.0
1267,0.9814230695818338,0.012,15.70276911330934,0.0
1268,0.9798148760900528,0.012,15.677038017440845,0.0
1269,0.979393165103491,0.012,15.670290641655855,0.0
1270,0.980720322233201,0.012,15.691525155731217,0.0
1271,0.9804490243447115,0.012,15.687184389515384,0.0
1272,0.982012201416735,0.012,15.71219522266776,0.0
1273,0.9820498079508152,0.012,15.712796927213043,0.0
1274,0.9840571749550018,0.012,15.744914799280028,0.0
1275,0.9831395913924249,0.012,15.730233462278798,0.0
1276,0.9846446019443407,0.012,15.75431363110945,0.0
1277,0.98458969239487,0.012,15.75343507831792,0.0
1278,0.9843607689766012,0.012,15.749772303625619,0.0
1279,0.983235509680598,0.012,15.731768154889568,0.0
1280,0.9865584255689573,0.012,15.784934809103317,0.0
1281,0.9872598979253835,0.012,15.796158366806136,0.0001340291282565803
1282,0.9892179238006763,0.012,15.82748678081082,0.0
1283,0.9873256675831015,0.012,15.797210681329624,0.0
1284,0.9872634311026971,0.012,15.796214897643154,0.0
1285,0.9860680650375789,0.012,15.777089040601263,0.0
1286,0.9855873702076565,0.012,15.769397923322504,0.0
1287,0.9878240192404639,0.012,15.805184307847423,0.0
1288,0.9887287716643961,0.012,15.819660346630338,0.0
1289,0.9909533347355464,0.012,15.855253355768742,0.0
1290,0.9916427467476001,0.012,15.866283947961602,0.0
1291,0.9935734760493564,0.012,15.897175616789703,0.0
1292,0.9937811204873288,0.012,15.900497927797261,0.0
1293,0.9917726571261142,0.012,15.868362514017827,0.0
1294,0.9945964934224972,0.012,15.913543894759956,0.0
1295,0.9936524907640899,0.012,15.898439852225438,0.0
1296,0.9933541343758663,0.012,15.89366615001386,0.0
1297,0.9943409221574132,0.012,15.909454754518611,0.0
1298,0.9961339033579348,0.012,15.938142453726957,0.0
1299,0.9964263880322523,0.012,15.942822208516036,0.0
1300,0.9967339019449705,0.012,15.947742431119527,0.0
1301,0.9983612718553826,0.012,15.973780349686121,0.0
1302,0.9972227529086588,0.012,15.95556404653854,0.0
1303,0.9954296872852082,0.012,15.926874996563331,0.0
1304,0.99591754955177,0.012,15.93468079282832,0.0
1305,0.9967108055724534,0.012,15.947372889159254,0.0
1306,0.9980583179448758,0.012,15.968933087118012,0.0
1307,1.0002444442903347,0.012,16.003911108645354,0.0
1308,1.0004287112770092,0.012,16.006859380432147,0.0
1309,0.9974791283706966,0.012,15.959666053931146,0.0
1310,0.9944909100763943,0.012,15.91185456122231,0.0
1311,0.9971988526382112,0.012,15.955181642211379,0.0
1312,0.997035038944907,0.012,15.952560623118512,0.0
1313,0.9966701128157052,0.012,15.946721805051283,0.0
1314,0.9958979222732631,0.012,15.93436675637221,0.0
1315,0.9924378341898229,0.012,15.879005347037166,0.0
1316,0.9930804719385553,0.012,15.889287551016885,0.0
1317,0.9946674821767606,0.012,15.91467971482817,0.0
1318,0.9941840516747578,0.012,15.906944826796124,2.5206269499891752e-05
1319,0.9928588457911018,0.012,15.88574153265763,0.0
1320,0.9932176968336636,0.012,15.891483149338617,0.0
1321,0.9932494890598248,0.012,15.891991824957197,0.0
1322,0.9930655143745861,0.012,15.889048229993378,0.0
1323,0.9920850115144237,0.012,15.87336018423078,0.0
1324,0.99060854758748,0.012,15.84973676139968,0.0
1325,0.9912531833295043,0.012,15.860050933272069,0.0
1326,0.9937652940640019,0.012,15.900244705024031,0.0
1327,0.9928932807691964,0.012,15.886292492307142,0.0
1328,0.9926572752222447,0.012,15.882516403555915,0.0
1329,0.9926870472692346,0.012,15.882992756307754,0.0
1330,0.992483211925532,0.012,15.879731390808512,0.0
1331,0.9907205620869872,0.012,15.851528993391796,0.0
1332,0.9905477218343139,0.012,15.848763549349023,0.0
1333,0.9908814706805239,0.012,15.854103530888382,0.0
1334,0.9901458651315197,0.012,15.842333842104315,0.0
1335,0.9916461310202336,0.012,15.866338096323737,0.0
1336,0.991759971250089,0.012,15.868159540001423,0.0
1337,0.9946059406317616,0.012,15.913695050108185,0.0
1338,0.9933923824255352,0.012,15.894278118808563,0.0
1339,0.9951543317074203,0.012,15.922469307318725,0.0
1340,0.9969385838823253,0.012,15.951017342117204,0.0
1341,0.9958592944553513,0.012,15.93374871128562,0.0
1342,0.996403704335705,0.012,15.94245926937128,0.0
1343,0.9951034028060038,0.012,15.921654444896062,0.0
1344,0.9945464241728308,0.012,15.912742786765293,0.0
1345,0.9971021004969168,0.012,15.95363360795067,0.0
1346,0.9972654743109794,0.012,15.956247588975671,0.0
1347,0.996627407533734,0.012,15.946038520539744,0.0
1348,0.9968806303305934,0.012,15.950090085289494,0.0
1349,0.9967111146396205,0.012,15.947377834233928,0.0
1350,0.9989482345827814,0.012,15.983171753324502,0.0
1351,1.0005610284630917,0.012,16.008976455409467,0.0
1352,0.9995585051774873,0.012,15.992936082839798,0.0
1353,1.000919757745282,0.012,16.01471612392451,0.0
1354,0.9992346977074485,0.012,15.987755163319177,0.0
1355,0.9965102301596869,0.012,15.94416368255499,0.0
1356,0.9948124238396269,0.012,15.91699878143403,0.0
1357,0.9967980557911669,0.012,15.94876889265867,8.375548120073694e-05
1358,0.9976981984273082,0.012,15.963171174836932,0.0
1359,0.998802445284244,0.012,15.980839124547904,0.0
1360,0.9979028449732811,0.012,15.966445519572497,0.0
1361,0.9971844199916355,0.012,15.954950719866169,0.0
1362,0.9972797677723146,0.012,15.956476284357034,0.0
1363,0.9967362674894589,0.012,15.947780279831342,0.0
1364,0.9940029038188493,0.012,15.904046461101588,0.0
1365,0.9933050337391085,0.012,15.892880539825736,0.0
1366,0.9895384425068185,0.012,15.832615080109097,0.0
1367,0.9869546464056246,0.012,15.791274342489993,0.0
1368,0.9856147989011966,0.012,15.769836782419146,0.0
1369,0.9866506340413714,0.012,15.786410144661943,0.0
1370,0.9851534990841962,0.012,15.76245598534714,0.0
1371,0.9855954046020184,0.012,15.769526473632295,0.0
1372,0.9863635626156415,0.012,15.781817001850264,0.0
1373,0.9871059006540126,0.012,15.793694410464202,0.0
1374,0.9859230430935655,0.012,15.774768689497048,0.0
1375,0.9814523219383123,0.012,15.703237151012997,0.0
1376,0.9785734436030048,0.012,15.657175097648077,0.0001456664537382654
1377,0.9791753948956596,0.012,15.666806318330554,0.0
1378,0.9809440364447136,0.012,15.695104583115418,0.0
1379,0.9811856838494925,0.012,15.69897094159188,0.0
1380,0.9812495375537744,0.012,15.69999260086039,0.0
1381,0.981968623780333,0.012,15.711497980485328,0.0
1382,0.9821969081601292,0.012,15.715150530562067,0.0
1383,0.9813624019701657,0.012,15.70179843152265,0.0
1384,0.9821524910851287,0.012,15.71443985736206,0.0
1385,0.9814403946682391,0.012,15.703046314691825,0.0
1386,0.9808223689247718,0.012,15.693157902796349,0.0
1387,0.9806866178762961,0.012,15.690985886020737,0.0
1388,0.980910517900801,0.012,15.694568286412816,0.0
1389,0.9823411705535665,0.012,15.717458728857064,0.0
1390,0.9831754187887878,0.012,15.730806700620604,0.0
1391,0.981639947649576,0.012,15.706239162393215,0.0
1392,0.9834797735475765,0.012,15.735676376761225,0.0
1393,0.9813472579897088,0.012,15.70155612783534,0.0
1394,0.9839211023800043,0.012,15.742737638080069,0.0
1395,0.9830343200325539,0.012,15.728549120520862,0.0
1396,0.9831652900465035,0.012,15.730644640744057,0.0
1397,0.9824888800546104,0.012,15.719822080873767,0.0
1398,0.9829573340721688,0.012,15.7273173451547,0.0
1399,0.9845945997275352,0.012,15.753513595640563,0.0
1400,0.9827234547426665,0.012,15.723575275882665,0.0
1401,0.9820498955425563,0.012,15.7127983286809,0.0
1402,0.9825062546281617,0.012,15.720100074050587,0.0
1403,0.9829465593366707,0.012,15.727144949386732,0.0
1404,0.9834081611150899,0.012,15.734530577841438,0.0
1405,0.9849779899482375,0.012,15.7596478391718,0.0
1406,0.9844761135567872,0.012,15.751617816908595,0.0
1407,0.9833364951168182,0.012,15.733383921869091,0.0
1408,0.9837127962536536,0.012,15.739404740058458,0.0
1409,0.9838431020117813,0.012,15.7414896321885,0.0
1410,0.9815577943180799,0.012,15.704924709089278,0.0
1411,0.9808572246317341,0.012,15.693715594107745,0.0
1412,0.9793227345978948,0.012,15.669163753566316,0.0
1413,0.9804283026607234,0.012,15.686852842571575,0.0
1414,0.9810149869954257,0.012,15.69623979192681,0.0
1415,0.9808127062056323,0.012,15.693003299290117,0.0
1416,0.9815612442198091,0.012,15.704979907516945,0.0
1417,0.9792262476729413,0.012,15.667619962767061,0.0
1418,0.978945517726462,0.012,15.663128283623392,0.0
1419,0.9793025998374281,0.012,15.668841597398849,0.0
1420,0.980665082969056,0.012,15.690641327504895,0.0
1421,0.9805998284918536,0.012,15.689597255869657,0.0
1422,0.9798977809150509,0.012,15.678364494640814,0.0002797722877898206
1423,0.9786951882298801,0.012,15.659123011678082,0.0
1424,0.9792249777754257,0.012,15.667599644406812,0.0
1425,0.9775727093724709,0.012,15.641163349959534,0.0
1426,0.9774174029678943,0.012,15.638678447486308,0.0
1427,0.9761460463496592,0.012,15.618336741594547,0.0
1428,0.9772345562262453,0.012,15.635752899619925,0.0
1429,0.9795392169436592,0.012,15.672627471098547,0.0
1430,0.980713870250016,0.012,15.691421924000256,0.0
1431,0.9839155750406429,0.012,15.742649200650286,0.0
1432,0.9827531411436632,0.012,15.724050258298611,0.0
1433,0.980730113311856,0.012,15.691681812989696,0.0
1434,0.9818859040034319,0.012,15.71017446405491,0.0
1435,0.9803170936730836,0.012,15.685073498769338,0.0
1436,0.979644490215246,0.012,15.674311843443936,0.0
1437,0.9794580493702096,0.012,15.671328789923354,0.0
1438,0.9812159010918646,0.012,15.699454417469834,0.0
1439,0.9833123161088493,0.012,15.732997057741589,0.0
1440,0.9816663367595349,0.012,15.706661388152558,0.0
1441,0.9802572902100604,0.012,15.684116643360966,0.0
1442,0.9798049840549666,0.012,15.676879744879466,0.0
1443,0.9771447577704497,0.012,15.634316124327196,0.0
1444,0.9746828602339837,0.012,15.594925763743738,0.0
1445,0.9745435654301653,0.012,15.592697046882645,0.0
1446,0.9750931379443413,0.012,15.60149020710946,0.0
1447,0.9762586378067096,0.012,15.620138204907354,0.0
1448,0.9748542738433381,0.012,15.59766838149341,0.0
1449,0.9740307978227338,0.012,15.584492765163741,0.0
1450,0.9747215397646412,0.012,15.595544636234258,0.0
1451,0.9740460179192275,0.012,15.58473628670764,0.0
1452,0.973724210055388,0.012,15.579587360886208,0.0
1453,0.9724760517011155,0.012,15.559616827217848,0.0
1454,0.9736854481642147,0.012,15.578967170627434,0.0
1455,0.9705427714811644,0.012,15.52868434369863,0.0
1456,0.9715298914250531,0.012,15.54447826280085,0.0
1457,0.9714787507070608,0.012,15.543660011312973,0.0
1458,0.9688437827303054,0.012,15.501500523684886,0.0
1459,0.9661060505355705,0.012,15.457696808569128,0.0
1460,0.9670803401445527,0.012,15.473285442312843,0.0
1461,0.9678896989737162,0.012,15.48623518357946,0.0
1462,0.9671980648378332,0.012,15.475169037405331,0.0
1463,0.968512150060376,0.012,15.496194400966017,0.0
1464,0.969516793626827,0.012,15.512268698029231,0.0
1465,0.9687633949197917,0.012,15.500214318716667,0.0
1466,0.9673344004387604,0.012,15.477350407020166,0.0
1467,0.9644289763130992,0.012,15.430863621009587,0.0
1468,0.9631951395676761,0.012,15.411122233082818,0.0
1469,0.9629741702718277,0.012,15.407586724349244,0.0
1470,0.9647851009146493,0.012,15.436561614634389,0.0
1471,0.9645259453431583,0.012,15.432415125490532,0.0
1472,0.9633326566726401,0.012,15.413322506762242,0.0
1473,0.96354313195475,0.012,15.416690111276,0.0
1474,0.9632475220934827,0.012,15.411960353495724,0.0
1475,0.9638365194260001,0.012,15.421384310816002,0.0
1476,0.9640207528106668,0.012,15.424332044970669,0.0
1477,0.965820677784574,0.012,15.453130844553185,0.0
1478,0.9666265410007038,0.012,15.46602465601126,0.0
1479,0.9680906654964974,0.012,15.489450647943958,0.0
1480,0.9691335831354785,0.012,15.506137330167656,0.0
1481,0.9707121020455153,0.012,15.531393632728244,0.0
1482,0.9701785138536277,0.012,15.522856221658044,0.0
1483,0.971090012579156,0.012,15.537440201266495,0.0
1484,0.9731673462250825,0.012,15.57067753960132,0.0
1485,0.9742936357200339,0.012,15.588698171520543,0.0
1486,0.9730772225481608,0.012,15.569235560770572,0.0
1487,0.973375859654487,0.012,15.574013754471792,0.0
1488,0.9743316407118472,0.012,15.589306251389555,0.0
1489,0.9752887423629856,0.012,15.60461987780777,0.0
1490,0.9743800212402032,0.012,15.59008033984325,0.0
1491,0.9760000000646386,0.012,15.616000001034218,0.0
1492,0.9769176687651321,0.012,15.630682700242113,0.0
1493,0.977750503137344,0.012,15.644008050197504,0.0
1494,0.9775238639368872,0.012,15.640381822990195,0.0
1495,0.9816112040654257,0.012,15.70577926504681,0.0
1496,0.9837472286598927,0.012,15.739955658558284,0.0
1497,0.9820184199230617,0.012,15.712294718768987,0.0
1498,0.9835718836844726,0.012,15.737150138951561,0.0
1499,0.9806328062417771,0.012,15.690124899868433,0.0
1500,0.980114000508683,0.012,15.681824008138928,0.0
1501,0.9783194575528322,0.012,15.653111320845316,0.0
1502,0.9784767088366552,0.012,15.655627341386483,0.0
1503,0.9786947307170387,0.012,15.65911569147262,0.0
1504,0.9808249430429132,0.012,15.693199088686612,0.0
1505,0.9826243614689818,0.012,15.721989783503709,0.0
1506,0.9849234669754836,0.012,15.758775471607738,0.0
1507,0.9881042471353966,0.012,15.809667954166345,0.0
1508,0.98730757887494,0.012,15.79692126199904,0.0
1509,0.9847369147466689,0.012,15.755790635946703,0.0
1510,0.9843772695431738,0.012,15.750036312690781,0.0
1511,0.9877428651089675,0.012,15.80388584174348,0.0
1512,0.9878406966182047,0.012,15.805451145891276,0.0
1513,0.9884404573043131,0.012,15.815047316869009,5.293168109858008e-05
1514,0.9904046796675126,0.012,15.8464748746802,0.0
1515,0.9920270470101761,0.012,15.872432752162817,0.0
1516,0.9922392407232434,0.012,15.875827851571895,0.0
1517,0.9939513262057466,0.012,15.903221219291945,0.0
1518,0.9947927646233778,0.012,15.916684233974046,0.0
1519,0.998648632482363,0.012,15.978378119717808,0.0
1520,0.99815985554944,0.012,15.97055768879104,0.0
1521,0.9988314370248003,0.012,15.981302992396804,0.0
1522,0.9984905514431242,0.012,15.975848823089986,0.0
1523,0.9973712010667729,0.012,15.957939217068366,0.0
1524,0.9973143459613256,0.012,15.95702953538121,0.0
1525,0.9974450652228248,0.012,15.959121043565197,0.0
1526,0.9952230799167718,0.012,15.92356927866835,0.0
1527,0.9959255295276538,0.012,15.93480847244246,0.0
1528,0.9967372400983662,0.012,15.947795841573859,0.0
1529,0.9969597572132488,0.012,15.951356115411981,0.0
1530,0.9966305955992913,0.012,15.946089529588662,0.0
1531,0.996843755574834,0.012,15.949500089197343,0.0
1532,0.9975903857898061,0.012,15.961446172636897,0.0
1533,0.9972763160574823,0.012,15.956421056919718,0.0
1534,0.9962258462673882,0.012,15.939613540278211,0.0
1535,0.9955780796669015,0.012,15.929249274670424,0.0
1536,0.9938643416765294,0.012,15.90182946682447,0.0
1537,0.9907732031469484,0.012,15.852371250351174,4.078681423542866e-05
1538,0.9918204786515988,0.012,15.869127658425581,0.0
1539,0.991286415952025,0.012,15.8605826552324,0.0
1540,0.9906474178398056,0.012,15.85035868543689,0.0
1541,0.9919487221277113,0.012,15.871179554043382,0.0
1542,0.9923651492062238,0.012,15.87784238729958,0.0
1543,0.9932775639410918,0.012,15.892441023057469,0.0
1544,0.989835551490589,0.012,15.837368823849424,0.0
1545,0.9907173358734105,0.012,15.851477373974568,0.0
1546,0.9906952025124,0.012,15.8511232401984,0.0
1547,0.9871608680887272,0.012,15.794573889419635,0.0
1548,0.9854998597772467,0.012,15.767997756435948,0.0
1549,0.9850980373446349,0.012,15.761568597514158,0.0
1550,0.983350589812315,0.012,15.73360943699704,0.0
1551,0.9812422340445554,0.012,15.699875744712886,0.0
1552,0.9799784106383783,0.012,15.679654570214053,0.0
1553,0.9770181284004693,0.012,15.632290054407509,0.0
1554,0.9752203847311214,0.012,15.603526155697942,0.0
1555,0.9719426260317736,0.012,15.551082016508378,0.0
1556,0.9712653371054148,0.012,15.540245393686638,0.0
1557,0.9675388878750321,0.012,15.480622206000513,0.0
1558,0.9689024399699423,0.012,15.502439039519077,0.0
1559,0.9675186290821213,0.012,15.48029806531394,0.0
1560,0.9678883220951369,0.012,15.48621315352219,0.0
1561,0.9676755431326705,0.012,15.482808690122727,0.0
1562,0.9652208738933663,0.012,15.44353398229386,0.0
1563,0.967642158289172,0.012,15.482274532626752,0.0
1564,0.9673189622988223,0.012,15.477103396781157,0.0
1565,0.9678189285109792,0.012,15.485102856175667,0.0
1566,0.9695295682549032,0.012,15.512473092078451,0.0
1567,0.9675890897418226,0.012,15.481425435869161,0.0
1568,0.9677736575762957,0.012,15.484378521220732,0.0
1569,0.9692696487528704,0.012,15.508314380045926,0.0
1570,0.970073325108434,0.012,15.521173201734944,0.0
1571,0.9701196786045079,0.012,15.521914857672126,0.0
1572,0.9702499984454971,0.012,15.523999975127953,0.0
1573,0.9721559440854488,0.012,15.554495105367181,0.0
1574,0.9729967412344649,0.012,15.567947859751438,0.0
1575,0.9699518839224569,0.012,15.51923014275931,0.0
1576,0.9735115165961938,0.012,15.576184265539101,0.0
1577,0.9773760303861604,0.012,15.638016486178566,0.0
1578,0.9764045006317328,0.012,15.622472010107725,0.0
1579,0.9755857661810275,0.012,15.60937225889644,0.0
1580,0.9758958987981825,0.012,15.61433438077092,0.0
1581,0.9772870957005756,0.012,15.63659353120921,0.0
1582,0.9743191283082383,0.012,15.589106052931813,0.0
1583,0.976347016890345,0.012,15.62155227024552,0.0
1584,0.9776051698607051,0.012,15.641682717771282,0.0
1585,0.976595515112892,0.012,15.625528241806272,0.0
1586,0.9768168115815732,0.012,15.629068985305171,0.0
1587,0.9793777297432207,0.012,15.670043675891531,0.0
1588,0.9795111671298422,0.012,15.672178674077475,0.0
1589,0.9814949869171561,0.012,15.703919790674497,0.0
1590,0.980301218582493,0.012,15.684819497319888,0.0
1591,0.9797117259972061,0.012,15.675387615955298,0.0
1592,0.9791980188447758,0.012,15.667168301516412,0.0
1593,0.980841861325974,0.012,15.693469781215583,0.0
1594,0.9806835566897449,0.012,15.690936907035919,0.0
1595,0.9798329871576128,0.012,15.677327794521805,0.00015566599303525367
1596,0.9816536051394099,0.012,15.706457682230559,0.0
1597,0.980750867309294,0.012,15.692013876948703,0.0
1598,0.9827141507448716,0.012,15.723426411917945,0.0
1599,0.9840499436090588,0.012,15.744799097744941,0.0
